area,ciudad,conglomerado,panelm,vivienda,hogar,p01,p02,p03,p04,p05a,p05b,p06,p07,p08,p09,p10a,p10b,p11,p12a,p12b,p15,p15aa,p15ab,cod_inf,p20,p21,p22,p23,p24,p25,p26,p27,p28,p29,p30,p31,p32,p33,p34,p35,p36,p37,p38,p39,p40,p41,p42,p42a,p43,p44a,p44b,p44c,p44d,p44e,p44f,p44g,p44h,p44i,p44j,p44k,p45,p46,p47a,p47b,p48,p49,p50,p51a,p51b,p51c,p52,p53,p54,p54a,p55,p56a,p56b,p57,p58,p61b1,p63,p64a,p64b,p65,p66,p67,p68a,p68b,p69,p70a,p70b,p71a,p71b,p72a,p72b,p73a,p73b,p74a,p74b,p75,p76,p77,p78,sd01,sd021,sd022,sd023,sd024,sd025,sd026,sd027,sd028,sd029,sd0210,sd0211,sd03,ced01a,estrato,fexp,nnivins,ingrl,ingpc,condact,empleo,desempleo,secemp,grupo1,rama1,prov,dominio,pobreza,epobreza,upm,id_vivienda,id_hogar,id_persona,periodo,mes
1,170150,170150,55,1,1,1,2,20,1,1,6,6,1,6, ,7,3, , , ,6,2,160150,1,1, , , ,40, ,1,4, , , , , , , , , , , , ,4772,5223,2, ,2,2,2,2,1,1,1,2,2,2,1,1,1,1,2, , , ,1,40, , , , , , , , , , , ,1, , , , ,420,50,1,6, , , ,2, ,2, ,2, ,2, ,2, ,2, , , , , , , , , , , , , , ,1,2512,"23,2175036764426",4,476.0,476,1,1, ,1,5,7,17,1,0,0,170150033902,1701500339020550102,17015003390205501102,1701500339020550110102,202502,2
1,170352,170352,67,5,1,3,2,21,3,10,10,6,1,1, ,8,1, ,2, ,4,1, ,1,2,12,2, , , , , , , , , ,11, ,9, ,3, , , , , , , , , , , , , , , , , , , , , , , , , , , , , , , , , , , , , , ,5, , , , , , , , , , , ,2, ,2, ,1,100,2, ,2, ,2, , , , , , , , , , , , , , ,1,1711,"129,008460084534",5,0.0,"63,3333333333333",9, , , , , ,17,6,1,0,170352019702,1703520197020670506,17035201970206705106,1703520197020670510306,202506,6
2,170353,170353,76,1,1,3,2,22,3,10,10,5,2, ,11,7,3, , , ,6,2,130150,1,2,12,2, , , , , , , , , ,11, ,8, ,4, , , , , , , , , , , , , , , , , , , , , , , , , , , , , , , , , , , , , , ,5, , , , , , , , , , , ,2, ,2, ,2, ,2, ,2, ,2, , , , , , , , , , , , , , ,1,1722,"36,6859342077284",4,0.0,"164,285714285714",9, , , , , ,17,6,0,0,170353900302,1703539003020760112,17035390030207601112,1703539003020760110312,202512,12
2,170353,170353,73,9,1,7,2,21,3,10,10,6,2, ,3,7,3, , , ,2,1, ,1,2,12,2, , , , , , , , , ,11, ,7,1, ,2, , , , , , , , , , , , , , , , , , , , , , , , , , , , , , , , , , , , , ,5, , , , , , , , , , , ,2, ,2, ,2, ,2, ,2, ,2, ,2,2,2,1,1,2,2,2,2,2,2,2,8,1,1722,"29,9333903779381",4,0.0,"133,333333333333",8, ,1, , , ,17,6,0,0,170353900201,1703539002010730909,17035390020107309109,1703539002010730910709,202509,9
2,170255,170255,75,4,1,2,1,23,5,10,10,6,2, ,7,1, ,2, , ,6,1, ,1,2,12,2, , , , , , , , , ,11, ,11, ,5, , , , , , , , , , , , , , , , , , , , , , , , , , , , , , , , , , , , , , ,5, , , , , , , , , , , ,2, ,2, ,2, ,2, ,2, ,2, , , , , , , , , , , , , , ,1,1723,"43,5657368727752",1,0.0,"2,5",9, , , , , ,17,6,1,1,170255900802,1702559008020750411,17025590080207504111,1702559008020750410211,202511,11
1,170150,170150,70,2,1,2,1,25,7,1,10,6,2, ,2,8,3, ,1,20710505,6,2,121050,1,1, , , ,40, ,1,4, , , , , , , , , , , , ,5223,3155,2, ,3,1,2,1,1,1,1,2,2,2,1,1,2,1,2, , , ,1,40, , , , , , , , , , , ,1, , , , ,740,80,1,100, , , ,2, ,2, ,2, ,2, ,2, ,2, , , , , , , , , , , , , , ,1,2512,"17,9074333965316",5,920.0,"607,5",1,1, ,1,3,8,17,1,0,0,170150355906,1701503559060700209,17015035590607002109,1701503559060700210209,202509,9
1,170150,170150,64,7,1,2,2,18,3,10,10,6,1,2, ,7,3, , , ,6,1, ,1,2,12,2, , , , , , , , , ,11, ,9, ,3, , , , , , , , , , , , , , , , , , , , , , , , , , , , , , , , , , , , , , ,5, , , , , , , , , , , ,2, ,2, ,2, ,2, ,2, ,2, , , , , , , , , , , , , , ,1,2512,"250,413896917991",4,0.0,"183,333333333333",9, , , , , ,17,1,0,0,170150356803,1701503568030640706,17015035680306407106,1701503568030640710206,202506,6
1,170150,170150,63,1,1,4,1,25,7,1,10,6,2, ,2,9,5, ,1,30710602,6,1, ,2,1, , , ,40, ,1,2,1,20,3,4, , , , , , , , ,4520,2144,2, ,2,2,2,2,1,2,1,2,2,2,1,1,1,1,1,5,1,1,1,40, , , , , , , , , , , ,1, , , , ,420,43,2, , , , ,2, ,2, ,2, ,2, ,2, ,2, , , , , , , , , , , , , , ,3,2513,"68,4931964427148",5,463.0,"236,5",3,1, ,1,2,7,17,1,0,0,170150062402,1701500624020630102,17015006240206301102,1701500624020630110402,202502,2
1,170150,170150,70,7,1,3,2,22,3,10,10,6,1,6, ,9,3, ,2, ,6,1, ,2,2,12,2, , , , , , , , , ,8,52, , , ,2, , , , , , , , , , , , , , , , , , , , , , , , , , , , , , , , , , , , , ,5, , , , , , , , , , , ,2, ,2, ,2, ,2, ,2, ,2, ,2,2,1,1,2,2,2,2,2,2,2,2,8,1,2513,"51,3848048283161",5,0.0,87,7, ,1, , , ,17,1,1,0,170150035601,1701500356010700712,17015003560107007112,1701500356010700710312,202512,12
1,170150,170150,67,8,1,3,1,23,3,4,10,6,2, ,2,8,3, ,1,21030104,6,1, ,3,1, , , ,40, ,1,4, , , , , , , , , , , , ,8422,210,1, ,1,2,2,2,1,2,1,2,2,2,1,1,2,1,2, , , ,1,40, , , , , , , , , , , ,4, , , , ,920,210,2, , , , ,2, ,2, ,2, ,2, ,2, ,2, , , , , , , , , , , , , , ,1,2511,"21,586270773617",5,1130.0,"763,333333333333",1,1, ,1,10,15,17,1,0,0,170150089704,1701500897040670806,17015008970406708106,1701500897040670810306,202506,6
2,170184,170184,70,6,1,3,1,23,7,1,10,6,2, ,11,7,3, , , ,6,2,50150,2,1, , , ,40, ,1,4, , , , , , , , , , , , ,4520,7231,2, ,2,2,2,2,1,2,1,2,2,2,1,1,3,1,1,5,2,1,1,40, , , , , , , , , , , ,1, , , , ,425,45,2, , , , ,2, ,2, ,2, ,2, ,2, ,2, , , , , , , , , , , , , , ,1,1723,"32,517821314999",4,470.0,470,1,1, ,1,7,7,17,6,0,0,170184906503,1701849065030700612,17018490650307006112,1701849065030700610312,202512,12
1,170150,170150,62,2,1,3,1,22,3,10,10,6,1,1, ,9,1, ,2, ,6,1, ,1,1, , , ,20,1, ,4, , , , , , , , , , , , ,4711,5223,2, ,3,2,2,2,2,2,2,2,2,2,2,2,0,1,2, , , ,1,20, , , , , , , , , , , ,5, , , , ,300,0,2, , , , ,2, ,2, ,2, ,2, ,2, ,2, , , , , , , , , , , , , , ,1,2512,"118,307464092195",5,300.0,"411,428571428571",4,1, ,1,5,7,17,1,0,0,170150297402,1701502974020620201,17015029740206202101,1701502974020620210301,202501,1
1,170150,170150,68,4,1,2,1,23,3,10,10,6,2, ,3,7,3, , , ,6,1, ,1,1, , , ,40, ,1,4, , , , , , , , , , , , ,4520,7231,2, ,3,1,2,2,2,2,2,2,2,1,2,2,2,1,1,3,1,1,1,40, , , , , , , , , , , ,5, , , , ,460,0,1,75, , , ,2, ,2, ,2, ,2, ,2, ,2, , , , , , , , , , , , , , ,1,2513,"41,7512639789908",4,535.0,164,1,1, ,1,7,7,17,1,0,0,170150369402,1701503694020680407,17015036940206804107,1701503694020680410207,202507,7
1,170150,170150,69,6,1,2,2,22,3,2,10,6,2, ,7,7,3, , , ,6,1, ,1,2,12,2, , , , , , , , , ,11, ,11, ,5, , , , , , , , , , , , , , , , , , , , , , , , , , , , , , , , , , , , , , ,2, , , , , , , , , , , ,2, ,2, ,2, ,2, ,2, ,2, , , , , , , , , , , , , , ,1,2512,"51,5510002235855",4,0.0,"482,5",9, , , , , ,17,1,0,0,170150093701,1701500937010690611,17015009370106906111,1701500937010690610211,202511,11
1,170150,170150,76,4,1,3,1,29,3,1,10,6,2, ,2,9,5, ,1,30910205,6,1, ,4,1, , , ,40, ,1,4, , , , , , , , , , , , ,8610,2211,1, ,1,1,2,2,1,2,1,2,2,1,1,1,1,1,2, , , ,1,40, , , , , , , , , , , ,1, , , , ,2000,120,1,65, , , ,2, ,2, ,2, ,2, ,2, ,2, , , , , , , , , , , , , , ,1,2511,"15,2486391023179",5,2185.0,"1117,5",1,1, ,1,2,17,17,1,0,0,170150074901,1701500749010760412,17015007490107604112,1701500749010760410312,202512,12
1,170150,170150,65,4,1,2,2,29,3,2,10,6,2, ,2,9,4, ,1,31020202,6,1, ,2,1, , , ,40, ,1,4, , , , , , , , , , , , ,8690,2264,6,2, , , , , , , , , , , , ,3,8,1,1,2,1,1,40, , , , , , , , , , , ,2,600,2, ,150, , , , , , , ,2, ,2, ,2, ,2, ,2, ,2, , , , , , , , , , , , , , ,1,2511,"21,1845254590289",5,450.0,625,4,1, ,1,2,17,17,1,0,0,170150002106,1701500021060650404,17015000210606504104,1701500021060650410204,202504,4
1,170155,170155,73,2,1,3,1,20,3,10,10,6,1,1, ,7,3, , , ,6,1, ,2,2,12,2, , , , , , , , , ,11, ,9, ,3, , , , , , , , , , , , , , , , , , , , , , , , , , , , , , , , , , , , , , ,5, , , , , , , , , , , ,2, ,2, ,2, ,2, ,2, ,2, , , , , , , , , , , , , , ,1,1713,"57,0666071483021",4,0.0,200,9, , , , , ,17,6,0,0,170155020903,1701550209030730209,17015502090307302109,1701550209030730210309,202509,9
1,170150,170150,53,1,1,4,2,20,7,10,10,6,1,5, ,7,3, , , ,6,1, ,2,2,12,2, , , , , , , , , ,11, ,9, ,3, , , , , , , , , , , , , , , , , , , , , , , , , , , , , , , , , , , , , , ,5, , , , , , , , , , , ,2, ,2, ,2, ,2, ,2, ,2, , , , , , , , , , , , , , ,1,2511,"41,2515111243099",4,0.0,"151,25",9, , , , , ,17,1,0,0,170150387501,1701503875010530101,17015038750105301101,1701503875010530110401,202501,1
1,170150,170150,72,1,1,2,1,20,3,10,10,6,1,5, ,7,3, , , ,6,1, ,2,1, , , ,20,1, ,4, , , , , , , , , , , , ,4789,5211,6,2, , , , , , , , , , , , ,1,9,1,1,3,1,1,20, , , , , , , , , , , ,5,400,2, ,300, , , , , , , ,2, ,2, ,2, ,2, ,2, ,2, , , , , , , , , , , , , , ,1,2512,"34,6259010743386",4,100.0,1015,4,1, ,1,5,7,17,1,0,0,170150260002,1701502600020720108,17015026000207201108,1701502600020720110208,202508,8
1,170150,170150,62,2,1,3,1,19,3,10,10,6,2, ,5,7,3, , , ,6,1, ,3,1, , , ,45, ,1,4, , , , , , , , , , , , ,1622,7115,2, ,2,1,2,2,2,2,2,2,2,2,2,2,2,1,1,3,2,1,1,45, , , , , , , , , , , ,5, , , , ,400,0,1,60, , , ,2, ,2, ,2, ,2, ,2, ,2, , , , , , , , , , , , , , ,1,2512,"24,1481002256975",4,460.0,"367,5",1,1, ,1,7,3,17,1,0,0,170150378105,1701503781050620201,17015037810506202101,1701503781050620210301,202501,1
1,170150,170150,54,2,1,1,1,26,1,1,10,6,2, ,5,7,3, , , ,6,1, ,1,1, , , ,30,1, ,4, , , , , , , , , , , , ,5221,5230,2, ,3,2,2,2,1,2,1,2,2,2,1,1,0,1,1,60,1,1,1,30, , , , , , , , , , , ,1, , , , ,425,45,2, , , , ,2, ,2, ,2, ,2, ,2, ,2, , , , , , , , , , , , , , ,1,2512,"38,6994917371009",4,470.0,345,1,1, ,1,5,8,17,1,0,0,170150380905,1701503809050540207,17015038090505402107,1701503809050540210107,202507,7
1,170151,170151,65,4,1,3,2,21,3,5,10,6,1,1, ,9,3, ,2, ,6,2,170150,2,2,12,2, , , , , , , , , ,11, ,9, ,3, , , , , , , , , , , , , , , , , , , , , , , , , , , , , , , , , , , , , , ,5, , , , , , , , , , , ,2, ,2, ,2, ,2, ,2, ,2, , , , , , , , , , , , , , ,1,1712,"19,9011551153904",5,0.0,1125,9, , , , , ,17,6,0,0,170151004003,1701510040030650407,17015100400306504107,1701510040030650410307,202507,7
1,170150,170150,73,8,1,1,1,28,1,10,10,5,2, ,5,7,2, , , ,6,1, ,2,1, , , ,48, ,1,4, , , , , , , , , , , , ,4781,5211,6,2, , , , , , , , , , , , ,10,4,1,1,3,2,1,48, , , , , , , , , , , ,5,1200,2, ,600, , , , , , , ,2, ,2, ,2, ,2, ,2, ,2, , , , , , , , , , , , , , ,1,2512,"11,567148069235",4,600.0,200,1,1, ,2,5,7,17,1,0,0,170150265703,1701502657030730809,17015026570307308109,1701502657030730810109,202509,9
1,170950,170950,55,3,1,2,2,22,5,10,10,6,2, ,13,7,3, , , ,6,2,90150,2,1, , , ,40, ,1,4, , , , , , , , , , , , ,4771,5223,8, , , , , , , , , , , , , ,0,8,1,4,2,1,1,40, , , , , , , , , , , ,5, , , , , , , , , , , ,2, ,2, ,1,50,2, ,2, ,2, , , , , , , , , , , , , , ,1,1711,"48,025134713134",4,0.0,"233,333333333333",5,1, ,1,5,7,17,6,0,0,170950001001,1709500010010550311,17095000100105503111,1709500010010550310211,202511,11
1,170150,170150,55,9,1,1,1,29,1,1,10,1,2, ,3,9,5, ,2, ,6,1, ,1,1, , , ,40, ,1,4, , , , , , , , , , , , ,1410,3122,2, ,3,2,2,2,1,2,1,2,2,2,1,1,10,1,1,50,1,1,1,40, , , , , , , , , , , ,1, , , , ,600,180,2, , , , ,2, ,2, ,2, ,2, ,2, ,2, , , , , , , , , , , , , , ,1,2512,"17,4383666506276",5,780.0,"660,333333333333",1,1, ,1,3,3,17,1,0,0,170150033902,1701500339020550911,17015003390205509111,1701500339020550910111,202511,11
1,170150,170150,66,8,1,4,2,27,3,1,10,6,2, ,11,9,4, ,2, ,6,1, ,1,1, , , ,35,1, ,4, , , , , , , , , , , , ,9311,5223,2, ,2,2,2,2,1,2,1,2,2,2,1,1,1,1,1,6,1,1,1,35, , , , , , , , , , , ,1, , , , ,380,45,2, , , , ,2, ,2, ,2, ,2, ,2, ,2, , , , , , , , , , , , , , ,1,2511,"21,5600430863647",5,425.0,"223,75",4,1, ,1,5,18,17,1,0,0,170150143801,1701501438010660808,17015014380106608108,1701501438010660810408,202508,8
1,170150,170150,55,3,1,2,2,19,3,10,10,6,2, ,17,7,3, , , ,6,1, ,1,1, , , ,20,1, ,4, , , , , , , , , , , , ,8291,4211,2, ,3,2,2,2,2,2,2,2,2,2,2,2,0,1,1,3,2,1,1,20, , , , , , , , , , , ,5, , , , ,225,0,2, , , , ,2, ,2, ,2, ,2, ,2, ,2, , , , , , , , , , , , , , ,1,2511,"33,5417173911737",4,225.0,"366,666666666667",4,1, ,1,4,14,17,1,0,0,170150187501,1701501875010550302,17015018750105503102,1701501875010550310202,202502,2
1,170150,170150,69,2,1,3,2,19,3,10,10,6,1,1, ,9,1, ,2, ,6,1, ,1,2,12,2, , , , , , , , , ,11, ,9, ,3, , , , , , , , , , , , , , , , , , , , , , , , , , , , , , , , , , , , , , ,5, , , , , , , , , , , ,2, ,2, ,2, ,2, ,2, ,2, , , , , , , , , , , , , , ,1,2513,"168,196785632773",5,0.0,589,9, , , , , ,17,1,0,0,170150335501,1701503355010690211,17015033550106902111,1701503355010690210311,202511,11
2,170184,170184,68,1,1,2,2,22,2,10,10,1,2, ,8,7,3, , , ,6,2,210455,1,2,12,2, , , , , , , , , ,11, ,9, ,4, , , , , , , , , , , , , , , , , , , , , , , , , , , , , , , , , , , , , , ,5, , , , , , , , , , , ,2, ,2, ,2, ,2, ,2, ,2, , , , , , , , , , , , , , ,1,1722,"40,4203831606562",4,0.0,240,9, , , , , ,17,6,0,0,170184905102,1701849051020680110,17018490510206801110,1701849051020680110210,202510,10
1,170150,170150,65,1,1,1,2,24,1,10,10,6,1,6, ,7,3, , , ,6,2,132250,1,1, , , ,40, ,1,4, , , , , , , , , , , , ,9700,9111,10, ,3,1,2,2,2,2,2,2,2,2,2,2,1,8,1,1, , ,1,40, , , , , , , , , , , ,5, , , , ,200,0,1,50, , , ,2, ,2, ,2, ,2, ,2, ,2, , , , , , , , , , , , , , ,1,2512,"263,112213804454",4,250.0,"83,3333333333333",4,1, ,3,9,20,17,1,1,0,170150259305,1701502593050650107,17015025930506501107,1701502593050650110107,202507,7
1,170150,170150,54,4,1,2,2,18,3,10,10,6,1,1, ,7,3, , , ,6,1, ,1,2,12,2, , , , , , , , , ,11, ,9, ,3, , , , , , , , , , , , , , , , , , , , , , , , , , , , , , , , , , , , , , ,5, , , , , , , , , , , ,2, ,2, ,2, ,2, ,2, ,2, , , , , , , , , , , , , , ,1,2513,"36,538420830888",4,0.0,195,9, , , , , ,17,1,0,0,170150252501,1701502525010540407,17015025250105404107,1701502525010540410207,202507,7
2,170750,170750,70,7,1,2,2,27,3,10,10,6,2, ,5,7,2, , , ,6,2,170150,2,1, , , ,40, ,1,4, , , , , , , , , , , , ,129,6112,4, ,6,2,2,2,2,2,2,2,2,2,2,2,5,11,1,5,3,2,1,40, , , , , , , , , , , ,5, , , , ,70,0,2, , , , ,2, ,2, ,2, ,2, ,1,55,2, , , , , , , , , , , , , , ,1,1722,"67,5740173622323",4,70.0,"98,3333333333333",4,1, ,2,6,1,17,6,0,0,170750901802,1707509018020700712,17075090180207007112,1707509018020700710212,202512,12
1,170150,170150,71,1,1,4,1,19,3,10,10,6,2, ,3,7,3, , , ,6,1, ,2,2,12,2, , , , , , , , , ,9,52, , , ,2, , , , , , , , , , , , , , , , , , , , , , , , , , , , , , , , , , , , , ,5, , , , , , , , , , , ,2, ,2, ,2, ,2, ,2, ,2, ,2,2,1,1,1,2,2,2,2,2,2,2,8,1,2513,"75,320594401988",4,0.0,"182,5",7, ,1, , , ,17,1,0,0,170150394802,1701503948020710110,17015039480207101110,1701503948020710110410,202510,10
1,170150,170150,57,2,1,6,1,23,9,10,10,6,2, ,5,7,3, , , ,6,2,110950,2,1, , , ,50, ,1,4, , , , , , , , , , , , ,2813,8181,2, ,3,2,2,1,2,1,2,2,2,2,2,2,0,1,2, , , ,1,50, , , , , , , , , , , ,5, , , , ,500,0,1,70, , , ,2, ,2, ,2, ,2, ,2, ,2, , , , , , , , , , , , , , ,1,2513,"72,012890919853",4,570.0,"337,666666666667",1,1, ,1,8,3,17,1,0,0,170150383403,1701503834030570205,17015038340305702105,1701503834030570210605,202505,5
1,170150,170150,54,6,1,1,2,22,1,1,10,6,1,6, ,7,1, , , ,6,2,80150,4,1, , , ,60, ,1,4, , , , , , , , , , , , ,5610,5120,2, ,3,1,2,2,1,1,1,2,2,2,1,1,1,1,1,15,1,1,1,60, , , , , , , , , , , ,1, , , , ,425,45,1,72, , , ,2, ,2, ,2, ,2, ,2, ,2, , , , , , , , , , , , , , ,1,2513,"39,8702000263696",4,542.0,"136,5",1,1, ,1,5,9,17,1,0,0,170150168602,1701501686020540604,17015016860205406104,1701501686020540610104,202504,4
2,170850,170850,72,7,1,1,2,27,1,10,10,2,2, ,5,5,7,1, , ,2,2,80150,1,1, , , ,30,1, ,4, , , , , , , , , , , , ,8121,9111,6,2, , , , , , , , , , , , ,5,8,1,1,3,2,1,30, , , , , , , , , , , ,5,160,2, ,10, , , , , , , ,2, ,2, ,1,100,2, ,1,55,2, , , , , , , , , , , , , , ,1,1721,"90,043940615601",3,150.0,"101,666666666667",4,1, ,2,9,14,17,6,0,0,170850901701,1708509017010720711,17085090170107207111,1708509017010720710111,202511,11
2,170252,170252,64,3,1,3,1,25,3,10,10,6,2, ,5,7,3, , , ,1,1, ,1,1, , , ,40, ,1,1,1,20,7, , , , , , , , , ,113,6111,6,2, , , , , , , , , , , , ,10,10,1,1,3,2,1,40, , , , , , , , , , , ,5,40,2, ,15, , , , , , , ,2, ,2, ,2, ,2, ,2, ,2, , , , , , , , , , , , , , ,1,1721,"586,60336769635",4,25.0,"40,6",3,1, ,2,6,1,17,6,1,1,170252903602,1702529036020640303,17025290360206403103,1702529036020640310303,202503,3
1,170150,170150,59,3,1,6,1,22,4,1,10,5,2, ,5,7,3, , , ,6,1, ,2,1, , , ,40, ,1,4, , , , , , , , , , , , ,3100,7522,2, ,2,2,2,2,1,2,1,2,2,2,1,1,4,1,1,20,1,1,1,40, , , , , , , , , , , ,1, , , , ,500,45,2, , , , ,2, ,2, ,2, ,2, ,2, ,2, , , , , , , , , , , , , , ,1,2513,"59,7906136531247",4,545.0,"263,571428571429",1,1, ,1,7,3,17,1,0,0,170150024903,1701500249030590303,17015002490305903103,1701500249030590310603,202503,3
1,170150,170150,74,9,1,2,1,20,3,10,10,6,1,5, ,9,1, ,2, ,6,1, ,2,2,12,2, , , , , , , , , ,11, ,9, ,3, , , , , , , , , , , , , , , , , , , , , , , , , , , , , , , , , , , , , , ,5, , , , , , , , , , , ,2, ,2, ,2, ,2, ,2, ,2, , , , , , , , , , , , , , ,1,2512,"81,121149660049",5,0.0,"78,5",9, , , , , ,17,1,1,0,170150156902,1701501569020740910,17015015690207409110,1701501569020740910210,202510,10
1,170150,170150,62,9,1,3,2,19,3,10,10,6,1,5, ,9,1, ,2, ,6,1, ,3,1, , , ,20,7, ,4, , , , , , , , , , , , ,6910,3342,2, ,2,1,2,1,2,2,2,2,2,2,2,2,1,1,1,7,1,1,1,20, , , , , , , , , , , ,5, , , , ,220,0,1,60, , , ,2, ,2, ,1,100,2, ,2, ,2, , , , , , , , , , , , , , ,1,2512,"57,6472539672849",5,280.0,270,4,1, ,1,3,13,17,1,0,0,170150224307,1701502243070620901,17015022430706209101,1701502243070620910301,202501,1
1,170150,170150,40,3,1,1,2,27,1,10,10,6,2, ,5,7,3, , , ,6,1, ,1,1, , , ,12,1, ,1,1,28,7, , , , , , , , , ,9700,9111,10, ,3,2,2,2,2,2,2,2,2,2,2,2,0,8,1,1, , ,1,12, , , , , , , , , , , ,5, , , , ,240,0,2, , , , ,2, ,2, ,2, ,2, ,2, ,2, , , , , , , , , , , , , , ,1,2513,"54,6689728392861",4,240.0,60,2,1, ,3,9,20,17,1,1,0,170150115602,1701501156020400301,17015011560204003101,1701501156020400310101,202501,1
1,170150,170150,68,2,1,3,1,27,3,10,10,6,2, ,5,7,3, , , ,6,1, ,2,2,12,1,7,40, ,1,4, , , , , , , , , , , , ,4922,8322,6,2, , , , , , , , , , , , ,0,3,1,1,3,2,1,40, , , , , , , , , , , ,5,520,2, ,140, , , , , , , ,2, ,2, ,2, ,2, ,2, ,2, , , , , , , , , , , , , , ,1,2513,"32,3336116600753",4,380.0,430,4,1, ,2,8,8,17,1,0,0,170150000503,1701500005030680210,17015000050306802110,1701500005030680210310,202510,10
1,170155,170155,56,4,1,5,2,21,3,10,10,6,1,1, ,9,1, ,2, ,6,1, ,1,2,12,2, , , , , , , , , ,11, ,9, ,3, , , , , , , , , , , , , , , , , , , , , , , , , , , , , , , , , , , , , , ,5, , , , , , , , , , , ,2, ,2, ,2, ,2, ,2, ,2, , , , , , , , , , , , , , ,1,1711,"10,2933145737307",5,0.0,178,9, , , , , ,17,6,0,0,170155019103,1701550191030560405,17015501910305604105,1701550191030560410505,202505,5
1,170180,170180,70,8,1,2,2,23,2,1,5,1,1,3, ,9,1, ,2, ,3,1, ,1,1, , , ,40, ,1,4, , , , , , , , , , , , ,5229,4321,2, ,3,2,2,1,1,1,1,2,2,2,1,1,1,1,2, , , ,1,40, , , , , , , , , , , ,1, , , , ,895,40,1,100, , , ,2, ,2, ,2, ,2, ,2, ,2, , , , , , , , , , , , , , ,1,1713,"63,0377098390867",5,1035.0,945,1,1, ,1,4,8,17,6,0,0,170180115702,1701801157020700809,17018011570207008109,1701801157020700810209,202509,9
1,170150,170150,65,6,1,2,1,19,3,10,10,6,2, ,13,7,3, , , ,6,1, ,1,2,12,2, , , , , , , , , ,11, ,8, ,4, , , , , , , , , , , , , , , , , , , , , , , , , , , , , , , , , , , , , , ,5, , , , , , , , , , , ,2, ,2, ,2, ,2, ,2, ,2, , , , , , , , , , , , , , ,1,2512,"36,2239927065617",4,0.0,"256,666666666667",9, , , , , ,17,1,0,0,170150334202,1701503342020650607,17015033420206506107,1701503342020650610207,202507,7
1,170150,170150,60,5,1,3,1,29,3,1,10,6,2, ,2,9,4, ,1,30410102,6,1, ,1,1, , , ,40, ,1,4, , , , , , , , , , , , ,6419,4312,2, ,3,2,2,2,1,1,1,2,2,2,1,1,0,1,2, , , ,1,40, , , , , , , , , , , ,1, , , , ,700,60,1,8, , , ,2, ,2, ,2, ,2, ,2, ,2, , , , , , , , , , , , , , ,1,2512,"33,5967959554709",5,768.0,"597,666666666667",1,1, ,1,4,11,17,1,0,0,170150120301,1701501203010600506,17015012030106005106,1701501203010600510306,202506,6
1,170180,170180,62,7,1,2,2,24,3,10,10,6,1,2, ,8,3, ,2, ,6,1, ,2,1, , , ,20,7, ,4, , , , , , , , , , , , ,8510,2342,2, ,3,2,2,2,2,2,2,2,2,2,2,2,0,1,1,12,1,1,1,20, , , , , , , , , , , ,5, , , , ,350,0,2, , , , ,2, ,1,130,2, ,2, ,2, ,2, , , , , , , , , , , , , , ,1,1713,"57,9879687389431",5,350.0,350,4,1, ,1,2,16,17,6,0,0,170180119601,1701801196010620704,17018011960106207104,1701801196010620710204,202504,4
1,170150,170150,64,2,1,1,1,24,1,10,10,1,2, ,5,7,3, , , ,1,2,60652,1,1, , , ,40, ,1,4, , , , , , , , , , , , ,4721,7511,2, ,3,2,2,2,2,2,2,2,2,2,2,2,4,1,1,2,3,1,1,40, , , , , , , , , , , ,5, , , , ,470,0,2, , , , ,2, ,2, ,2, ,2, ,2, ,2, , , , , , , , , , , , , , ,1,2511,"44,5994331470706",4,470.0,"156,666666666667",1,1, ,1,7,7,17,1,0,0,170150017402,1701500174020640203,17015001740206402103,1701500174020640210103,202503,3
1,170150,170150,66,3,1,1,2,22,1,10,10,2,2, ,3,7,3, , , ,1,2,50751,1,1, , , ,30,1, ,1,1,20,7, , , , , , , , , ,4721,5223,2, ,3,1,2,2,2,2,2,2,2,2,2,2,0,1,1,5,4,3,1,30, , , , , , , , , , , ,5, , , , ,150,0,1,30, , , ,2, ,2, ,2, ,2, ,1,55,2, , , , , , , , , , , , , , ,1,2512,"97,374502110437",4,180.0,"117,5",2,1, ,4,5,7,17,1,0,0,170150330901,1701503309010660308,17015033090106603108,1701503309010660310108,202508,8
1,170150,170150,55,5,1,1,2,28,1,1,10,5,2, ,5,7,3, , , ,1,2,140150,1,1, , , ,40, ,1,4, , , , , , , , , , , , ,8710,5120,2, ,2,2,2,2,1,1,1,2,2,2,1,1,1,1,1,20,1,1,1,40, , , , , , , , , , , ,1, , , , ,430,44,1,3, , , ,2, ,2, ,2, ,2, ,2, ,2, , , , , , , , , , , , , , ,1,2512,"31,5113193795915",4,477.0,259,1,1, ,1,5,17,17,1,0,0,170150056703,1701500567030550502,17015005670305505102,1701500567030550510102,202502,2
1,170150,170150,74,3,1,4,1,22,7,10,10,6,2, ,5,5,7,1, , ,6,2,110153,1,1, , , ,20,3, ,1,1,30,1,4, , , , , , , , ,4100,9313,4, ,6,2,2,2,2,2,2,2,2,2,2,2,2,2,1,3,2,2,1,20, , , , , , , , , , , ,5, , , , ,280,0,2, , , , ,2, ,2, ,2, ,2, ,2, ,2, , , , , , , , , , , , , , ,1,2513,"28,3285406837809",3,280.0,277,2,1, ,2,9,6,17,1,0,0,170150148404,1701501484040740310,17015014840407403110,1701501484040740310410,202510,10
2,170175,170175,51,7,1,4,2,21,3,10,10,6,2, ,15,7,3, , , ,6,1, ,2,2,12,2, , , , , , , , , ,11, ,9, ,4, , , , , , , , , , , , , , , , , , , , , , , , , , , , , , , , , , , , , , ,5, , , , , , , , , , , ,2, ,2, ,2, ,2, ,1,50,2, , , , , , , , , , , , , , ,1,1722,"54,8978795238009",4,0.0,"114,166666666667",9, , , , , ,17,6,0,0,170175900602,1701759006020510703,17017590060205107103,1701759006020510710403,202503,3
1,170550,170550,62,1,1,3,2,27,3,10,10,6,1,6, ,9,2, ,2, ,6,2,71350,1,2,12,2, , , , , , , , , ,11, ,9, ,3, , , , , , , , , , , , , , , , , , , , , , , , , , , , , , , , , , , , , , ,5, , , , , , , , , , , ,2, ,2, ,2, ,2, ,2, ,2, , , , , , , , , , , , , , ,1,1712,"34,8674822022322",5,0.0,"266,25",9, , , , , ,17,6,0,0,170550039601,1705500396010620104,17055003960106201104,1705500396010620110304,202504,4
1,170155,170155,58,2,1,1,1,21,1,1,10,5,2, ,5,9,1, ,2, ,6,1, ,1,1, , , ,40, ,1,4, , , , , , , , , , , , ,2220,8142,2, ,2,2,2,2,1,1,1,2,2,2,1,1,1,1,2, , , ,1,40, , , , , , , , , , , ,1, , , , ,423,47,1,10, , , ,2, ,2, ,2, ,2, ,2, ,2, , , , , , , , , , , , , , ,1,1713,"85,072661626871",5,480.0,160,1,1, ,1,8,3,17,6,0,0,170155016902,1701550169020580212,17015501690205802112,1701550169020580210112,202512,12
1,170150,170150,73,4,1,1,2,26,1,10,10,5,2, ,11,7,3, , , ,6,1, ,2,2,12,2, , , , , , , , , ,11, ,9, ,4, , , , , , , , , , , , , , , , , , , , , , , , , , , , , , , , , , , , , , ,5, , , , , , , , , , , ,2, ,2, ,1,250,2, ,2, ,2, , , , , , , , , , , , , , ,1,2513,"30,2399285540651",4,0.0,100,9, , , , , ,17,1,0,0,170150004702,1701500047020730409,17015000470207304109,1701500047020730410109,202509,9
1,170155,170155,56,2,1,2,1,28,3,1,10,6,2, ,11,7,3, , , ,4,2,40451,1,1, , , ,40, ,1,4, , , , , , , , , , , , ,5610,4321,2, ,2,1,2,2,1,1,1,2,2,2,1,1,7,1,2, , , ,1,40, , , , , , , , , , , ,1, , , , ,720,65,1,55, , , ,2, ,2, ,2, ,2, ,2, ,2, , , , , , , , , , , , , , ,1,1713,"81,4778329311724",4,840.0,364,1,1, ,1,4,9,17,6,0,0,170155015703,1701550157030560205,17015501570305602105,1701550157030560210205,202505,5
1,170150,170150,58,5,1,3,1,23,3,1,10,6,1,6, ,8,3, ,1,20610303,6,1, ,2,1, , , ,20,7, ,4, , , , , , , , , , , , ,1410,3339,2, ,3,2,2,2,1,2,1,2,2,1,1,1,4,1,1,20,1,1,1,20, , , , , , , , , , , ,1, , , , ,210,25,1,15, , , ,2, ,2, ,2, ,2, ,2, ,2, , , , , , , , , , , , , , ,1,2512,"20,3540381826711",5,250.0,"579,25",4,1, ,1,3,3,17,1,0,0,170150375804,1701503758040580503,17015037580405805103,1701503758040580510303,202503,3
1,170150,170150,72,3,1,2,2,22,3,10,10,6,1,6, ,7,3, , , ,6,1, ,2,2,12,2, , , , , , , , , ,11, ,9, ,3, , , , , , , , , , , , , , , , , , , , , , , , , , , , , , , , , , , , , , ,5, , , , , , , , , , , ,2, ,2, ,2, ,2, ,2, ,2, , , , , , , , , , , , , , ,1,2512,"44,6653983373255",4,0.0,258,9, , , , , ,17,1,0,0,170150300803,1701503008030720311,17015030080307203111,1701503008030720310211,202511,11
1,170156,170156,59,7,1,1,2,29,1,1,10,6,2, ,5,4,6,1, , ,6,3,170,5,1, , , ,48, ,1,4, , , , , , , , , , , , ,4771,5223,2, ,2,2,2,2,1,2,1,2,2,2,1,1,10,1,1,3,2,1,1,48, , , , , , , , , , , ,1, , , , ,470,45,2, , , , ,2, ,2, ,2, ,2, ,2, ,2, , , , , , , , , , , , , , ,1,1712,"108,309376175235",3,515.0,148,1,1, ,1,5,7,17,6,0,0,170156051901,1701560519010590703,17015605190105907103,1701560519010590710103,202503,3
1,170150,170150,73,7,1,5,1,25,3,10,10,6,2, ,5,7,3, , , ,6,1, ,2,1, , , ,40, ,1,4, , , , , , , , , , , , ,4721,5223,2, ,3,1,2,2,2,2,2,2,2,2,2,2,1,1,1,20,1,1,1,40, , , , , , , , , , , ,5, , , , ,470,0,1,50, , , ,2, ,2, ,2, ,2, ,2, ,2, , , , , , , , , , , , , , ,1,2513,"17,252493814091",4,520.0,"326,666666666667",1,1, ,1,5,7,17,1,0,0,170150221502,1701502215020730712,17015022150207307112,1701502215020730710512,202512,12
1,170150,170150,62,10,1,3,1,19,3,10,10,6,1,1, ,9,3, ,2, ,6,3,862,3,2,12,2, , , , , , , , , ,11, ,9, ,3, , , , , , , , , , , , , , , , , , , , , , , , , , , , , , , , , , , , , , ,5, , , , , , , , , , , ,2, ,2, ,2, ,2, ,2, ,2, , , , , , , , , , , , , , ,1,2511,"37,3577558362778",5,0.0,270,9, , , , , ,17,1,0,0,170150192902,1701501929020621001,17015019290206210101,1701501929020621010301,202501,1
2,170550,170550,71,3,1,4,2,21,3,1,10,6,1,2, ,9,2, ,2, ,6,1, ,3,1, , , ,25,1, ,4, , , , , , , , , , , , ,3100,4321,2, ,3,1,2,2,2,2,1,2,2,2,2,2,0,1,2, , , ,1,25, , , , , , , , , , , ,1, , , , ,320,30,1,70, , , ,2, ,2, ,2, ,2, ,2, ,2, , , , , , , , , , , , , , ,1,1722,"42,0967176678583",5,420.0,"582,25",4,1, ,1,4,3,17,6,0,0,170550902002,1705509020020710310,17055090200207103110,1705509020020710310410,202510,10
1,170155,170155,55,6,1,1,1,29,1,10,10,1,1,3, ,9,2, ,2, ,6,2,170150,1,1, , , ,18,1, ,4, , , , , , , , , , , , ,1312,7233,6,2, , , , , , , , , , , , ,1,8,1,1,3,2,1,18, , , , , , , , , , , ,5,0,2, ,0, , , , , , , ,2, ,2, ,2, ,2, ,2, ,2, , , , , , , , , , , , , , ,1,1713,"54,1305132814416",5,0.0,"409,5",4,1, ,2,7,3,17,6,0,0,170155045802,1701550458020550602,17015504580205506102,1701550458020550610102,202502,2
1,170150,170150,60,5,1,3,1,27,3,1,10,6,2, ,3,9,4, ,2, ,6,1, ,2,1, , , ,40, ,1,4, , , , , , , , , , , , ,4752,5223,2, ,2,2,2,2,1,2,1,2,2,2,1,1,3,1,1,5,2,1,1,40, , , , , , , , , , , ,1, , , , ,470,44,2, , , , ,2, ,2, ,2, ,2, ,2, ,2, , , , , , , , , , , , , , ,1,2512,"57,8146035490076",5,514.0,"297,166666666667",1,1, ,1,5,7,17,1,0,0,170150192303,1701501923030600506,17015019230306005106,1701501923030600510306,202506,6
1,170155,170155,70,1,1,3,2,24,3,1,10,6,1,6, ,9,1, ,2, ,6,1, ,3,1, , , ,40, ,1,4, , , , , , , , , , , , ,1920,3343,2, ,2,1,2,2,1,1,1,2,2,2,1,1,2,1,2, , , ,1,40, , , , , , , , , , , ,1, , , , ,423,47,1,73, , , ,2, ,2, ,2, ,2, ,2, ,2, , , , , , , , , , , , , , ,1,1713,"42,3311558690458",5,543.0,"410,75",1,1, ,1,3,3,17,6,0,0,170155039102,1701550391020700112,17015503910207001112,1701550391020700110312,202512,12
1,170150,170150,72,5,1,3,2,21,3,1,10,6,2, ,3,7,3, , , ,6,3,862,3,1, , , ,40, ,1,4, , , , , , , , , , , , ,5610,5131,2, ,2,1,2,1,1,1,1,2,2,2,1,1,2,1,1,8,1,1,1,40, , , , , , , , , , , ,1, , , , ,425,45,1,103, , , ,2, ,2, ,2, ,2, ,2, ,2, , , , , , , , , , , , , , ,1,2511,"20,8717191626633",4,573.0,"434,25",1,1, ,1,5,9,17,1,0,0,170150199502,1701501995020720508,17015019950207205108,1701501995020720510308,202508,8
2,170184,170184,66,2,1,3,1,21,9,10,10,6,1,1, ,9,1, ,2, ,6,3,862,2,2,12,2, , , , , , , , , ,11, ,9, ,3, , , , , , , , , , , , , , , , , , , , , , , , , , , , , , , , , , , , , , ,5, , , , , , , , , , , ,2, ,2, ,1,500,2, ,2, ,2, , , , , , , , , , , , , , ,1,1723,"127,877744116921",5,0.0,520,9, , , , , ,17,6,0,0,170184908504,1701849085040660205,17018490850406602105,1701849085040660210305,202505,5
1,170150,170150,60,9,1,2,2,28,3,10,10,6,2, ,5,7,2, , , ,6,2,60150,1,1, , , ,40, ,1,4, , , , , , , , , , , , ,1410,8153,2, ,2,2,2,2,2,2,2,2,2,2,2,2,3,1,1,20,1,1,1,40, , , , , , , , , , , ,5, , , , ,470,0,2, , , , ,2, ,2, ,2, ,2, ,2, ,2, , , , , , , , , , , , , , ,1,2512,"43,3010358298852",4,470.0,335,1,1, ,1,8,3,17,1,0,0,170150276402,1701502764020600909,17015027640206009109,1701502764020600910209,202509,9
1,170150,170150,76,2,1,3,1,27,7,10,10,6,1,5, ,9,4, ,2, ,6,1, ,2,2,12,2, , , , , , , , , ,11, ,9, ,3, , , , , , , , , , , , , , , , , , , , , , , , , , , , , , , , , , , , , , ,5, , , , , , , , , , , ,2, ,2, ,2, ,2, ,2, ,2, , , , , , , , , , , , , , ,1,2512,"14,3090318891368",5,0.0,500,9, , , , , ,17,1,0,0,170150181002,1701501810020760212,17015018100207602112,1701501810020760210312,202512,12
1,170150,170150,65,4,1,2,2,18,3,10,10,6,1,5, ,7,3, , , ,6,1, ,1,2,12,2, , , , , , , , , ,11, ,9, ,3, , , , , , , , , , , , , , , , , , , , , , , , , , , , , , , , , , , , , , ,5, , , , , , , , , , , ,2, ,2, ,2, ,2, ,2, ,2, , , , , , , , , , , , , , ,1,2512,"20,4538696281528",4,0.0,"323,333333333333",9, , , , , ,17,1,0,0,170150089601,1701500896010650407,17015008960106504107,1701500896010650410207,202507,7
1,170150,170150,59,10,1,4,2,18,3,10,10,6,1,2, ,7,2, , , ,6,1, ,1,2,12,2, , , , , , , , , ,11, ,8, ,3, , , , , , , , , , , , , , , , , , , , , , , , , , , , , , , , , , , , , , ,5, , , , , , , , , , , ,2, ,2, ,2, ,2, ,2, ,2, , , , , , , , , , , , , , ,1,2511,"14,872148066218",4,0.0,"187,5",9, , , , , ,17,1,0,0,170150145005,1701501450050591006,17015014500505910106,1701501450050591010406,202506,6
1,170151,170151,65,6,1,5,2,20,3,4,10,6,1,1, ,9,1, ,2, ,6,2,170150,2,2,12,2, , , , , , , , , ,11, ,9, ,3, , , , , , , , , , , , , , , , , , , , , , , , , , , , , , , , , , , , , , ,5, , , , , , , , , , , ,2, ,2, ,2, ,2, ,2, ,2, , , , , , , , , , , , , , ,1,1712,"22,6522625881374",5,0.0,325,9, , , , , ,17,6,0,0,170151004003,1701510040030650604,17015100400306506104,1701510040030650610504,202504,4
1,170150,170150,71,5,1,3,1,20,3,10,10,6,1,2, ,8,2, ,2, ,6,1, ,3,2,12,2, , , , , , , , , ,11, ,9, ,3, , , , , , , , , , , , , , , , , , , , , , , , , , , , , , , , , , , , , , ,5, , , , , , , , , , , ,2, ,2, ,2, ,2, ,2, ,2, , , , , , , , , , , , , , ,1,2512,"52,5017290143988",5,0.0,192,9, , , , , ,17,1,0,0,170150119203,1701501192030710507,17015011920307105107,1701501192030710510307,202507,7
2,170171,170171,59,4,1,6,2,20,3,10,10,6,2, ,2,8,2, ,1,10910301,6,1, ,1,2,12,2, , , , , , , , , ,2,8, , , ,2, , , , , , , , , , , , , , , , , , , , , , , , , , , , , , , , , , , , , ,5, , , , , , , , , , , ,2, ,2, ,2, ,2, ,2, ,2, ,2,2,1,1,1,2,2,2,2,2,2,2,8,1,1721,"63,8047083313918",5,0.0,"273,75",7, ,1, , , ,17,6,0,0,170171900501,1701719005010590406,17017190050105904106,1701719005010590410606,202506,6
2,170350,170350,62,5,1,5,1,21,7,1,10,6,1,1, ,9,1, ,2, ,6,2,131750,2,1, , , ,60, ,1,4, , , , , , , , , , , , ,1010,4321,2, ,2,1,2,2,1,1,1,2,2,2,1,1,1,1,2, , , ,1,60, , , , , , , , , , , ,1, , , , ,700,80,1,95, , , ,2, ,2, ,2, ,2, ,2, ,2, , , , , , , , , , , , , , ,1,1723,"44,1539609762213",5,875.0,"553,2",1,1, ,1,4,3,17,6,0,0,170350901502,1703509015020620501,17035090150206205101,1703509015020620510501,202501,1
1,170150,170150,76,3,1,4,1,25,3,1,10,6,2, ,5,7,3, , , ,6,1, ,3,1, , , ,40, ,1,4, , , , , , , , , , , , ,8541,4226,2, ,2,1,2,2,1,1,1,2,2,2,1,1,2,1,1,50,1,1,1,40, , , , , , , , , , , ,1, , , , ,446,44,1,68, , , ,2, ,2, ,2, ,2, ,2, ,2, , , , , , , , , , , , , , ,1,2513,"61,2660081714403",4,558.0,"369,333333333333",1,1, ,1,4,16,17,1,0,0,170150005001,1701500050010760312,17015000500107603112,1701500050010760310412,202512,12
2,170183,170183,47,6,1,1,1,28,1,10,10,6,2, ,5,7,3, , , ,6,2,110950,1,1, , , ,40, ,1,4, , , , , , , , , , , , ,6110,7422,2, ,3,1,2,1,2,1,2,2,2,2,2,2,8,1,1,6,3,1,1,40, , , , , , , , , , , ,5, , , , ,400,0,1,88, , , ,2, ,2, ,2, ,2, ,2, ,2, , , , , , , , , , , , , , ,1,1723,"65,4343362175565",4,488.0,"262,75",1,1, ,1,7,10,17,6,0,0,170183110403,1701831104030470602,17018311040304706102,1701831104030470610102,202502,2
1,170150,170150,58,9,1,1,1,28,1,1,10,6,2, ,5,9,2, ,2, ,6,1, ,1,1, , , ,52, ,2,4, , , , , , , , , , , , ,5223,8332,2, ,3,1,2,1,1,1,1,2,2,1,1,1,3,1,2, , , ,1,40, , , , , , , , , , , ,1, , , , ,500,400,1,170, , , ,2, ,2, ,1,150,2, ,2, ,2, , , , , , , , , , , , , , ,1,2512,"305,149221716216",5,1070.0,612,1,1, ,1,8,8,17,1,0,0,170150385702,1701503857020580903,17015038570205809103,1701503857020580910103,202503,3
1,170150,170150,47,6,1,4,2,29,7,1,5,6,2, ,2,10,1, ,1,59999900,6,2,110150,2,1, , , ,40, ,1,4, , , , , , , , , , , , ,8610,2131,2, ,2,1,2,2,1,1,1,1,2,2,1,1,7,1,2, , , ,1,40, , , , , , , , , , , ,1, , , , ,1150,250,1,217, , , ,2, ,2, ,2, ,2, ,2, ,2, , , , , , , , , , , , , , ,1,2511,"24,5294328668006",5,1617.0,884,1,1, ,1,2,17,17,1,0,0,170150142503,1701501425030470602,17015014250304706102,1701501425030470610402,202502,2
1,170150,170150,67,4,1,4,1,26,7,10,10,6,2, ,5,7,3, , , ,6,2,110150,1,1, , , ,70, ,1,4, , , , , , , , , , , , ,8010,5414,2, ,3,2,2,2,2,2,2,2,2,2,2,2,0,1,1,7,2,1,1,70, , , , , , , , , , , ,5, , , , ,550,0,2, , , , ,2, ,2, ,2, ,2, ,2, ,2, , , , , , , , , , , , , , ,1,2512,"153,977005429434",4,550.0,"513,75",1,1, ,1,5,14,17,1,0,0,170150264602,1701502646020670409,17015026460206704109,1701502646020670410409,202509,9
1,170150,170150,65,3,1,4,2,20,3,10,10,6,1,1, ,8,1, ,2, ,6,1, ,2,2,12,2, , , , , , , , , ,11, ,9, ,3, , , , , , , , , , , , , , , , , , , , , , , , , , , , , , , , , , , , , , ,5, , , , , , , , , , , ,2, ,2, ,2, ,2, ,2, ,2, , , , , , , , , , , , , , ,1,2511,"23,0189522343321",5,0.0,"222,5",9, , , , , ,17,1,0,0,170150040901,1701500409010650304,17015004090106503104,1701500409010650310404,202504,4
1,170550,170550,62,9,1,2,2,26,2,10,10,1,1,6, ,8,1, ,2, ,6,2,50150,2,2,12,2, , , , , , , , , ,11, ,9, ,3, , , , , , , , , , , , , , , , , , , , , , , , , , , , , , , , , , , , , , ,5, , , , , , , , , , , ,2, ,2, ,2, ,2, ,2, ,2, , , , , , , , , , , , , , ,1,1713,"190,849050809674",5,0.0,610,9, , , , , ,17,6,0,0,170550029603,1705500296030620901,17055002960306209101,1705500296030620910201,202501,1
1,170150,170150,56,7,1,2,2,24,3,1,10,6,1,2, ,9,4, ,2, ,6,1, ,1,1, , , ,24,8, ,4, , , , , , , , , , , , ,4390,4311,2, ,2,2,2,2,1,2,1,2,2,2,1,1,2,1,2, , , ,1,40, , , , , , , , , , , ,1, , , , ,500,50,2, , , , ,2, ,2, ,2, ,2, ,2, ,2, , , , , , , , , , , , , , ,1,2512,"28,4266204722188",5,550.0,"553,5",1,1, ,1,4,6,17,1,0,0,170150268101,1701502681010560705,17015026810105607105,1701502681010560710205,202505,5
1,170150,170150,40,1,1,3,2,22,3,10,10,6,1,1, ,9,1, ,2, ,6,1, ,3,2,12,2, , , , , , , , , ,9,40, , , ,2, , , , , , , , , , , , , , , , , , , , , , , , , , , , , , , , , , , , , ,5, , , , , , , , , , , ,2, ,2, ,2, ,2, ,2, ,2, ,2,1,1,1,1,2,2,2,2,2,2,2,8,1,2513,"12,3684757147747",5,0.0,142,7, ,1, , , ,17,1,0,0,170150252501,1701502525010400101,17015025250104001101,1701502525010400110301,202501,1
2,170184,170184,63,2,1,2,2,19,2,3,10,5,2, ,13,7,3, , , ,6,2,132250,1,2,12,2, , , , , , , , , ,11, ,9, ,4, , , , , , , , , , , , , , , , , , , , , , , , , , , , , , , , , , , , , , ,5, , , , , , , , , , , ,2, ,2, ,2, ,2, ,2, ,2, , , , , , , , , , , , , , ,1,1723,"23,424168704976",4,0.0,"236,666666666667",9, , , , , ,17,6,0,0,170184900403,1701849004030630202,17018490040306302102,1701849004030630210202,202502,2
1,170150,170150,64,2,1,3,1,20,3,10,10,6,2, ,3,9,2, ,2, ,6,1, ,1,1, , , ,40, ,1,4, , , , , , , , , , , , ,7310,3521,2, ,2,2,2,2,2,2,2,2,2,1,2,2,1,1,1,50,1,1,1,40, , , , , , , , , , , ,5, , , , ,300,0,1,42, , , ,2, ,2, ,2, ,2, ,2, ,2, , , , , , , , , , , , , , ,1,2511,"11,9557840697605",5,342.0,"350,5",4,1, ,1,3,13,17,1,0,0,170150136101,1701501361010640206,17015013610106402106,1701501361010640210306,202506,6
1,170150,170150,75,6,1,2,2,25,2,1,10,5,2, ,5,7,3, , , ,6,2,50451,1,1, , , ,40, ,1,4, , , , , , , , , , , , ,8121,9112,2, ,2,2,2,2,1,1,1,2,2,2,1,1,1,1,2, , , ,1,40, , , , , , , , , , , ,1, , , , ,470,45,1,8, , , ,2, ,2, ,2, ,2, ,2, ,2, , , , , , , , , , , , , , ,1,2513,"45,635085270904",4,523.0,"174,333333333333",1,1, ,1,9,14,17,1,0,0,170150383704,1701503837040750611,17015038370407506111,1701503837040750610211,202511,11
1,170150,170150,52,3,1,3,2,23,3,1,5,6,1,6, ,10,1, ,1,50310402,6,1, ,1,1, , , ,50, ,1,4, , , , , , , , , , , , ,8530,2351,2, ,3,2,2,2,1,2,1,2,2,1,1,1,0,1,2, , , ,2,40,10,0,8690,2634,2, ,1,1,3,3,1,1, , , , ,0,0,2, ,300,2, ,2, ,2, ,2, ,2, ,2, ,2, , , , , , , , , , , , , , ,1,2512,"64,8072006286588",5,300.0,"366,666666666667",4,1, ,1,2,16,17,1,0,0,170150201603,1701502016030520310,17015020160305203110,1701502016030520310310,202510,10
1,170156,170156,51,1,1,4,1,21,5,5,10,6,1,1, ,9,2, ,2, ,6,1, ,3,2,12,2, , , , , , , , , ,11, ,9, ,3, , , , , , , , , , , , , , , , , , , , , , , , , , , , , , , , , , , , , , ,5, , , , , , , , , , , ,2, ,2, ,2, ,2, ,2, ,2, , , , , , , , , , , , , , ,1,1712,"39,3726537892241",5,0.0,"1212,5",9, , , , , ,17,6,0,0,170156061704,1701560617040510103,17015606170405101103,1701560617040510110403,202503,3
1,170150,170150,66,8,1,3,2,26,3,10,10,6,2, ,2,9,4, ,1,30110402,6,1, ,1,1, , , ,40, ,1,4, , , , , , , , , , , , ,4921,5112,2, ,2,2,2,2,1,1,2,2,2,2,2,2,4,1,2, , , ,1,40, , , , , , , , , , , ,5, , , , ,470,0,1,8, , , ,2, ,2, ,2, ,2, ,2, ,2, , , , , , , , , , , , , , ,1,2511,"17,572063398827",5,478.0,"179,75",1,1, ,1,5,8,17,1,0,0,170150254402,1701502544020660808,17015025440206608108,1701502544020660810308,202508,8
1,170150,170150,56,2,1,4,2,23,3,1,10,6,2, ,2,8,3, ,1,20410102,6,1, ,2,1, , , ,40, ,1,4, , , , , , , , , , , , ,6419,2411,2, ,3,1,2,2,1,2,1,2,2,2,1,1,0,1,1,15,1,1,1,40, , , , , , , , , , , ,1, , , , ,600,75,1,50, , , ,2, ,2, ,2, ,2, ,2, ,2, , , , , , , , , , , , , , ,1,2511,"108,557351614757",5,725.0,"343,75",1,1, ,1,2,11,17,1,0,0,170150217703,1701502177030560205,17015021770305602105,1701502177030560210405,202505,5
1,170150,170150,66,2,1,3,2,18,3,10,10,6,2, ,13,7,3, , , ,6,1, ,2,2,12,2, , , , , , , , , ,11, ,7,1, ,2, , , , , , , , , , , , , , , , , , , , , , , , , , , , , , , , , , , , , ,5, , , , , , , , , , , ,2, ,2, ,2, ,2, ,2, ,2, ,2,2,1,2,1,2,2,2,2,2,2,2,8,1,2513,"22,1857421033308",4,0.0,"142,5",8, ,1, , , ,17,1,0,0,170150395401,1701503954010660205,17015039540106602105,1701503954010660210305,202505,5
1,170150,170150,40,7,1,3,1,23,3,10,10,6,2, ,3,7,2, , , ,6,1, ,2,2,12,2, , , , , , , , , ,2,8, , , ,1,2,8,1071,7512,2, , , , , , , , , , , , , , , , , , , , , , , , , , , , , , , , ,5, , , , , , , , , , , ,2, ,2, ,2, ,2, ,2, ,2, ,2,2,2,1,1,2,2,2,2,2,2,2,1,1,2512,"32,6553571993282",4,0.0,1,7, ,1, , , ,17,1,1,1,170150066701,1701500667010400701,17015006670104007101,1701500667010400710301,202501,1
1,170451,170451,62,2,1,3,1,18,3,1,10,6,2, ,5,7,3, , , ,6,2,170250,2,1, , , ,40, ,1,4, , , , , , , , , , , , ,119,6113,2, ,3,2,2,1,1,2,1,2,2,2,1,1,0,11,2, , , ,1,40, , , , , , , , , , , ,1, , , , ,470,43,1,40, , , ,2, ,2, ,2, ,2, ,2, ,2, , , , , , , , , , , , , , ,1,1711,"76,3297022382068",4,553.0,"263,25",1,1, ,1,6,1,17,6,0,0,170451025503,1704510255030620204,17045102550306202104,1704510255030620210304,202504,4
2,170184,170184,54,5,1,2,1,20,3,5,10,6,1,1, ,9,2, ,2, ,6,1, ,1,2,12,2, , , , , , , , , ,11, ,9, ,3, , , , , , , , , , , , , , , , , , , , , , , , , , , , , , , , , , , , , , ,5, , , , , , , , , , , ,2, ,2, ,2, ,2, ,2, ,2, , , , , , , , , , , , , , ,1,1723,"22,8152990255393",5,0.0,475,9, , , , , ,17,6,0,0,170184905702,1701849057020540507,17018490570205405107,1701849057020540510207,202507,7
1,170150,170150,64,2,1,2,2,23,2,10,10,1,2, ,15,7,3, , , ,6,1, ,2,2,12,2, , , , , , , , , ,11, ,9, ,4, , , , , , , , , , , , , , , , , , , , , , , , , , , , , , , , , , , , , , ,5, , , , , , , , , , , ,2, ,2, ,2, ,2, ,2, ,2, , , , , , , , , , , , , , ,1,2511,"122,452079954394",4,0.0,"197,5",9, , , , , ,17,1,0,0,170150017402,1701500174020640206,17015001740206402106,1701500174020640210206,202506,6
1,170150,170150,51,5,1,5,2,29,3,10,10,6,2, ,3,7,3, , , ,6,2,50250,1,1, , , ,40, ,1,4, , , , , , , , , , , , ,5610,5120,2, ,3,1,2,2,2,2,2,2,2,2,2,2,1,1,1,4,1,1,1,40, , , , , , , , , , , ,5, , , , ,470,0,1,66, , , ,2, ,2, ,2, ,2, ,2, ,2, , , , , , , , , , , , , , ,1,2512,"17,9858060376579",4,536.0,"409,166666666667",1,1, ,1,5,9,17,1,0,0,170150354302,1701503543020510503,17015035430205105103,1701503543020510510503,202503,3
1,170950,170950,55,3,1,5,2,19,5,10,10,6,2, ,3,7,3, , , ,6,2,90150,1,2,12,2, , , , , , , , , ,11, ,9, ,4, , , , , , , , , , , , , , , , , , , , , , , , , , , , , , , , , , , , , , ,5, , , , , , , , , , , ,2, ,2, ,2, ,2, ,2, ,2, , , , , , , , , , , , , , ,1,1711,"81,0033177790414",4,0.0,183,9, , , , , ,17,6,0,0,170950001001,1709500010010550302,17095000100105503102,1709500010010550310502,202502,2
1,170150,170150,64,5,1,2,2,18,2,10,10,5,2, ,15,7,3, , , ,6,3,862,1,2,12,2, , , , , , , , , ,11, ,9, ,4, , , , , , , , , , , , , , , , , , , , , , , , , , , , , , , , , , , , , , ,5, , , , , , , , , , , ,2, ,2, ,2, ,2, ,2, ,2, , , , , , , , , , , , , , ,2,2511,"44,5994331470706",4,0.0,244,9, , , , , ,17,1,0,0,170150017402,1701500174020640503,17015001740206405103,1701500174020640510203,202503,3
1,170251,170251,51,6,1,2,2,23,3,10,10,6,1,1, ,9,4, ,1,30310403,6,1, ,1,1, , , ,40, ,1,4, , , , , , , , , , , , ,4711,5221,6,2, , , , , , , , , , , , ,5,6,1,1,2,1,1,40, , , , , , , , , , , ,5,1500,1,300,500, , , , , , , ,2, ,2, ,2, ,2, ,2, ,2, , , , , , , , , , , , , , ,1,1711,"21,3860480038069",5,1300.0,1470,1,1, ,1,5,7,17,6,0,0,170251006301,1702510063010510603,17025100630105106103,1702510063010510610203,202503,3
1,170150,170150,71,5,1,2,1,22,5,10,10,6,1,1, ,9,2, ,2, ,6,1, ,1,1, , , ,20,1, ,4, , , , , , , , , , , , ,9000,2656,2, ,3,2,2,2,2,2,2,2,2,2,2,2,2,1,1,2,3,2,1,20, , , , , , , , , , , ,5, , , , ,100,0,2, , , , ,2, ,2, ,2, ,2, ,2, ,2, , , , , , , , , , , , , , ,1,2512,"24,5293674313836",5,100.0,"1266,66666666667",4,1, ,2,2,18,17,1,0,0,170150069402,1701500694020710507,17015006940207105107,1701500694020710510207,202507,7
1,170150,170150,59,5,1,1,2,25,1,10,10,5,2, ,3,7,3, , , ,6,2,130350,1,1, , , ,40, ,1,4, , , , , , , , , , , , ,5610,5120,2, ,3,1,2,2,2,2,2,2,2,2,2,2,0,1,1,2,3,2,1,40, , , , , , , , , , , ,5, , , , ,200,0,1,60, , , ,2, ,2, ,2, ,2, ,2, ,2, , , , , , , , , , , , , , ,1,2513,"38,8653193246919",4,260.0,"153,333333333333",4,1, ,2,5,9,17,1,0,0,170150168601,1701501686010590506,17015016860105905106,1701501686010590510106,202506,6
1,170150,170150,54,6,1,3,1,22,5,10,10,6,1,5, ,9,3, ,2, ,6,1, ,1,2,12,2, , , , , , , , , ,11, ,9, ,3, , , , , , , , , , , , , , , , , , , , , , , , , , , , , , , , , , , , , , ,5, , , , , , , , , , , ,2, ,2, ,1,500,2, ,2, ,2, , , , , , , , , , , , , , ,1,2512,"30,5819913206954",5,0.0,"406,666666666667",9, , , , , ,17,1,0,0,170150110201,1701501102010540607,17015011020105406107,1701501102010540610307,202507,7
1,170150,170150,76,2,1,2,2,20,3,10,10,6,1,1, ,9,2, ,2, ,6,1, ,1,2,12,2, , , , , , , , , ,11, ,9, ,3, , , , , , , , , , , , , , , , , , , , , , , , , , , , , , , , , , , , , , ,5, , , , , , , , , , , ,2, ,2, ,2, ,2, ,2, ,2, , , , , , , , , , , , , , ,1,2512,"89,1168205847061",5,0.0,70,9, , , , , ,17,1,1,0,170150266001,1701502660010760212,17015026600107602112,1701502660010760210212,202512,12
2,170355,170355,47,2,1,2,2,24,2,10,10,5,2, ,3,7,3, , , ,6,2,130450,2,1, , , ,8,1, ,4, , , , , , , , , , , , ,5610,5131,2, ,3,1,2,2,2,2,2,2,2,2,2,2,1,1,1,4,3,1,1,8, , , , , , , , , , , ,5, , , , ,56,0,1,24, , , ,2, ,2, ,2, ,2, ,2, ,2, , , , , , , , , , , , , , ,1,1721,"58,3433442342217",4,80.0,272,4,1, ,1,5,9,17,6,0,0,170355900201,1703559002010470202,17035590020104702102,1703559002010470210202,202502,2
1,170150,170150,74,3,1,2,2,20,2,10,10,5,1,3, ,7,2, , , ,6,1, ,2,2,12,2, , , , , , , , , ,11, ,9, ,3, , , , , , , , , , , , , , , , , , , , , , , , , , , , , , , , , , , , , , ,5, , , , , , , , , , , ,2, ,2, ,2, ,2, ,2, ,2, , , , , , , , , , , , , , ,1,2512,"53,6741581469681",4,0.0,"101,333333333333",9, , , , , ,17,1,0,0,170150025401,1701500254010740310,17015002540107403110,1701500254010740310210,202510,10
2,170454,170454,62,7,1,4,2,25,3,10,10,6,2, ,3,7,3, , , ,6,1, ,2,2,12,2, , , , , , , , , ,11, ,11, ,6, , , , , , , , , , , , , , , , , , , , , , , , , , , , , , , , , , , , , , ,5, , , , , , , , , , , ,2, ,2, ,2, ,2, ,2, ,2, , , , , , , , , , , , , , ,1,1722,"35,0073425925205",4,0.0,"127,833333333333",9, , , , , ,17,6,0,0,170454024801,1704540248010620704,17045402480106207104,1704540248010620710404,202504,4
1,170353,170353,70,9,1,2,2,19,2,10,10,5,2, ,11,5,6,1, , ,6,1, ,2,2,12,2, , , , , , , , , ,11, ,9, ,4, , , , , , , , , , , , , , , , , , , , , , , , , , , , , , , , , , , , , , ,5, , , , , , , , , , , ,2, ,2, ,2, ,2, ,2, ,2, , , , , , , , , , , , , , ,1,1711,"316,309747964548",3,0.0,"133,333333333333",9, , , , , ,17,6,0,0,170353014101,1703530141010700909,17035301410107009109,1703530141010700910209,202509,9
1,170150,170150,76,10,1,2,2,26,2,10,10,5,2, ,3,7,3, , , ,6,1, ,2,2,12,2, , , , , , , , , ,11, ,8, ,4, , , , , , , , , , , , , , , , , , , , , , , , , , , , , , , , , , , , , , ,5, , , , , , , , , , , ,2, ,2, ,2, ,2, ,2, ,2, , , , , , , , , , , , , , ,1,2511,"11,6584158219976",4,0.0,235,9, , , , , ,17,1,0,0,170150104803,1701501048030761012,17015010480307610112,1701501048030761010212,202512,12
1,170150,170150,73,5,1,4,2,23,3,10,10,6,2, ,3,7,3, , , ,6,1, ,4,1, , , ,20,1, ,1,1,20,7, , , , , , , , , ,1071,5223,2, ,3,1,2,2,2,2,2,2,2,2,2,2,0,1,1,3,1,1,1,20, , , , , , , , , , , ,5, , , , ,235,0,1,30, , , ,2, ,2, ,2, ,2, ,2, ,2, , , , , , , , , , , , , , ,1,2512,"13,8097726643003",4,265.0,"428,75",2,1, ,1,5,3,17,1,0,0,170150265703,1701502657030730512,17015026570307305112,1701502657030730510412,202512,12
1,170150,170150,73,2,1,2,2,20,7,10,10,6,1,1, ,9,1, ,2, ,6,1, ,1,2,12,2, , , , , , , , , ,11, ,9, ,3, , , , , , , , , , , , , , , , , , , , , , , , , , , , , , , , , , , , , , ,5, , , , , , , , , , , ,2, ,2, ,2, ,2, ,2, ,2, , , , , , , , , , , , , , ,1,2511,"18,4495515633904",5,0.0,510,9, , , , , ,17,1,0,0,170150074302,1701500743020730209,17015007430207302109,1701500743020730210209,202509,9
1,170150,170150,73,5,1,3,2,21,3,10,10,6,2, ,3,5,7,1, , ,6,3,862,1,1, , , ,40, ,1,4, , , , , , , , , , , , ,9602,5142,7, , , , , , , , , , , , , ,0,6,1,2,2,1,1,40, , , , , , , , , , , ,5, , , , , , , , , , , ,2, ,2, ,2, ,2, ,2, ,2, , , , , , , , , , , , , , ,2,2511,"157,000738506677",3,0.0,"56,6666666666667",5,1, ,1,5,19,17,1,1,0,170150263301,1701502633010730509,17015026330107305109,1701502633010730510309,202509,9
1,170150,170150,72,6,1,4,2,26,3,1,10,6,2, ,2,9,5, ,1,30711001,6,1, ,1,1, , , ,40, ,1,4, , , , , , , , , , , , ,6110,2153,2, ,2,2,2,2,1,2,1,2,2,2,1,1,2,1,2, , , ,1,40, , , , , , , , , , , ,1, , , , ,470,45,2, , , , ,2, ,2, ,2, ,2, ,2, ,2, , , , , , , , , , , , , , ,1,2511,"53,3631332015633",5,515.0,"296,25",1,1, ,1,2,10,17,1,0,0,170150261702,1701502617020720611,17015026170207206111,1701502617020720610411,202511,11
1,170150,170150,54,6,1,5,2,18,3,10,10,6,1,1, ,9,1, ,2, ,6,1, ,1,2,12,2, , , , , , , , , ,11, ,9, ,3, , , , , , , , , , , , , , , , , , , , , , , , , , , , , , , , , , , , , , ,5, , , , , , , , , , , ,2, ,2, ,2, ,2, ,2, ,2, , , , , , , , , , , , , , ,1,2512,"18,402549612735",5,0.0,280,9, , , , , ,17,1,0,0,170150231802,1701502318020540604,17015023180205406104,1701502318020540610504,202504,4
2,170353,170353,76,3,1,3,1,23,3,10,10,6,2, ,2,9,5, ,1,30720703,6,1, ,2,1, , , ,40, ,1,4, , , , , , , , , , , , ,2511,9329,2, ,3,2,2,2,2,2,2,2,2,2,2,2,0,1,1,2,3,2,1,40, , , , , , , , , , , ,5, , , , ,400,0,2, , , , ,2, ,2, ,2, ,2, ,2, ,2, , , , , , , , , , , , , , ,1,1722,"36,6859342077284",5,400.0,"303,333333333333",4,1, ,2,9,3,17,6,0,0,170353900302,1703539003020760312,17035390030207603112,1703539003020760310312,202512,12
1,170150,170150,76,9,1,2,1,28,3,10,10,6,2, ,2,9,5, ,1,30610401,6,1, ,1,1, , , ,40, ,1,4, , , , , , , , , , , , ,9499,2359,6,2, , , , , , , , , , , , ,4,8,1,1,3,1,1,40, , , , , , , , , , , ,5,800,2, ,0, , , , , , , ,2, ,2, ,2, ,2, ,2, ,2, , , , , , , , , , , , , , ,1,2512,"21,8695851470057",5,800.0,750,1,1, ,1,2,19,17,1,0,0,170150077503,1701500775030760912,17015007750307609112,1701500775030760910212,202512,12
1,170150,170150,73,7,1,3,1,25,7,10,10,6,1,6, ,9,2, ,2, ,6,1, ,1,2,12,2, , , , , , , , , ,9,52, , , ,2, , , , , , , , , , , , , , , , , , , , , , , , , , , , , , , , , , , , , ,5, , , , , , , , , , , ,2, ,2, ,2, ,2, ,2, ,2, ,2,1,2,1,1,2,2,2,2,2,2,2,8,1,2512,"28,1098428952629",5,0.0,"377,5",7, ,1, , , ,17,1,0,0,170150358302,1701503583020730709,17015035830207307109,1701503583020730710309,202509,9
1,170175,170175,66,2,1,2,2,20,2,10,10,5,2, ,3,7,3, , , ,6,1, ,2,2,12,2, , , , , , , , , ,9,1, , , ,2, , , , , , , , , , , , , , , , , , , , , , , , , , , , , , , , , , , , , ,5, , , , , , , , , , , ,2, ,2, ,2, ,2, ,2, ,2, ,2,2,1,1,1,2,2,2,2,2,2,2,8,1,1711,"84,6017430956235",4,0.0,301,7, ,1, , , ,17,6,0,0,170175097901,1701750979010660208,17017509790106602108,1701750979010660210208,202508,8
2,170156,170156,75,7,1,3,2,29,3,2,10,6,1,6, ,10,2, ,1,51040102,6,2,170150,3,1, , , ,40, ,1,4, , , , , , , , , , , , ,6910,3342,6,2, , , , , , , , , , , , ,0,9,1,1,3,2,1,40, , , , , , , , , , , ,2,850,2, ,40, , , , , , , ,2, ,2, ,2, ,2, ,2, ,2, , , , , , , , , , , , , , ,1,1723,"28,7101013006902",5,810.0,"1403,33333333333",1,1, ,2,3,13,17,6,0,0,170156901101,1701569011010750711,17015690110107507111,1701569011010750710311,202511,11
1,170150,170150,71,3,1,3,2,18,3,10,10,6,1,1, ,8,1, ,2, ,6,2,100250,3,1, , , ,16,1, ,4, , , , , , , , , , , , ,1071,5223,2, ,2,2,2,2,2,1,2,2,2,2,2,2,0,1,1,4,2,1,1,16, , , , , , , , , , , ,5, , , , ,180,0,1,5, , , ,2, ,2, ,2, ,2, ,2, ,2, , , , , , , , , , , , , , ,1,2512,"39,7371080956977",5,185.0,"165,25",4,1, ,1,5,3,17,1,0,0,170150130705,1701501307050710307,17015013070507103107,1701501307050710310307,202507,7
1,170150,170150,40,4,1,4,1,22,3,10,10,6,2, ,5,7,3, , , ,6,1, ,5,1, , , ,24,1, ,1,1,16,1,4, , , , , , , , ,4771,5223,2, ,3,2,2,2,2,2,2,2,2,2,2,2,1,1,2, , , ,1,24, , , , , , , , , , , ,5, , , , ,200,0,2, , , , ,2, ,2, ,2, ,2, ,2, ,2, , , , , , , , , , , , , , ,1,2513,"15,8491964669238",4,200.0,294,2,1, ,1,5,7,17,1,0,0,170150026904,1701500269040400401,17015002690404004101,1701500269040400410401,202501,1
1,170150,170150,72,9,1,2,1,23,3,10,10,6,2, ,3,7,3, , , ,6,1, ,2,2,12,2, , , , , , , , , ,11, ,9, ,6, , , , , , , , , , , , , , , , , , , , , , , , , , , , , , , , , , , , , , ,5, , , , , , , , , , , ,2, ,2, ,2, ,2, ,2, ,2, , , , , , , , , , , , , , ,1,2511,"23,6303327507161",4,0.0,340,9, , , , , ,17,1,0,0,170150002608,1701500026080720908,17015000260807209108,1701500026080720910208,202508,8
1,170150,170150,64,7,1,4,1,24,3,10,10,6,2, ,3,7,3, , , ,2,1, ,2,1, , , ,50, ,1,4, , , , , , , , , , , , ,4781,5211,7, , , , , , , , , , , , , ,6,6,1,3,2,1,1,50, , , , , , , , , , , ,5, , , , , , , , , , , ,2, ,2, ,2, ,2, ,2, ,2, , , , , , , , , , , , , , ,1,2513,"24,3359399128299",4,0.0,"155,714285714286",5,1, ,1,5,7,17,1,0,0,170150067801,1701500678010640703,17015006780106407103,1701500678010640710403,202503,3
1,170177,170177,67,2,1,3,2,20,3,5,10,6,1,5, ,9,1, ,2, ,6,2,100150,1,2,12,2, , , , , , , , , ,11, ,9, ,3, , , , , , , , , , , , , , , , , , , , , , , , , , , , , , , , , , , , , , ,5, , , , , , , , , , , ,2, ,2, ,2, ,2, ,2, ,2, , , , , , , , , , , , , , ,1,1712,"209,914877202365",5,0.0,728,9, , , , , ,17,6,0,0,170177099203,1701770992030670206,17017709920306702106,1701770992030670210306,202506,6
1,170156,170156,59,4,1,3,1,18,3,10,10,6,2, ,17,7,3, , , ,6,2,170150,1,2,12,2, , , , , , , , , ,11, ,9, ,6, , , , , , , , , , , , , , , , , , , , , , , , , , , , , , , , , , , , , , ,5, , , , , , , , , , , ,2, ,2, ,2, ,2, ,2, ,2, , , , , , , , , , , , , , ,1,1712,"75,7032144238457",4,0.0,"310,666666666667",9, , , , , ,17,6,0,0,170156051901,1701560519010590406,17015605190105904106,1701560519010590410306,202506,6
1,170150,170150,63,5,1,2,2,23,3,5,10,6,1,5, ,9,3, ,2, ,6,1, ,1,2,12,2, , , , , , , , , ,11, ,9, ,3, , , , , , , , , , , , , , , , , , , , , , , , , , , , , , , , , , , , , , ,5, , , , , , , , , , , ,2, ,2, ,1,200,2, ,2, ,2, , , , , , , , , , , , , , ,1,2511,"14,1182582282864",5,0.0,1520,9, , , , , ,17,1,0,0,170150076903,1701500769030630502,17015007690306305102,1701500769030630510202,202502,2
2,170950,170950,52,8,1,3,2,19,3,10,10,6,2, ,3,7,3, , , ,6,1, ,2,2,12,2, , , , , , , , , ,11, ,9, ,4, , , , , , , , , , , , , , , , , , , , , , , , , , , , , , , , , , , , , , ,5, , , , , , , , , , , ,2, ,2, ,2, ,2, ,2, ,2, , , , , , , , , , , , , , ,1,1721,"57,3131901576433",4,0.0,"127,5",9, , , , , ,17,6,0,0,170950903601,1709509036010520810,17095090360105208110,1709509036010520810310,202510,10
1,170155,170155,52,8,1,4,1,26,4,1,10,5,2, ,5,9,1, ,2, ,6,2,170250,1,1, , , ,40, ,1,4, , , , , , , , , , , , ,4741,4321,2, ,2,2,2,2,1,2,1,2,2,2,1,1,2,1,1,30,1,1,1,40, , , , , , , , , , , ,1, , , , ,426,44,2, , , , ,2, ,2, ,2, ,2, ,2, ,2, , , , , , , , , , , , , , ,1,1713,"27,1170644044403",5,470.0,"244,5",1,1, ,1,4,7,17,6,0,0,170155016801,1701550168010520810,17015501680105208110,1701550168010520810410,202510,10
1,170150,170150,53,1,1,4,1,24,3,10,10,6,1,1, ,9,1, ,2, ,6,1, ,4,1, , , ,20,7, ,4, , , , , , , , , , , , ,4321,7421,6,2, , , , , , , , , , , , ,3,8,1,1,3,2,1,20, , , , , , , , , , , ,5,150,2, ,20, , , , , , , ,2, ,2, ,2, ,2, ,2, ,2, , , , , , , , , , , , , , ,1,2513,"45,9548151002935",5,130.0,"107,5",4,1, ,2,7,6,17,1,0,0,170150336602,1701503366020530104,17015033660205301104,1701503366020530110404,202504,4
1,170150,170150,69,8,1,2,2,20,7,10,10,6,1,1, ,7,3, , , ,6,2,230150,2,2,12,2, , , , , , , , , ,11, ,9, ,3, , , , , , , , , , , , , , , , , , , , , , , , , , , , , , , , , , , , , , ,5, , , , , , , , , , , ,2, ,2, ,1,220,2, ,2, ,2, , , , , , , , , , , , , , ,1,2512,"28,1557972055557",4,0.0,210,9, , , , , ,17,1,0,0,170150217104,1701502171040690811,17015021710406908111,1701502171040690810211,202511,11
2,170156,170156,76,2,1,3,2,19,3,10,10,6,1,1, ,9,1, ,2, ,6,1, ,2,2,12,2, , , , , , , , , ,11, ,9, ,3, , , , , , , , , , , , , , , , , , , , , , , , , , , , , , , , , , , , , , ,5, , , , , , , , , , , ,2, ,2, ,2, ,2, ,2, ,2, , , , , , , , , , , , , , ,1,1722,"94,0536140662737",5,0.0,"133,75",9, , , , , ,17,6,0,0,170156901301,1701569013010760212,17015690130107602112,1701569013010760210312,202512,12
1,170177,170177,69,3,1,3,2,20,3,10,10,3,1,1, ,9,2, ,2, ,6,1, ,1,2,12,2, , , , , , , , , ,11, ,9, ,3, , , , , , , , , , , , , , , , , , , , , , , , , , , , , , , , , , , , , , ,5, , , , , , , , , , , ,2, ,2, ,2, ,2, ,2, ,2, , , , , , , , , , , , , , ,1,1712,"14,5390247493967",5,0.0,200,9, , , , , ,17,6,0,0,170177100002,1701771000020690308,17017710000206903108,1701771000020690310308,202508,8
1,170150,170150,67,5,1,2,2,23,3,10,10,6,2, ,5,7,3, , , ,6,1, ,1,1, , , ,40, ,1,4, , , , , , , , , , , , ,4761,3339,2, ,3,1,2,2,2,2,2,2,2,2,2,2,1,1,1,30,1,1,1,40, , , , , , , , , , , ,5, , , , ,470,0,1,70, , , ,2, ,2, ,2, ,2, ,2, ,2, , , , , , , , , , , , , , ,1,2512,"46,9543968807685",4,540.0,740,1,1, ,1,3,7,17,1,0,0,170150304402,1701503044020670506,17015030440206705106,1701503044020670510206,202506,6
1,170150,170150,55,4,1,3,2,21,3,10,10,6,2, ,3,7,3, , , ,6,1, ,1,1, , , ,20,1, ,4, , , , , , , , , , , , ,4781,5211,7, , , , , , , , , , , , , ,8,9,1,2,3,2,1,20, , , , , , , , , , , ,5, , , , , , , , , , , ,2, ,2, ,2, ,2, ,2, ,2, , , , , , , , , , , , , , ,1,2513,"51,9677965263019",4,0.0,"90,8333333333333",5,1, ,2,5,7,17,1,0,0,170150364403,1701503644030550402,17015036440305504102,1701503644030550410302,202502,2
1,170150,170150,51,5,1,3,2,23,3,10,10,6,1,2, ,9,3, ,2, ,6,1, ,2,2,12,2, , , , , , , , , ,11, ,8, ,3, , , , , , , , , , , , , , , , , , , , , , , , , , , , , , , , , , , , , , ,5, , , , , , , , , , , ,2, ,2, ,2, ,2, ,2, ,2, , , , , , , , , , , , , , ,1,2513,"32,5848399431734",5,0.0,"62,5",9, , , , , ,17,1,1,0,170150001601,1701500016010510503,17015000160105105103,1701500016010510510303,202503,3
1,170352,170352,68,2,1,4,1,27,3,10,10,6,2, ,11,7,3, , , ,6,1, ,1,1, , , ,30,6, ,4, , , , , , , , , , , , ,5610,9412,2, ,3,1,2,2,2,2,2,2,2,2,2,2,5,1,1,6,1,1,1,40, , , , , , , , , , , ,5, , , , ,470,0,1,150, , , ,2, ,2, ,2, ,2, ,2, ,2, , , , , , , , , , , , , , ,1,1711,"142,101417050788",4,620.0,"1092,5",1,1, ,1,9,9,17,6,0,0,170352020403,1703520204030680210,17035202040306802110,1703520204030680210410,202510,10
1,170150,170150,51,3,1,4,2,26,3,1,10,5,2, ,5,7,3, , , ,6,1, ,6,1, , , ,20,1, ,4, , , , , , , , , , , , ,8121,9112,2, ,2,2,2,2,1,1,1,2,2,1,1,1,4,1,2, , , ,1,20, , , , , , , , , , , ,1, , , , ,240,20,1,10, , , ,2, ,2, ,2, ,2, ,2, ,2, , , , , , , , , , , , , , ,1,2513,"32,5848399431734",4,270.0,"202,625",4,1, ,1,9,14,17,1,0,0,170150001601,1701500016010510303,17015000160105103103,1701500016010510310403,202503,3
1,170150,170150,69,6,1,2,1,29,3,1,10,6,1,6, ,8,2, ,2, ,6,1, ,1,1, , , ,48, ,1,4, , , , , , , , , , , , ,1080,3116,2, ,2,1,2,2,1,1,1,2,2,2,1,1,4,1,2, , , ,1,48, , , , , , , , , , , ,1, , , , ,725,75,1,82, , , ,2, ,2, ,2, ,2, ,2, ,2, , , , , , , , , , , , , , ,1,2511,"42,2386302202932",5,882.0,"1083,5",1,1, ,1,3,3,17,1,0,0,170150184002,1701501840020690608,17015018400206906108,1701501840020690610208,202508,8
1,170150,170150,71,6,1,2,2,28,2,10,10,5,2, ,12,7,3, , , ,6,2,20150,1,1, , , ,40, ,1,4, , , , , , , , , , , , ,4719,5223,2, ,2,2,2,2,2,2,2,2,2,2,2,2,0,1,1,3,1,1,1,40, , , , , , , , , , , ,5, , , , ,500,0,2, , , , ,2, ,2, ,2, ,2, ,2, ,2, , , , , , , , , , , , , , ,1,2512,"80,2270024523008",4,500.0,375,1,1, ,1,5,7,17,1,0,0,170150354402,1701503544020710610,17015035440207106110,1701503544020710610210,202510,10
1,170150,170150,63,9,1,3,2,21,5,10,10,6,1,5, ,9,1, ,2, ,6,1, ,2,2,12,2, , , , , , , , , ,11, ,9, ,3, , , , , , , , , , , , , , , , , , , , , , , , , , , , , , , , , , , , , , ,5, , , , , , , , , , , ,2, ,2, ,2, ,2, ,2, ,2, , , , , , , , , , , , , , ,1,2511,"37,7607843370075",5,0.0,"666,666666666667",9, , , , , ,17,1,0,0,170150041402,1701500414020630902,17015004140206309102,1701500414020630910302,202502,2
2,170355,170355,47,6,1,4,1,21,3,10,10,6,2, ,5,7,3, , , ,6,2,230150,2,1, , , ,48, ,1,4, , , , , , , , , , , , ,4520,9122,7, , , , , , , , , , , , , ,4,6,1,4,3,2,1,48, , , , , , , , , , , ,5, , , , , , , , , , , ,2, ,2, ,2, ,2, ,2, ,2, , , , , , , , , , , , , , ,1,1721,"58,3433442342217",4,0.0,"151,25",5,1, ,2,9,7,17,6,0,0,170355900201,1703559002010470602,17035590020104706102,1703559002010470610402,202502,2
1,170150,170150,64,2,1,2,2,25,3,1,5,6,2, ,2,9,4, ,1,30410302,6,2,60150,1,1, , , ,55, ,1,4, , , , , , , , , , , , ,5610,3339,2, ,2,1,2,2,1,2,1,1,2,1,1,1,5,1,2, , , ,2,40,15,0,8530,3339,2, ,1,2, , , ,1, , , , ,950,110,1,80,500,2, ,2, ,2, ,2, ,2, ,2, ,2, , , , , , , , , , , , , , ,1,2511,"27,1428573931721",5,1640.0,1035,1,1, ,1,3,9,17,1,0,0,170150313401,1701503134010640203,17015031340106402103,1701503134010640210203,202503,3
1,170150,170150,59,1,1,5,2,20,3,10,10,6,1,2, ,7,3, , , ,6,1, ,2,2,12,2, , , , , , , , , ,11, ,9, ,3, , , , , , , , , , , , , , , , , , , , , , , , , , , , , , , , , , , , , , ,5, , , , , , , , , , , ,2, ,2, ,2, ,2, ,2, ,2, , , , , , , , , , , , , , ,1,2513,"37,6233505075183",4,0.0,"175,285714285714",9, , , , , ,17,1,0,0,170150303401,1701503034010590106,17015030340105901106,1701503034010590110506,202506,6
2,170550,170550,64,9,1,3,1,21,3,10,10,6,2, ,3,7,2, , , ,6,1, ,1,2,12,2, , , , , , , , , ,6,52, , , ,2, , , , , , , , , , , , , , , , , , , , , , , , , , , , , , , , , , , , , ,5, , , , , , , , , , , ,2, ,2, ,2, ,2, ,2, ,2, ,2,2,2,1,1,2,2,2,2,2,2,2,8,1,1723,"65,0483955920386",4,0.0,"201,142857142857",7, ,1, , , ,17,6,0,0,170550900903,1705509009030640903,17055090090306409103,1705509009030640910303,202503,3
1,170150,170150,72,8,1,4,1,21,3,10,10,6,1,1, ,9,1, ,2, ,6,1, ,4,2,12,2, , , , , , , , , ,11, ,9, ,3, , , , , , , , , , , , , , , , , , , , , , , , , , , , , , , , , , , , , , ,5, , , , , , , , , , , ,2, ,2, ,2, ,2, ,2, ,2, , , , , , , , , , , , , , ,1,2513,"11,6040743476263",5,0.0,344,9, , , , , ,17,1,0,0,170150245104,1701502451040720808,17015024510407208108,1701502451040720810408,202508,8
1,170150,170150,63,8,1,3,2,25,3,10,10,6,2, ,5,7,3, , , ,7,3,192,1,1, , , ,48, ,1,4, , , , , , , , , , , , ,8620,3344,2, ,3,2,2,2,2,2,2,2,2,2,2,2,0,1,1,5,2,1,1,48, , , , , , , , , , , ,5, , , , ,470,0,2, , , , ,2, ,2, ,2, ,2, ,2, ,2, , , , , , , , , , , , , , ,1,2511,"37,7607843370075",4,470.0,"567,5",1,1, ,1,3,17,17,1,0,0,170150041402,1701500414020630802,17015004140206308102,1701500414020630810302,202502,2
1,170150,170150,60,2,1,3,1,19,3,10,10,6,1,1, ,7,3, , , ,6,1, ,1,2,6, , ,16,7, ,4, , , , , , , , , , , , ,9603,9112,2, ,3,1,2,2,2,1,2,2,2,2,2,2,2,1,1,23,1,1,1,16, , , , , , , , , , , ,5, , , , ,70,0,1,32, , , ,2, ,2, ,2, ,2, ,2, ,2, , , , , , , , , , , , , , ,1,2511,"9,96495993750495",4,102.0,1018,4,1, ,1,9,19,17,1,0,0,170150196502,1701501965020600206,17015019650206002106,1701501965020600210306,202506,6
2,170252,170252,62,7,1,2,2,23,3,10,10,5,2, ,3,7,3, , , ,1,1, ,1,2,12,2, , , , , , , , , ,11, ,9, ,4, , , , , , , , , , , , , , , , , , , , , , , , , , , , , , , , , , , , , , ,5, , , , , , , , , , , ,2, ,2, ,2, ,2, ,1,85,2, , , , , , , , , , , , , , ,1,1721,"125,875434264287",4,0.0,170,9, , , , , ,17,6,0,0,170252900201,1702529002010620704,17025290020106207104,1702529002010620710204,202504,4
2,170850,170850,67,7,1,2,2,23,2,10,10,5,2, ,3,5,10,1, , ,6,2,130350,2,2,12,2, , , , , , , , , ,11, ,9, ,4, , , , , , , , , , , , , , , , , , , , , , , , , , , , , , , , , , , , , , ,5, , , , , , , , , , , ,2, ,2, ,2, ,2, ,1,90,2, , , , , , , , , , , , , , ,1,1721,"109,250449220384",3,0.0,"76,6666666666667",9, , , , , ,17,6,1,0,170850901102,1708509011020670706,17085090110206707106,1708509011020670710206,202506,6
2,170252,170252,62,7,1,2,2,23,3,10,10,5,2, ,3,7,2, , , ,1,1, ,2,2,12,2, , , , , , , , , ,1,48, , , ,1,5,48,119,6113,4, , , , , , , , , , , , , , , , , , , , , , , , , , , , , , , , ,5, , , , , , , , , , , ,2, ,2, ,2, ,2, ,2, ,2, ,2,2,2,1,1,2,2,2,2,2,2,2,2,1,1721,"91,5001705087505",4,0.0,"188,75",7, ,1, , , ,17,6,0,0,170252900201,1702529002010620701,17025290020106207101,1702529002010620710201,202501,1
1,170550,170550,57,5,1,4,2,23,3,1,10,6,2, ,2,9,4, ,1,30410603,6,2,60250,2,1, , , ,60, ,1,4, , , , , , , , , , , , ,5229,3331,2, ,2,2,2,2,1,2,1,2,2,2,1,1,1,1,2, , , ,2,40,20,0,5610,5120,6,2,6,1,2,2,1,1, , , , ,700,65,2, ,200,2, ,2, ,2, ,2, ,2, ,2, ,2, , , , , , , , , , , , , , ,1,1712,"33,2456198402198",5,965.0,"768,75",1,1, ,1,3,8,17,6,0,0,170550040701,1705500407010570508,17055004070105705108,1705500407010570510408,202508,8
1,170150,170150,73,10,1,4,2,18,3,10,10,6,1,1, ,7,2, , , ,6,1, ,4,2,12,2, , , , , , , , , ,11, ,9, ,3, , , , , , , , , , , , , , , , , , , , , , , , , , , , , , , , , , , , , , ,5, , , , , , , , , , , ,2, ,2, ,2, ,2, ,2, ,2, , , , , , , , , , , , , , ,1,2512,"41,7455513920836",4,0.0,"512,5",9, , , , , ,17,1,0,0,170150131902,1701501319020731009,17015013190207310109,1701501319020731010409,202509,9
1,170151,170151,65,4,1,5,2,28,7,1,5,6,2, ,2,10,1, ,1,50330108,6,2,170150,5,1, , , ,40, ,1,4, , , , , , , , , , , , ,8411,2611,1, ,3,2,2,2,1,2,1,2,2,2,1,1,4,1,2, , , ,1,40, , , , , , , , , , , ,1, , , , ,1000,150,2, , , , ,2, ,2, ,2, ,2, ,2, ,2, , , , , , , , , , , , , , ,1,1712,"22,6522625881374",5,1150.0,"855,2",1,1, ,1,2,15,17,6,0,0,170151004003,1701510040030650404,17015100400306504104,1701510040030650410504,202504,4
1,170150,170150,54,3,1,4,2,21,3,6,10,6,1,2, ,9,3, ,2, ,6,1, ,2,2,12,2, , , , , , , , , ,11, ,9, ,3, , , , , , , , , , , , , , , , , , , , , , , , , , , , , , , , , , , , , , ,5, , , , , , , , , , , ,2, ,2, ,2, ,2, ,2, ,2, , , , , , , , , , , , , , ,1,2512,"20,4688353989058",5,0.0,"499,75",9, , , , , ,17,1,0,0,170150110201,1701501102010540304,17015011020105403104,1701501102010540310404,202504,4
1,170150,170150,71,5,1,1,2,28,1,10,10,5,2, ,11,7,1, , , ,6,2,50150,1,1, , , ,40, ,1,4, , , , , , , , , , , , ,9700,9111,10, ,2,2,2,2,2,2,2,2,2,2,2,2,10,8,1,1, , ,1,40, , , , , , , , , , , ,5, , , , ,470,0,2, , , , ,2, ,2, ,2, ,2, ,2, ,2, , , , , , , , , , , , , , ,1,2513,"94,1747802249688",4,470.0,"313,333333333333",1,1, ,3,9,20,17,1,0,0,170150146304,1701501463040710510,17015014630407105110,1701501463040710510110,202510,10
2,170184,170184,66,5,1,3,2,24,3,1,10,6,2, ,17,9,2, ,2, ,6,1, ,1,1, , , ,20,1, ,4, , , , , , , , , , , , ,4771,5223,2, ,3,2,2,2,1,2,1,2,2,2,1,1,3,1,1,6,2,1,1,20, , , , , , , , , , , ,1, , , , ,290,25,2, , , , ,2, ,2, ,2, ,2, ,2, ,2, , , , , , , , , , , , , , ,1,1723,"127,877744116921",5,315.0,"382,666666666667",4,1, ,1,5,7,17,6,0,0,170184908504,1701849085040660505,17018490850406605105,1701849085040660510305,202505,5
1,170150,170150,73,2,1,4,1,28,3,10,10,6,2, ,3,7,3, , , ,6,2,80450,4,2,12,2, , , , , , , , , ,2,8, , , ,1,5,8,4520,7231,2, , , , , , , , , , , , , , , , , , , , , , , , , , , , , , , , ,5, , , , , , , , , , , ,2, ,2, ,2, ,2, ,2, ,2, ,2,2,2,1,1,2,2,2,2,2,2,2,2,1,2513,"773,78792118938",4,0.0,"242,5",7, ,1, , , ,17,1,0,0,170150035603,1701500356030730209,17015003560307302109,1701500356030730210409,202509,9
1,170150,170150,65,5,1,2,2,29,2,10,10,1,1,3, ,9,4, ,2, ,1,2,180150,2,2,12,2, , , , , , , , , ,11, ,9, ,3, , , , , , , , , , , , , , , , , , , , , , , , , , , , , , , , , , , , , , ,5, , , , , , , , , , , ,2, ,2, ,2, ,2, ,2, ,2, , , , , , , , , , , , , , ,1,2513,"121,029037588919",5,0.0,119,9, , , , , ,17,1,0,0,170150334002,1701503340020650507,17015033400206505107,1701503340020650510207,202507,7
1,170150,170150,51,5,1,2,2,24,2,10,10,5,2, ,3,7,2, , , ,6,1, ,1,1, , , ,20,1, ,4, , , , , , , , , , , , ,9700,9111,10, ,3,2,2,2,2,2,2,2,2,2,2,2,2,8,1,1, , ,1,20, , , , , , , , , , , ,5, , , , ,0,0,2, , , , ,2, ,2, ,2, ,2, ,2, ,2, , , , , , , , , , , , , , ,1,2511,"48,9961513268109",4,0.0,130,4,1, ,3,9,20,17,1,0,0,170150128811,1701501288110510503,17015012881105105103,1701501288110510510203,202503,3
1,170150,170150,70,6,1,2,2,21,5,10,10,6,1,5, ,7,3, , , ,6,1, ,1,2,12,2, , , , , , , , , ,11, ,9, ,3, , , , , , , , , , , , , , , , , , , , , , , , , , , , , , , , , , , , , , ,5, , , , , , , , , , , ,2, ,2, ,2, ,2, ,2, ,2, , , , , , , , , , , , , , ,1,2513,"136,84269203802",4,0.0,"133,333333333333",9, , , , , ,17,1,0,0,170150277801,1701502778010700612,17015027780107006112,1701502778010700610212,202512,12
1,170150,170150,62,6,1,3,1,20,3,10,10,6,2, ,3,7,3, , , ,6,1, ,1,2,12,2, , , , , , , , , ,11, ,8, ,6, , , , , , , , , , , , , , , , , , , , , , , , , , , , , , , , , , , , , , ,5, , , , , , , , , , , ,2, ,2, ,2, ,2, ,2, ,2, , , , , , , , , , , , , , ,1,2512,"72,2986166276261",4,0.0,"1,5",9, , , , , ,17,1,1,1,170150074703,1701500747030620604,17015007470306206104,1701500747030620610304,202504,4
1,170353,170353,73,7,1,3,1,24,3,10,10,6,2, ,11,7,3, , , ,6,1, ,3,1, , , ,40, ,1,4, , , , , , , , , , , , ,4520,7231,2, ,3,2,2,2,2,2,2,2,2,2,2,2,1,1,1,7,1,1,1,40, , , , , , , , , , , ,5, , , , ,400,0,2, , , , ,2, ,2, ,2, ,2, ,2, ,2, , , , , , , , , , , , , , ,1,1711,"50,7041637434849",4,400.0,"317,5",4,1, ,1,7,7,17,6,0,0,170353019901,1703530199010730712,17035301990107307112,1703530199010730710312,202512,12
2,170850,170850,40,2,1,4,2,19,3,3,10,6,1,6, ,7,3, , , ,6,1, ,1,2,12,2, , , , , , , , , ,11, ,9, ,3, , , , , , , , , , , , , , , , , , , , , , , , , , , , , , , , , , , , , , ,5, , , , , , , , , , , ,2, ,2, ,2, ,2, ,2, ,2, , , , , , , , , , , , , , ,1,1721,"27,3536600246766",4,0.0,"116,8",9, , , , , ,17,6,0,0,170850901402,1708509014020400201,17085090140204002101,1708509014020400210401,202501,1
1,170150,170150,53,5,1,2,1,23,3,10,10,6,2, ,3,9,3, ,2, ,6,1, ,1,1, , , ,65, ,1,4, , , , , , , , , , , , ,4711,4321,2, ,3,2,2,2,2,2,2,2,2,2,2,2,5,1,1,10,1,1,1,65, , , , , , , , , , , ,5, , , , ,370,0,2, , , , ,2, ,2, ,2, ,2, ,2, ,2, , , , , , , , , , , , , , ,1,2512,"77,0594088678499",5,370.0,"236,666666666667",4,1, ,1,4,7,17,1,0,0,170150048903,1701500489030530501,17015004890305305101,1701500489030530510201,202501,1
1,170156,170156,59,7,1,1,2,29,1,1,10,6,2, ,3,5,7,1, , ,6,3,170,6,1, , , ,50, ,1,4, , , , , , , , , , , , ,4771,5223,2, ,2,2,2,2,1,2,1,2,2,2,1,1,10,1,1,5,3,1,1,50, , , , , , , , , , , ,1, , , , ,460,45,2, , , , ,2, ,2, ,2, ,2, ,2, ,2, , , , , , , , , , , , , , ,1,1712,"75,7032144238457",3,505.0,"247,4",1,1, ,1,5,7,17,6,0,0,170156051901,1701560519010590706,17015605190105907106,1701560519010590710106,202506,6
1,170150,170150,73,3,1,3,2,28,3,10,10,6,1,1, ,9,3, ,2, ,6,1, ,2,1, , , ,30,7, ,4, , , , , , , , , , , , ,9000,3332,6,2, , , , , , , , , , , , ,5,8,1,1,2,1,1,30, , , , , , , , , , , ,5,300,2, ,50, , , , , , , ,2, ,2, ,2, ,2, ,2, ,2, , , , , , , , , , , , , , ,1,2511,"157,000738506677",5,250.0,"128,333333333333",4,1, ,1,3,18,17,1,0,0,170150263301,1701502633010730309,17015026330107303109,1701502633010730310309,202509,9
1,170150,170150,47,6,1,5,2,18,5,10,10,6,2, ,13,7,3, , , ,6,1, ,2,2,12,2, , , , , , , , , ,11, ,8, ,6, , , , , , , , , , , , , , , , , , , , , , , , , , , , , , , , , , , , , , ,5, , , , , , , , , , , ,2, ,2, ,2, ,2, ,2, ,2, , , , , , , , , , , , , , ,1,2511,"64,1384857120844",4,0.0,"337,142857142857",9, , , , , ,17,1,0,0,170150002604,1701500026040470602,17015000260404706102,1701500026040470610502,202502,2
1,170150,170150,73,9,1,2,1,23,3,1,10,6,1,6, ,8,1, ,2, ,6,1, ,3,1, , , ,40, ,1,4, , , , , , , , , , , , ,9511,7422,2, ,3,2,2,2,1,2,1,2,2,2,1,1,4,1,1,20,1,1,1,40, , , , , , , , , , , ,1, , , , ,430,40,2, , , , ,2, ,2, ,2, ,2, ,2, ,2, , , , , , , , , , , , , , ,1,2513,"123,645399174473",5,470.0,190,1,1, ,1,7,19,17,1,0,0,170150351003,1701503510030730909,17015035100307309109,1701503510030730910209,202509,9
1,170150,170150,73,4,1,4,1,25,5,10,10,6,1,2, ,9,2, ,2, ,6,1, ,2,2,12,2, , , , , , , , , ,11, ,9, ,3, , , , , , , , , , , , , , , , , , , , , , , , , , , , , , , , , , , , , , ,5, , , , , , , , , , , ,2, ,2, ,2, ,2, ,2, ,2, , , , , , , , , , , , , , ,1,2513,"28,1214948884059",5,0.0,"923,75",9, , , , , ,17,1,0,0,170150294802,1701502948020730412,17015029480207304112,1701502948020730410412,202512,12
1,170150,170150,73,6,1,2,2,23,3,10,10,6,1,1, ,9,2, ,2, ,6,1, ,1,2,12,2, , , , , , , , , ,11, ,9, ,3, , , , , , , , , , , , , , , , , , , , , , , , , , , , , , , , , , , , , , ,5, , , , , , , , , , , ,2, ,2, ,2, ,2, ,2, ,2, , , , , , , , , , , , , , ,1,2513,"28,1214948884059",5,0.0,"133,333333333333",9, , , , , ,17,1,0,0,170150294802,1701502948020730612,17015029480207306112,1701502948020730610212,202512,12
1,170150,170150,54,6,1,2,1,26,3,10,10,6,1,5, ,9,4, ,2, ,6,1, ,1,2,12,2, , , , , , , , , ,11, ,9, ,3, , , , , , , , , , , , , , , , , , , , , , , , , , , , , , , , , , , , , , ,5, , , , , , , , , , , ,2, ,2, ,2, ,2, ,2, ,2, , , , , , , , , , , , , , ,1,2511,"11,032209723499",5,0.0,200,9, , , , , ,17,1,0,0,170150213702,1701502137020540604,17015021370205406104,1701502137020540610204,202504,4
1,170156,170156,59,2,1,2,2,27,2,10,10,5,2, ,3,7,3, , , ,6,2,170150,2,2,12,2, , , , , , , , , ,11, ,9, ,4, , , , , , , , , , , , , , , , , , , , , , , , , , , , , , , , , , , , , , ,5, , , , , , , , , , , ,2, ,2, ,2, ,2, ,2, ,2, , , , , , , , , , , , , , ,1,1712,"75,7032144238457",4,0.0,158,9, , , , , ,17,6,0,0,170156051901,1701560519010590206,17015605190105902106,1701560519010590210206,202506,6
1,170150,170150,67,7,1,4,2,24,3,2,10,6,2, ,2,10,2, ,1,50310401,6,1, ,1,1, , , ,70, ,1,4, , , , , , , , , , , , ,8690,2634,6,2, , , , , , , , , , , , ,4,8,1,1,2,1,1,70, , , , , , , , , , , ,2,1500,2, ,0, , , , , , , ,2, ,2, ,2, ,2, ,2, ,2, , , , , , , , , , , , , , ,1,2511,"96,9049496694532",5,1500.0,1610,1,1, ,1,2,17,17,1,0,0,170150164202,1701501642020670709,17015016420206707109,1701501642020670710409,202509,9
2,170154,170154,55,2,1,3,1,26,3,10,10,6,1,1, ,9,4, ,2, ,6,1, ,3,2,12,2, , , , , , , , , ,11, ,9, ,3, , , , , , , , , , , , , , , , , , , , , , , , , , , , , , , , , , , , , , ,5, , , , , , , , , , , ,2, ,2, ,2, ,2, ,2, ,2, , , , , , , , , , , , , , ,1,1721,"26,6885918011606",5,0.0,125,9, , , , , ,17,6,0,0,170154900303,1701549003030550211,17015490030305502111,1701549003030550210311,202511,11
1,170150,170150,65,3,1,2,2,25,2,10,10,5,1,6, ,9,2, ,2, ,6,1, ,1,2,12,2, , , , , , , , , ,11, ,9, ,3, , , , , , , , , , , , , , , , , , , , , , , , , , , , , , , , , , , , , , ,5, , , , , , , , , , , ,2, ,2, ,2, ,2, ,2, ,2, , , , , , , , , , , , , , ,1,2513,"19,3872893492263",5,0.0,"262,25",9, , , , , ,17,1,0,0,170150121005,1701501210050650304,17015012100506503104,1701501210050650310204,202504,4
1,170150,170150,75,5,1,2,2,27,2,1,10,5,2, ,15,7,3, , , ,6,1, ,1,1, , , ,40, ,1,4, , , , , , , , , , , , ,4771,5223,2, ,2,2,2,2,1,2,1,2,2,2,1,1,1,1,1,3,2,1,1,40, , , , , , , , , , , ,1, , , , ,423,47,2, , , , ,2, ,2, ,2, ,2, ,2, ,2, , , , , , , , , , , , , , ,1,2513,"80,5714333139023",4,470.0,201,1,1, ,1,5,7,17,1,0,0,170150396301,1701503963010750511,17015039630107505111,1701503963010750510211,202511,11
1,170150,170150,52,1,1,3,1,22,3,10,10,6,2, ,5,7,3, , , ,1,2,90150,2,1, , , ,50, ,1,4, , , , , , , , , , , , ,4530,5223,2, ,3,2,2,2,2,2,2,2,2,2,2,2,0,1,1,3,2,1,1,50, , , , , , , , , , , ,5, , , , ,350,0,2, , , , ,2, ,2, ,2, ,2, ,2, ,2, , , , , , , , , , , , , , ,1,2513,"403,069794153202",4,350.0,"113,333333333333",4,1, ,1,5,7,17,1,0,0,170150340002,1701503400020520110,17015034000205201110,1701503400020520110310,202510,10
1,170157,170157,54,3,1,2,2,26,2,10,10,5,2, ,15,7,3, , , ,6,2,170150,2,2,12,2, , , , , , , , , ,11, ,9, ,4, , , , , , , , , , , , , , , , , , , , , , , , , , , , , , , , , , , , , , ,5, , , , , , , , , , , ,2, ,2, ,2, ,2, ,1,55,2, , , , , , , , , , , , , , ,1,1713,"92,3898382246102",4,0.0,"128,333333333333",9, , , , , ,17,6,0,0,170157072402,1701570724020540304,17015707240205403104,1701570724020540310204,202504,4
1,170150,170150,71,4,1,2,2,23,3,10,10,6,2, ,2,9,5, ,1,30330101,6,1, ,1,2,12,2, , , , , , , , , ,11, ,8, ,4, , , , , , , , , , , , , , , , , , , , , , , , , , , , , , , , , , , , , , ,5, , , , , , , , , , , ,2, ,2, ,2, ,2, ,2, ,2, , , , , , , , , , , , , , ,1,2512,"22,2457504225134",5,0.0,"70,3333333333333",9, , , , , ,17,1,1,0,170150353802,1701503538020710407,17015035380207104107,1701503538020710410207,202507,7
1,170150,170150,71,4,1,2,1,22,3,10,10,6,2, ,5,5,7,1, , ,6,2,50350,1,1, , , ,40, ,1,4, , , , , , , , , , , , ,4510,3322,6,2, , , , , , , , , , , , ,3,8,1,1,3,1,1,40, , , , , , , , , , , ,5,300,2, ,0, , , , , , , ,2, ,2, ,2, ,2, ,2, ,2, , , , , , , , , , , , , , ,1,2513,"105,006659468975",3,300.0,"551,5",4,1, ,1,3,7,17,1,0,0,170150384901,1701503849010710407,17015038490107104107,1701503849010710410207,202507,7
1,170151,170151,65,6,1,3,2,25,3,10,10,6,1,6, ,9,5, ,1,30310401,6,2,170150,2,2,12,2, , , , , , , , , ,11, ,9, ,3, , , , , , , , , , , , , , , , , , , , , , , , , , , , , , , , , , , , , , ,5, , , , , , , , , , , ,2, ,2, ,2, ,2, ,2, ,2, , , , , , , , , , , , , , ,1,1712,"22,6522625881374",5,0.0,325,9, , , , , ,17,6,0,0,170151004003,1701510040030650604,17015100400306506104,1701510040030650610304,202504,4
1,170156,170156,62,3,1,3,1,19,3,10,10,6,1,5, ,7,3, , , ,6,2,170150,2,2,12,2, , , , , , , , , ,11, ,8, ,3, , , , , , , , , , , , , , , , , , , , , , , , , , , , , , , , , , , , , , ,5, , , , , , , , , , , ,2, ,2, ,2, ,2, ,2, ,2, , , , , , , , , , , , , , ,1,1712,"85,5210652930848",4,0.0,630,9, , , , , ,17,6,0,0,170156063702,1701560637020620304,17015606370206203104,1701560637020620310304,202504,4
1,170163,170163,53,2,1,2,2,18,3,10,10,6,1,1, ,7,2, , , ,6,1, ,1,1, , , ,40, ,1,4, , , , , , , , , , , , ,4711,5223,7, , , , , , , , , , , , , ,2,6,1,2,3,1,1,40, , , , , , , , , , , ,5, , , , , , , , , , , ,2, ,2, ,2, ,2, ,2, ,2, , , , , , , , , , , , , , ,1,1713,"226,387438484939",4,0.0,"133,333333333333",5,1, ,1,5,7,17,6,0,0,170163075404,1701630754040530204,17016307540405302104,1701630754040530210204,202504,4
2,170155,170155,66,9,1,6,1,18,3,10,10,6,2, ,3,7,3, , , ,6,2,60150,1,1, , , ,30,1, ,4, , , , , , , , , , , , ,4781,5211,6,2, , , , , , , , , , , , ,1,4,1,1,3,2,1,30, , , , , , , , , , , ,5,100,2, ,70, , , , , , , ,2, ,2, ,2, ,2, ,2, ,2, , , , , , , , , , , , , , ,1,1722,"50,9203351869255",4,30.0,"95,7777777777778",4,1, ,2,5,7,17,6,0,0,170155901102,1701559011020660905,17015590110206609105,1701559011020660910605,202505,5
1,170150,170150,62,6,1,2,2,28,7,10,10,6,2, ,2,9,6, ,1,30910205,6,2,180150,2,2,12,1,1,20,1, ,1,1,20,7, , , , , , , , , ,8620,2211,6,2, , , , , , , , , , , , ,1,8,1,1,3,1,1,20, , , , , , , , , , , ,5,500,2, ,0, , , , , , , ,2, ,2, ,2, ,2, ,2, ,2, , , , , , , , , , , , , , ,1,2511,"16,8349706540492",5,500.0,2440,2,1, ,1,2,17,17,1,0,0,170150264806,1701502648060620601,17015026480606206101,1701502648060620610201,202501,1
2,170175,170175,64,9,1,4,1,24,3,10,10,6,2, ,11,7,3, , , ,6,2,170550,2,1, , , ,40, ,1,4, , , , , , , , , , , , ,2511,7222,2, ,2,2,2,2,2,1,2,2,2,2,2,2,5,1,1,3,4,1,1,40, , , , , , , , , , , ,5, , , , ,470,0,1,3, , , ,2, ,2, ,2, ,2, ,2, ,2, , , , , , , , , , , , , , ,1,1722,"55,9489605735901",4,473.0,"512,8",1,1, ,1,7,3,17,6,0,0,170175900801,1701759008010640903,17017590080106409103,1701759008010640910403,202503,3
1,170150,170150,70,7,1,4,2,29,3,10,10,6,2, ,2,8,3, ,1,20910411,6,1, ,3,1, , , ,50, ,1,4, , , , , , , , , , , , ,8690,3254,2, ,3,2,2,2,2,2,2,2,2,2,2,2,4,1,1,2,2,1,1,50, , , , , , , , , , , ,5, , , , ,650,0,2, , , , ,2, ,2, ,2, ,2, ,2, ,2, , , , , , , , , , , , , , ,1,2511,"29,1844264356622",5,650.0,"562,5",1,1, ,1,3,17,17,1,0,0,170150319302,1701503193020700712,17015031930207007112,1701503193020700710412,202512,12
1,170150,170150,53,1,1,2,1,20,3,10,10,5,2, ,5,7,3, , , ,6,1, ,3,1, , , ,50, ,1,4, , , , , , , , , , , , ,4100,7112,4, ,6,2,2,2,2,1,2,2,2,2,2,2,1,2,1,5,2,1,1,50, , , , , , , , , , , ,5, , , , ,500,0,1,5, , , ,2, ,2, ,2, ,2, ,2, ,2, , , , , , , , , , , , , , ,1,2513,"82,6228905810797",4,505.0,"316,25",1,1, ,1,7,6,17,1,0,0,170150352603,1701503526030530104,17015035260305301104,1701503526030530110204,202504,4
1,170150,170150,60,6,1,3,2,22,7,10,10,6,1,6, ,9,3, ,2, ,6,1, ,1,2,12,2, , , , , , , , , ,11, ,9, ,3, , , , , , , , , , , , , , , , , , , , , , , , , , , , , , , , , , , , , , ,5, , , , , , , , , , , ,2, ,2, ,2, ,2, ,2, ,2, , , , , , , , , , , , , , ,1,2513,"24,5676732392914",5,0.0,"107,5",9, , , , , ,17,1,0,0,170150149902,1701501499020600609,17015014990206006109,1701501499020600610309,202509,9
1,170150,170150,53,5,1,3,1,21,3,10,10,6,1,1, ,9,1, ,2, ,6,1, ,2,2,12,2, , , , , , , , , ,11, ,9, ,3, , , , , , , , , , , , , , , , , , , , , , , , , , , , , , , , , , , , , , ,5, , , , , , , , , , , ,2, ,2, ,2, ,2, ,2, ,2, , , , , , , , , , , , , , ,1,2512,"27,2335686775445",5,0.0,"169,5",9, , , , , ,17,1,0,0,170150348402,1701503484020530501,17015034840205305101,1701503484020530510301,202501,1
1,170150,170150,73,9,1,4,1,26,3,1,10,6,1,6, ,7,3, , , ,6,1, ,1,1, , , ,40, ,1,4, , , , , , , , , , , , ,6201,3513,2, ,2,2,2,2,1,2,1,2,2,2,1,1,5,1,2, , , ,1,40, , , , , , , , , , , ,1, , , , ,1170,65,2, , , , ,2, ,2, ,2, ,2, ,2, ,2, , , , , , , , , , , , , , ,1,2513,"45,2855399947021",4,1235.0,514,1,1, ,1,3,10,17,1,0,0,170150157701,1701501577010730909,17015015770107309109,1701501577010730910409,202509,9
1,170159,170159,65,1,1,1,1,29,1,1,10,6,2, ,5,7,3, , , ,6,1, ,1,1, , , ,40, ,1,4, , , , , , , , , , , , ,4520,7213,2, ,2,2,2,2,1,1,1,2,2,2,1,1,4,1,1,20,1,1,1,40, , , , , , , , , , , ,1, , , , ,650,60,1,8, , , ,2, ,2, ,2, ,2, ,2, ,2, , , , , , , , , , , , , , ,1,1711,"37,6831114947699",4,718.0,718,1,1, ,1,7,7,17,6,0,0,170159000604,1701590006040650107,17015900060406501107,1701590006040650110107,202507,7
1,170150,170150,65,10,1,3,1,18,3,4,10,6,1,1, ,7,3, , , ,6,2,90150,2,2,12,2, , , , , , , , , ,11, ,9, ,3, , , , , , , , , , , , , , , , , , , , , , , , , , , , , , , , , , , , , , ,5, , , , , , , , , , , ,2, ,2, ,2, ,2, ,2, ,2, , , , , , , , , , , , , , ,1,2511,"146,461717923802",4,0.0,"350,4",9, , , , , ,17,1,0,0,170150014503,1701500145030651004,17015001450306510104,1701500145030651010304,202504,4
1,170150,170150,67,1,1,3,1,25,3,10,10,6,2, ,17,7,3, , , ,6,1, ,3,2,12,2, , , , , , , , , ,9,2, , , ,2, , , , , , , , , , , , , , , , , , , , , , , , , , , , , , , , , , , , , ,5, , , , , , , , , , , ,2, ,2, ,2, ,2, ,2, ,2, ,2,2,1,1,1,2,2,2,2,2,2,2,8,1,2512,"46,9543968807685",4,0.0,"192,333333333333",7, ,1, , , ,17,1,0,0,170150304402,1701503044020670106,17015030440206701106,1701503044020670110306,202506,6
1,170150,170150,64,6,1,3,2,23,3,10,10,6,1,1, ,9,4, ,2, ,6,1, ,2,2,12,2, , , , , , , , , ,11, ,9, ,3, , , , , , , , , , , , , , , , , , , , , , , , , , , , , , , , , , , , , , ,5, , , , , , , , , , , ,2, ,2, ,2, ,2, ,2, ,2, , , , , , , , , , , , , , ,1,2511,"22,1376672341042",5,0.0,100,9, , , , , ,17,1,0,0,170150263201,1701502632010640603,17015026320106406103,1701502632010640610303,202503,3
1,170150,170150,62,5,1,4,1,19,3,10,10,6,2, ,13,7,3, , , ,6,1, ,3,2,12,2, , , , , , , , , ,11, ,9, ,6, , , , , , , , , , , , , , , , , , , , , , , , , , , , , , , , , , , , , , ,5, , , , , , , , , , , ,2, ,2, ,1,400,2, ,2, ,2, , , , , , , , , , , , , , ,1,2513,"70,6464076317423",4,0.0,375,9, , , , , ,17,1,0,0,170150334001,1701503340010620501,17015033400106205101,1701503340010620510401,202501,1
1,170150,170150,47,4,1,2,1,21,3,10,10,6,1,1, ,9,2, ,2, ,6,1, ,1,2,12,2, , , , , , , , , ,11, ,9, ,3, , , , , , , , , , , , , , , , , , , , , , , , , , , , , , , , , , , , , , ,5, , , , , , , , , , , ,2, ,2, ,2, ,2, ,2, ,2, , , , , , , , , , , , , , ,1,2511,"46,1787497534304",5,0.0,418,9, , , , , ,17,1,0,0,170150174003,1701501740030470402,17015017400304704102,1701501740030470410202,202502,2
1,170150,170150,68,1,1,3,1,27,3,10,10,5,2, ,3,7,3, , , ,6,1, ,4,1, , , ,40, ,1,4, , , , , , , , , , , , ,5610,5131,2, ,3,1,2,2,2,2,2,2,2,2,2,2,5,1,1,3,2,1,1,40, , , , , , , , , , , ,5, , , , ,500,0,1,60, , , ,2, ,2, ,2, ,2, ,2, ,2, , , , , , , , , , , , , , ,1,2513,"41,7512639789908",4,560.0,366,1,1, ,1,5,9,17,1,0,0,170150369402,1701503694020680107,17015036940206801107,1701503694020680110307,202507,7
2,170168,170168,53,1,1,2,2,28,2,10,10,5,2, ,8,7,3, , , ,6,2,150150,2,2,12,2, , , , , , , , , ,11, ,9, ,4, , , , , , , , , , , , , , , , , , , , , , , , , , , , , , , , , , , , , , ,5, , , , , , , , , , , ,2, ,2, ,2, ,2, ,2, ,2, , , , , , , , , , , , , , ,1,1722,"69,5257836635829",4,0.0,156,9, , , , , ,17,6,0,0,170168900603,1701689006030530104,17016890060305301104,1701689006030530110204,202504,4
1,170150,170150,75,6,1,8,1,25,5,10,10,6,1,5, ,9,4, ,2, ,6,1, ,8,2,12,2, , , , , , , , , ,11, ,9, ,3, , , , , , , , , , , , , , , , , , , , , , , , , , , , , , , , , , , , , , ,5, , , , , , , , , , , ,2, ,2, ,2, ,2, ,2, ,2, , , , , , , , , , , , , , ,1,2512,"330,993702599896",5,0.0,"514,444444444444",9, , , , , ,17,1,0,0,170150361701,1701503617010750611,17015036170107506111,1701503617010750610811,202511,11
1,170150,170150,63,10,1,4,2,20,4,10,10,5,1,2, ,7,3, , , ,6,1, ,2,2,12,2, , , , , , , , , ,11, ,9, ,3, , , , , , , , , , , , , , , , , , , , , , , , , , , , , , , , , , , , , , ,5, , , , , , , , , , , ,2, ,2, ,2, ,2, ,2, ,2, , , , , , , , , , , , , , ,1,2513,"122,444065007536",4,0.0,"230,75",9, , , , , ,17,1,0,0,170150041301,1701500413010631002,17015004130106310102,1701500413010631010402,202502,2
1,170150,170150,64,7,1,2,2,18,3,10,10,6,2, ,4,5,10,1, , ,3,1, ,1,2,12,2, , , , , , , , , ,11, ,9, ,4, , , , , , , , , , , , , , , , , , , , , , , , , , , , , , , , , , , , , , ,5, , , , , , , , , , , ,2, ,2, ,2, ,2, ,2, ,2, , , , , , , , , , , , , , ,1,2513,"50,032315654628",3,0.0,"97,75",9, , , , , ,17,1,0,0,170150031401,1701500314010640706,17015003140106407106,1701500314010640710206,202506,6
1,170150,170150,73,2,1,4,1,29,3,10,10,6,2, ,5,5,10,1, , ,6,2,80150,2,1, , , ,40, ,1,4, , , , , , , , , , , , ,1410,7533,2, ,3,2,2,2,2,2,2,2,2,2,2,2,0,1,1,10,3,2,1,40, , , , , , , , , , , ,5, , , , ,300,0,2, , , , ,2, ,2, ,2, ,2, ,2, ,2, , , , , , , , , , , , , , ,1,2513,"1108,26187588962",3,300.0,"258,75",4,1, ,2,7,3,17,1,0,0,170150035603,1701500356030730212,17015003560307302112,1701500356030730210412,202512,12
1,170150,170150,58,6,1,2,2,22,7,10,10,6,2, ,5,7,2, , , ,6,3,862,1,1, , , ,40, ,1,4, , , , , , , , , , , , ,4771,5223,2, ,3,2,2,2,2,2,2,2,2,2,2,2,3,1,1,3,2,1,1,40, , , , , , , , , , , ,5, , , , ,350,0,2, , , , ,2, ,2, ,2, ,2, ,2, ,2, , , , , , , , , , , , , , ,2,2511,"33,0093439877736",4,350.0,"407,5",4,1, ,1,5,7,17,1,0,0,170150315407,1701503154070580603,17015031540705806103,1701503154070580610203,202503,3
2,170252,170252,71,7,1,2,2,22,3,1,10,6,2, ,3,7,3, , , ,1,1, ,3,1, , , ,44, ,1,4, , , , , , , , , , , , ,119,6113,2, ,2,2,2,1,1,1,1,2,2,2,1,1,2,11,2, , , ,1,44, , , , , , , , , , , ,1, , , , ,470,45,1,25, , , ,2, ,2, ,2, ,2, ,2, ,2, , , , , , , , , , , , , , ,1,1721,"180,485329534121",4,540.0,"213,6",1,1, ,1,6,1,17,6,0,0,170252902201,1702529022010710707,17025290220107107107,1702529022010710710207,202507,7
1,170550,170550,69,4,1,3,1,20,3,10,10,6,1,1, ,9,3, ,2, ,6,1, ,1,2,12,2, , , , , , , , , ,11, ,9, ,3, , , , , , , , , , , , , , , , , , , , , , , , , , , , , , , , , , , , , , ,5, , , , , , , , , , , ,2, ,2, ,2, ,2, ,2, ,2, , , , , , , , , , , , , , ,1,1712,"114,521385192678",5,0.0,"286,666666666667",9, , , , , ,17,6,0,0,170550032603,1705500326030690411,17055003260306904111,1705500326030690410311,202511,11
1,170150,170150,47,2,1,1,1,24,1,10,10,5,2, ,3,7,3, , , ,6,3,862,1,1, , , ,40, ,1,4, , , , , , , , , , , , ,4799,9520,6,2, , , , , , , , , , , , ,5,3,1,1,3,2,1,40, , , , , , , , , , , ,5,500,2, ,300, , , , , , , ,2, ,2, ,2, ,2, ,2, ,2, , , , , , , , , , , , , , ,1,2513,"28,0450786696597",4,200.0,130,4,1, ,2,9,7,17,1,0,0,170150046806,1701500468060470202,17015004680604702102,1701500468060470210102,202502,2
1,170150,170150,55,4,1,4,2,18,3,10,10,6,1,3, ,5,10,1, , ,6,1, ,1,2,12,2, , , , , , , , , ,11, ,9, ,3, , , , , , , , , , , , , , , , , , , , , , , , , , , , , , , , , , , , , , ,5, , , , , , , , , , , ,2, ,2, ,2, ,2, ,2, ,2, , , , , , , , , , , , , , ,1,2513,"51,9677965263019",3,0.0,"90,8333333333333",9, , , , , ,17,1,0,0,170150364403,1701503644030550402,17015036440305504102,1701503644030550410402,202502,2
1,170150,170150,57,2,1,3,1,18,3,10,10,6,1,1, ,7,2, , , ,6,1, ,1,2,12,2, , , , , , , , , ,11, ,9, ,3, , , , , , , , , , , , , , , , , , , , , , , , , , , , , , , , , , , , , , ,5, , , , , , , , , , , ,2, ,2, ,2, ,2, ,2, ,2, , , , , , , , , , , , , , ,1,2513,"21,8831211984485",4,0.0,505,9, , , , , ,17,1,0,0,170150161401,1701501614010570205,17015016140105702105,1701501614010570210305,202505,5
2,170180,170180,59,6,1,2,2,20,7,10,10,6,1,6, ,8,2, ,2, ,6,1, ,2,2,12,2, , , , , , , , , ,11, ,9, ,3, , , , , , , , , , , , , , , , , , , , , , , , , , , , , , , , , , , , , , ,5, , , , , , , , , , , ,2, ,2, ,2, ,2, ,2, ,2, , , , , , , , , , , , , , ,1,1722,"112,409590328876",5,0.0,175,9, , , , , ,17,6,0,0,170180900201,1701809002010590606,17018090020105906106,1701809002010590610206,202506,6
1,170150,170150,73,1,1,2,2,27,3,1,5,6,2, ,2,10,2, ,1,50410401,6,1, ,1,1, , , ,20,1, ,4, , , , , , , , , , , , ,8530,3313,2, ,3,2,2,2,1,1,1,1,2,2,1,1,3,1,2, , , ,1,20, , , , , , , , , , , ,1, , , , ,300,30,1,68, , , ,2, ,2, ,2, ,2, ,2, ,2, , , , , , , , , , , , , , ,1,2511,"14,1865808643568",5,398.0,1728,4,1, ,1,3,16,17,1,0,0,170150202101,1701502021010730112,17015020210107301112,1701502021010730110212,202512,12
1,170150,170150,65,7,1,3,1,24,3,10,10,6,2, ,2,8,3, ,1,20210401,6,1, ,3,2,12,2, , , , , , , , , ,8,12, , , ,1,2,20,4711,5223,2, , , , , , , , , , , , , , , , , , , , , , , , , , , , , , , , ,5, , , , , , , , , , , ,2, ,2, ,2, ,2, ,2, ,2, ,2,2,1,1,1,2,2,2,2,2,2,2,1,1,2513,"32,3061065291395",5,0.0,"233,333333333333",7, ,1, , , ,17,1,0,0,170150183702,1701501837020650704,17015018370206507104,1701501837020650710304,202504,4
1,170150,170150,56,3,1,3,2,24,3,10,10,6,1,1, ,9,3, ,2, ,6,1, ,2,2,12,2, , , , , , , , , ,11, ,9, ,3, , , , , , , , , , , , , , , , , , , , , , , , , , , , , , , , , , , , , , ,5, , , , , , , , , , , ,2, ,2, ,2, ,2, ,2, ,2, , , , , , , , , , , , , , ,1,2511,"27,0594091639272",5,0.0,"776,666666666667",9, , , , , ,17,1,0,0,170150040502,1701500405020560302,17015004050205603102,1701500405020560310302,202502,2
1,170185,170185,59,2,1,3,1,27,3,10,10,6,1,1, ,9,3, ,2, ,6,1, ,1,2,12,2, , , , , , , , , ,11, ,9, ,3, , , , , , , , , , , , , , , , , , , , , , , , , , , , , , , , , , , , , , ,5, , , , , , , , , , , ,2, ,2, ,2, ,2, ,2, ,2, , , , , , , , , , , , , , ,1,1711,"31,6777308943653",5,0.0,"381,666666666667",9, , , , , ,17,6,0,0,170185104801,1701851048010590206,17018510480105902106,1701851048010590210306,202506,6
1,170150,170150,71,9,1,3,2,20,3,4,10,6,2, ,3,7,3, , , ,6,1, ,1,2,12,2, , , , , , , , , ,11, ,8, ,6, , , , , , , , , , , , , , , , , , , , , , , , , , , , , , , , , , , , , , ,5, , , , , , , , , , , ,2, ,2, ,2, ,2, ,2, ,2, , , , , , , , , , , , , , ,1,2512,"82,8485310136507",4,0.0,220,9, , , , , ,17,1,0,0,170150296805,1701502968050710907,17015029680507109107,1701502968050710910307,202507,7
1,170150,170150,64,1,1,1,1,29,1,10,10,5,2, ,5,9,3, ,2, ,6,1, ,1,1, , , ,48, ,1,4, , , , , , , , , , , , ,1811,7322,5,2, , , , , , , , , , , , ,15,6,1,3,2,1,1,48, , , , , , , , , , , ,5,950,2, ,300, , , , , , , ,2, ,2, ,2, ,2, ,2, ,2, , , , , , , , , , , , , , ,1,2512,"14,5518466782591",5,650.0,430,1,1, ,1,7,3,17,1,0,0,170150120203,1701501202030640106,17015012020306401106,1701501202030640110106,202506,6
2,170751,170751,53,9,1,4,2,20,3,10,10,6,2, ,3,7,3, , , ,3,2,170150,1,1, , , ,20,9, , , , , , , , , , , , , , ,5510,9112,2, ,3,2,2,2,2,2,2,2,2,2,2,2,0,1,1,20,1,1,1,20, , , , , , , , , , , ,5, , , , ,300,0,2, , , , ,2, ,2, ,2, ,2, ,2, ,2, , , , , , , , , , , , , , ,1,1723,"28,1424443411037",4,300.0,255,4,1, ,1,9,9,17,6,0,0,170751000205,1707510002050530901,17075100020505309101,1707510002050530910401,202501,1
1,170179,170179,71,2,1,4,2,18,3,10,10,6,2, ,3,7,3, , , ,6,1, ,1,2,12,2, , , , , , , , , ,8,8, , , ,2, , , , , , , , , , , , , , , , , , , , , , , , , , , , , , , , , , , , , ,5, , , , , , , , , , , ,2, ,2, ,2, ,2, ,2, ,2, ,2,2,2,1,1,2,2,2,2,2,2,2,8,1,1713,"41,2361478509038",4,0.0,"137,5",7, ,1, , , ,17,6,0,0,170179102301,1701791023010710210,17017910230107102110,1701791023010710210410,202510,10
1,170150,170150,60,9,1,3,2,20,3,10,10,6,2, ,12,9,1, ,2, ,6,1, ,1,1, , , ,40, ,1,4, , , , , , , , , , , , ,5610,5120,5,2, , , , , , , , , , , , ,1,6,1,2,3,2,1,40, , , , , , , , , , , ,5,1300,1,80,800, , , , , , , ,2, ,2, ,2, ,2, ,2, ,2, , , , , , , , , , , , , , ,1,2512,"43,7754810727254",5,580.0,"482,5",1,1, ,2,5,9,17,1,0,0,170150276402,1701502764020600906,17015027640206009106,1701502764020600910306,202506,6
1,170150,170150,53,1,1,1,2,24,1,1,10,6,1,5, ,9,5, ,1,30910205,6,3,724,1,1, , , ,40, ,1,4, , , , , , , , , , , , ,8610,2211,1, ,3,2,2,2,1,2,1,2,2,2,1,1,0,1,2, , , ,1,40, , , , , , , , , , , ,1, , , , ,425,45,2, , , , ,2, ,2, ,1,300,2, ,2, ,2, , , , , , , , , , , , , , ,1,2511,"51,0984430636759",5,470.0,535,1,1, ,1,2,17,17,1,0,0,170150205102,1701502051020530104,17015020510205301104,1701502051020530110104,202504,4
1,170156,170156,70,1,1,3,2,28,3,1,10,6,2, ,2,10,1, ,1,50410401,6,2,170150,2,1, , , ,40, ,1,4, , , , , , , , , , , , ,6419,1222,2, ,2,2,2,2,1,2,1,2,2,2,1,1,3,1,2, , , ,1,40, , , , , , , , , , , ,1, , , , ,800,74,2, , , , ,2, ,2, ,2, ,2, ,2, ,2, , , , , , , , , , , , , , ,1,1712,"24,3297348131595",5,874.0,"568,5",1,1, ,1,1,11,17,6,0,0,170156061702,1701560617020700112,17015606170207001112,1701560617020700110312,202512,12
1,170150,170150,67,5,1,4,1,20,3,10,10,6,1,1, ,9,2, ,2, ,6,1, ,2,2,12,2, , , , , , , , , ,11, ,9, ,3, , , , , , , , , , , , , , , , , , , , , , , , , , , , , , , , , , , , , , ,5, , , , , , , , , , , ,2, ,2, ,2, ,2, ,2, ,2, , , , , , , , , , , , , , ,1,2511,"39,0926810798537",5,0.0,"420,6",9, , , , , ,17,1,0,0,170150283104,1701502831040670509,17015028310406705109,1701502831040670510409,202509,9
1,170150,170150,54,8,1,3,2,20,3,10,10,6,1,5, ,9,2, ,2, ,6,1, ,1,2,12,2, , , , , , , , , ,11, ,9, ,3, , , , , , , , , , , , , , , , , , , , , , , , , , , , , , , , , , , , , , ,5, , , , , , , , , , , ,2, ,2, ,2, ,2, ,2, ,2, , , , , , , , , , , , , , ,1,2512,"30,5819913206954",5,0.0,130,9, , , , , ,17,1,0,0,170150110201,1701501102010540807,17015011020105408107,1701501102010540810307,202507,7
1,170150,170150,52,7,1,4,2,20,3,10,10,6,2, ,5,7,3, , , ,6,1, ,3,1, , , ,16,2, ,3,1,30,1,4, , , , , , , , ,9512,4225,2, ,3,2,2,2,2,2,2,2,2,2,2,2,1,1,1,3,3,1,1,16, , , , , , , , , , , ,5, , , , ,250,0,2, , , , ,2, ,2, ,2, ,2, ,2, ,2, , , , , , , , , , , , , , ,1,2513,"14,2304560736531",4,250.0,66,2,1, ,1,4,19,17,1,1,0,170150176103,1701501761030520710,17015017610305207110,1701501761030520710410,202510,10
1,170150,170150,56,7,1,4,2,22,3,10,10,5,1,1, ,9,3, ,2, ,6,1, ,2,2,12,2, , , , , , , , , ,11, ,9, ,3, , , , , , , , , , , , , , , , , , , , , , , , , , , , , , , , , , , , , , ,5, , , , , , , , , , , ,2, ,2, ,2, ,2, ,2, ,2, , , , , , , , , , , , , , ,1,2511,"37,3628922645842",5,0.0,"230,555555555556",9, , , , , ,17,1,0,0,170150229802,1701502298020560705,17015022980205607105,1701502298020560710405,202505,5
1,170353,170353,55,8,1,3,1,23,3,10,10,6,1,5, ,8,2, ,2, ,6,2,170150,4,1, , , ,20,1, ,4, , , , , , , , , , , , ,5610,5120,2, ,3,1,2,2,2,2,2,2,2,2,2,2,1,1,1,3,2,1,1,20, , , , , , , , , , , ,5, , , , ,200,0,1,60, , , ,2, ,2, ,2, ,2, ,2, ,2, , , , , , , , , , , , , , ,1,1711,"34,915128379367",5,260.0,379,4,1, ,1,5,9,17,6,0,0,170353023602,1703530236020550811,17035302360205508111,1703530236020550810311,202511,11
1,170151,170151,65,4,1,4,1,19,3,5,10,6,1,1, ,9,1, ,2, ,6,2,170150,5,2,12,2, , , , , , , , , ,11, ,9, ,3, , , , , , , , , , , , , , , , , , , , , , , , , , , , , , , , , , , , , , ,5, , , , , , , , , , , ,2, ,2, ,2, ,2, ,2, ,2, , , , , , , , , , , , , , ,1,1712,"22,6522625881374",5,0.0,"855,2",9, , , , , ,17,6,0,0,170151004003,1701510040030650404,17015100400306504104,1701510040030650410404,202504,4
1,170150,170150,64,3,1,2,1,27,3,10,10,6,1,1, ,9,2, ,2, ,6,1, ,1,2,12,2, , , , , , , , , ,11, ,9, ,3, , , , , , , , , , , , , , , , , , , , , , , , , , , , , , , , , , , , , , ,5, , , , , , , , , , , ,2, ,2, ,2, ,2, ,2, ,2, , , , , , , , , , , , , , ,1,2513,"15,4696419655236",5,0.0,175,9, , , , , ,17,1,0,0,170150108602,1701501086020640306,17015010860206403106,1701501086020640310206,202506,6
1,170150,170150,67,1,1,3,1,26,5,5,10,6,2, ,2,9,5, ,1,30910205,6,1, ,3,1, , , ,15,1, ,1,1,20,7, , , , , , , , , ,8530,2310,6,2, , , , , , , , , , , , ,1,8,1,1,2,1,1,15, , , , , , , , , , , ,5,600,2, ,0, , , , , , , ,2, ,2, ,2, ,2, ,2, ,2, , , , , , , , , , , , , , ,1,2511,"16,2956882454248",5,600.0,"971,6",2,1, ,1,2,16,17,1,0,0,170150183102,1701501831020670109,17015018310206701109,1701501831020670110309,202509,9
1,170150,170150,69,4,1,2,2,23,3,2,10,6,1,1, ,9,4, ,2, ,6,1, ,2,1, , , ,30,9, , , , , , , , , , , , , , ,4530,5223,7, , , , , , , , , , , , , ,2,6,1,3,1,1,1,30, , , , , , , , , , , ,2, , , , , , , , , , , ,2, ,2, ,2, ,2, ,2, ,2, , , , , , , , , , , , , , ,1,2511,"29,5844439244009",5,0.0,"666,666666666667",5,1, ,1,5,7,17,1,0,0,170150164901,1701501649010690411,17015016490106904111,1701501649010690410211,202511,11
1,170150,170150,59,3,1,3,2,20,3,10,10,6,1,2, ,9,1, ,2, ,6,1, ,6,2,12,2, , , , , , , , , ,11, ,9, ,3, , , , , , , , , , , , , , , , , , , , , , , , , , , , , , , , , , , , , , ,5, , , , , , , , , , , ,2, ,2, ,2, ,2, ,2, ,2, , , , , , , , , , , , , , ,1,2513,"23,4065393643712",5,0.0,200,9, , , , , ,17,1,0,0,170150003601,1701500036010590306,17015000360105903106,1701500036010590310306,202506,6
1,170250,170250,53,6,1,4,2,18,3,10,10,6,1,1, ,7,3, , , ,6,2,100150,2,2,12,2, , , , , , , , , ,11, ,8, ,3, , , , , , , , , , , , , , , , , , , , , , , , , , , , , , , , , , , , , , ,5, , , , , , , , , , , ,2, ,2, ,2, ,2, ,2, ,2, , , , , , , , , , , , , , ,1,1711,"23,1400741532846",4,0.0,"343,6",9, , , , , ,17,6,0,0,170250000201,1702500002010530601,17025000020105306101,1702500002010530610401,202501,1
1,170164,170164,70,7,1,3,2,20,3,10,10,6,1,5, ,9,2, ,2, ,6,2,131750,2,2,12,2, , , , , , , , , ,11, ,9, ,3, , , , , , , , , , , , , , , , , , , , , , , , , , , , , , , , , , , , , , ,5, , , , , , , , , , , ,2, ,2, ,2, ,2, ,2, ,2, , , , , , , , , , , , , , ,1,1711,"121,065959777631",5,0.0,"357,833333333333",9, , , , , ,17,6,0,0,170164077101,1701640771010700712,17016407710107007112,1701640771010700710312,202512,12
1,170150,170150,62,8,1,3,2,20,3,10,10,6,1,1, ,7,3, , , ,6,1, ,4,2,12,2, , , , , , , , , ,11, ,9, ,3, , , , , , , , , , , , , , , , , , , , , , , , , , , , , , , , , , , , , , ,5, , , , , , , , , , , ,2, ,2, ,2, ,2, ,2, ,2, , , , , , , , , , , , , , ,1,2513,"63,6517184849222",4,0.0,201,9, , , , , ,17,1,0,0,170150121001,1701501210010620801,17015012100106208101,1701501210010620810301,202501,1
1,170150,170150,59,3,1,3,2,28,3,10,10,6,2, ,3,7,3, , , ,4,2,80350,2,1, , , ,48, ,1,4, , , , , , , , , , , , ,8890,5311,6,2, , , , , , , , , , , , ,7,9,1,1,3,2,1,48, , , , , , , , , , , ,5,200,2, ,0, , , , , , , ,2, ,2, ,2, ,2, ,2, ,2, , , , , , , , , , , , , , ,1,2512,"31,7171536204527",4,200.0,"376,666666666667",4,1, ,2,5,17,17,1,0,0,170150107901,1701501079010590303,17015010790105903103,1701501079010590310303,202503,3
1,170150,170150,47,7,1,2,1,26,3,1,10,5,2, ,11,7,3, , , ,6,1, ,1,1, , , ,40, ,1,4, , , , , , , , , , , , ,1811,9321,2, ,2,1,2,2,1,1,1,2,2,2,1,1,1,1,2, , , ,1,40, , , , , , , , , , , ,1, , , , ,425,45,1,95, , , ,2, ,2, ,2, ,2, ,2, ,2, , , , , , , , , , , , , , ,1,2513,"69,7496696075582",4,565.0,"335,833333333333",1,1, ,1,9,3,17,1,0,0,170150081804,1701500818040470702,17015008180404707102,1701500818040470710202,202502,2
2,170351,170351,51,5,1,4,1,26,3,10,10,6,2, ,3,7,3, , , ,6,1, ,2,1, , , ,48, ,1,4, , , , , , , , , , , , ,4752,5223,2, ,2,1,2,2,2,2,2,2,2,2,2,2,1,1,1,2,2,1,1,48, , , , , , , , , , , ,5, , , , ,450,0,1,70, , , ,2, ,2, ,2, ,2, ,2, ,2, , , , , , , , , , , , , , ,1,1721,"59,9774200903458",4,520.0,255,1,1, ,1,5,7,17,6,0,0,170351901001,1703519010010510503,17035190100105105103,1703519010010510510403,202503,3
2,170175,170175,64,7,1,4,1,26,3,1,10,6,2, ,3,8,3, ,1,20720104,6,2,170550,5,1, , , ,40, ,1,4, , , , , , , , , , , , ,2511,7212,2, ,3,1,2,2,1,1,1,2,2,2,1,1,5,1,1,16,1,1,1,40, , , , , , , , , , , ,1, , , , ,470,45,1,56, , , ,2, ,2, ,2, ,2, ,2, ,2, , , , , , , , , , , , , , ,1,1722,"64,894156567514",5,571.0,"532,166666666667",1,1, ,1,7,3,17,6,0,0,170175900801,1701759008010640706,17017590080106407106,1701759008010640710406,202506,6
1,170150,170150,60,10,1,3,1,19,3,10,10,6,2, ,13,7,3, , , ,6,1, ,2,2,12,2, , , , , , , , , ,11, ,10, ,6, , , , , , , , , , , , , , , , , , , , , , , , , , , , , , , , , , , , , , ,5, , , , , , , , , , , ,2, ,2, ,2, ,2, ,2, ,2, , , , , , , , , , , , , , ,1,2513,"36,7770030905056",4,0.0,"638,5",9, , , , , ,17,1,0,0,170150329902,1701503299020601009,17015032990206010109,1701503299020601010309,202509,9
1,170150,170150,63,6,1,1,2,24,1,10,10,1,1,6, ,8,2, ,2, ,1,1, ,1,2,12,2, , , , , , , , , ,1,2, , , ,1,1,2,5610,5131,2, , , , , , , , , , , , , , , , , , , , , , , , , , , , , , , , ,5, , , , , , , , , , , ,2, ,2, ,1,400,2, ,2, ,2, ,2,1,1,1,1,2,2,2,2,2,2,2,4,1,2513,"78,4829625795418",5,0.0,"331,666666666667",7, ,1, , , ,17,1,0,0,170150116003,1701501160030630605,17015011600306306105,1701501160030630610105,202505,5
1,170150,170150,73,1,1,4,1,19,5,10,10,6,1,4, ,7,3, , , ,6,1, ,2,2,12,2, , , , , , , , , ,11, ,9, ,3, , , , , , , , , , , , , , , , , , , , , , , , , , , , , , , , , , , , , , ,5, , , , , , , , , , , ,2, ,2, ,2, ,2, ,2, ,2, , , , , , , , , , , , , , ,1,2511,"29,4228971078362",4,0.0,450,9, , , , , ,17,1,0,0,170150163005,1701501630050730112,17015016300507301112,1701501630050730110412,202512,12
1,170150,170150,65,8,1,2,2,27,2,10,10,5,2, ,3,7,3, , , ,6,1, ,2,2,12,2, , , , , , , , , ,2,52, , , ,1,3,52,9700,9111,10, , , , , , , , , , , , , , , , , , , , , , , , , , , , , , , , ,5, , , , , , , , , , , ,2, ,2, ,2, ,2, ,2, ,2, ,2,2,2,1,1,2,2,2,2,2,2,2,3,1,2513,"27,3463699738169",4,0.0,"162,5",7, ,1, , , ,17,1,0,0,170150265203,1701502652030650804,17015026520306508104,1701502652030650810204,202504,4
1,170150,170150,64,5,1,7,1,22,7,10,10,6,2, ,5,7,3, , , ,1,1, ,2,1, , , ,24,1, ,1,1,16,7, , , , , , , , , ,4771,5223,2, ,3,2,2,2,2,2,2,2,2,2,2,2,0,1,1,16,2,1,1,24, , , , , , , , , , , ,5, , , , ,160,0,2, , , , ,2, ,2, ,2, ,2, ,2, ,2, , , , , , , , , , , , , , ,1,2513,"15,4696419655236",4,160.0,"85,4285714285714",2,1, ,1,5,7,17,1,1,0,170150108602,1701501086020640506,17015010860206405106,1701501086020640510706,202506,6
2,170850,170850,69,5,1,4,1,20,5,10,10,6,2, ,3,7,3, , , ,6,1, ,2,1, , , ,40, ,1,4, , , , , , , , , , , , ,1010,9212,2, ,2,2,2,2,2,1,2,2,2,2,2,2,1,1,2, , , ,1,40, , , , , , , , , , , ,5, , , , ,360,0,1,5, , , ,2, ,2, ,2, ,2, ,2, ,2, , , , , , , , , , , , , , ,1,1721,"250,055218974984",4,365.0,230,4,1, ,1,9,3,17,6,0,0,170850901502,1708509015020690511,17085090150206905111,1708509015020690510411,202511,11
1,170150,170150,67,1,1,2,2,19,3,10,10,6,2, ,13,7,3, , , ,6,1, ,1,2,12,2, , , , , , , , , ,11, ,9, ,4, , , , , , , , , , , , , , , , , , , , , , , , , , , , , , , , , , , , , , ,5, , , , , , , , , , , ,2, ,2, ,2, ,2, ,2, ,2, , , , , , , , , , , , , , ,1,2513,"26,705897076815",4,0.0,594,9, , , , , ,17,1,0,0,170150311802,1701503118020670109,17015031180206701109,1701503118020670110209,202509,9
1,170180,170180,70,4,1,1,1,26,1,10,10,5,1,6, ,7,2, , , ,6,2,130350,1,1, , , ,50, ,4,4, , , , , , , , , , , , ,4922,8322,6,2, , , , , , , , , , , , ,1,3,1,1,3,2,1,50, , , , , , , , , , , ,5,1000,1,40,300, , , , , , , ,2, ,2, ,2, ,2, ,2, ,2, , , , , , , , , , , , , , ,1,1713,"63,0377098390867",4,740.0,185,1,1, ,2,8,8,17,6,0,0,170180115702,1701801157020700409,17018011570207004109,1701801157020700410109,202509,9
1,170150,170150,71,7,1,2,1,27,3,10,10,6,2, ,2,8,3, ,1,20910201,6,1, ,2,1, , , ,40, ,1,4, , , , , , , , , , , , ,8690,3221,6,2, , , , , , , , , , , , ,2,8,1,1,2,2,1,40, , , , , , , , , , , ,5,500,2, ,0, , , , , , , ,2, ,2, ,2, ,2, ,2, ,2, , , , , , , , , , , , , , ,1,2511,"35,1327690449234",5,500.0,"382,333333333333",1,1, ,2,3,17,17,1,0,0,170150279902,1701502799020710707,17015027990207107107,1701502799020710710207,202507,7
1,170251,170251,71,10,1,5,1,22,7,10,10,5,2, ,3,7,3, , , ,1,2,150158,5,1, , , ,48, ,1,4, , , , , , , , , , , , ,119,6113,2, ,3,1,2,1,2,2,2,2,2,2,2,2,0,11,2, , , ,1,48, , , , , , , , , , , ,5, , , , ,470,0,1,80, , , ,2, ,2, ,2, ,2, ,2, ,2, , , , , , , , , , , , , , ,1,1711,"33,731872137177",4,550.0,"198,333333333333",1,1, ,1,6,1,17,6,0,0,170251006902,1702510069020711007,17025100690207110107,1702510069020711010507,202507,7
1,170150,170150,51,3,1,3,1,26,3,10,10,6,2, ,2,9,5, ,1,30310402,6,1, ,1,2,12,2, , , , , , , , , ,8,1, , , ,2, , , , , , , , , , , , , , , , , , , , , , , , , , , , , , , , , , , , , ,5, , , , , , , , , , , ,2, ,2, ,2, ,2, ,2, ,2, ,2,2,1,1,1,2,2,2,2,2,2,2,8,1,2513,"20,8229971757833",5,0.0,"257,333333333333",7, ,1, , , ,17,1,0,0,170150196002,1701501960020510303,17015019600205103103,1701501960020510310303,202503,3
1,170150,170150,53,5,1,4,1,21,3,10,10,6,1,5, ,9,2, ,2, ,6,1, ,4,2,12,2, , , , , , , , , ,11, ,9, ,3, , , , , , , , , , , , , , , , , , , , , , , , , , , , , , , , , , , , , , ,5, , , , , , , , , , , ,2, ,2, ,2, ,2, ,2, ,2, , , , , , , , , , , , , , ,1,2512,"69,9096053174542",5,0.0,"170,8",9, , , , , ,17,1,0,0,170150099404,1701500994040530504,17015009940405305104,1701500994040530510404,202504,4
1,170150,170150,58,8,1,3,1,18,3,10,10,6,1,1, ,7,3, , , ,6,2,230150,1,2,12,2, , , , , , , , , ,11, ,9, ,3, , , , , , , , , , , , , , , , , , , , , , , , , , , , , , , , , , , , , , ,5, , , , , , , , , , , ,2, ,2, ,2, ,2, ,2, ,2, , , , , , , , , , , , , , ,1,2511,"22,0236243241712",4,0.0,"448,666666666667",9, , , , , ,17,1,0,0,170150147302,1701501473020580812,17015014730205808112,1701501473020580810312,202512,12
1,170150,170150,59,4,1,3,2,18,3,5,10,6,1,1, ,9,1, ,2, ,6,3,862,1,2,12,2, , , , , , , , , ,11, ,9, ,3, , , , , , , , , , , , , , , , , , , , , , , , , , , , , , , , , , , , , , ,5, , , , , , , , , , , ,2, ,2, ,2, ,2, ,2, ,2, , , , , , , , , , , , , , ,1,2511,"18,7550251442586",5,0.0,"683,333333333333",9, , , , , ,17,1,0,0,170150196602,1701501966020590406,17015019660205904106,1701501966020590410306,202506,6
1,170150,170150,62,3,1,3,1,24,3,10,10,6,2, ,7,1, ,2, , ,6,2,10150,2,2,12,2, , , , , , , , , ,11, ,11, ,5, , , , , , , , , , , , , , , , , , , , , , , , , , , , , , , , , , , , , , ,5, , , , , , , , , , , ,2, ,2, ,2, ,2, ,2, ,2, , , , , , , , , , , , , , ,1,2512,"57,6472539672849",1,0.0,"85,6",9, , , , , ,17,1,1,0,170150224307,1701502243070620301,17015022430706203101,1701502243070620310301,202501,1
1,170150,170150,55,2,1,4,2,23,3,10,10,6,1,1, ,9,1, ,2, ,6,2,50250,5,2,12,2, , , , , , , , , ,11, ,9, ,3, , , , , , , , , , , , , , , , , , , , , , , , , , , , , , , , , , , , , , ,5, , , , , , , , , , , ,2, ,2, ,2, ,2, ,2, ,2, , , , , , , , , , , , , , ,1,2512,"117,96518163141",5,0.0,"155,833333333333",9, , , , , ,17,1,0,0,170150392303,1701503923030550202,17015039230305502102,1701503923030550210402,202502,2
1,170150,170150,69,8,1,5,2,19,3,10,10,6,1,5, ,7,3, , , ,6,1, ,1,2,12,2, , , , , , , , , ,11, ,9, ,3, , , , , , , , , , , , , , , , , , , , , , , , , , , , , , , , , , , , , , ,5, , , , , , , , , , , ,2, ,2, ,2, ,2, ,2, ,2, , , , , , , , , , , , , , ,1,2511,"29,5844439244009",4,0.0,178,9, , , , , ,17,1,0,0,170150164901,1701501649010690811,17015016490106908111,1701501649010690810511,202511,11
1,170150,170150,65,4,1,2,1,21,3,10,10,6,1,1, ,7,3, , , ,6,2,80150,1,2,12,2, , , , , , , , , ,11, ,9, ,3, , , , , , , , , , , , , , , , , , , , , , , , , , , , , , , , , , , , , , ,5, , , , , , , , , , , ,2, ,2, ,2, ,2, ,2, ,2, , , , , , , , , , , , , , ,1,2511,"32,130211472946",4,0.0,"118,333333333333",9, , , , , ,17,1,0,0,170150043803,1701500438030650404,17015004380306504104,1701500438030650410204,202504,4
2,170152,170152,73,1,1,2,2,20,2,10,10,5,2, ,5,7,3, , , ,6,1, ,2,1, , , ,16,1, ,4, , , , , , , , , , , , ,5610,5131,2, ,2,1,2,2,2,2,2,2,2,2,2,2,3,1,1,4,2,1,1,16, , , , , , , , , , , ,5, , , , ,140,0,1,60, , , ,2, ,2, ,2, ,2, ,2, ,2, , , , , , , , , , , , , , ,1,1723,"31,4241000752891",4,200.0,"316,666666666667",4,1, ,1,5,9,17,6,0,0,170152904102,1701529041020730112,17015290410207301112,1701529041020730110212,202512,12
1,170150,170150,70,2,1,3,1,22,3,10,10,6,2, ,3,7,3, , , ,6,1, ,1,1, , , ,24,1, ,4, , , , , , , , , , , , ,5610,9321,7, , , , , , , , , , , , , ,0,9,1,2,3,2,1,24, , , , , , , , , , , ,5, , , , , , , , , , , ,2, ,2, ,2, ,2, ,2, ,2, , , , , , , , , , , , , , ,1,2511,"28,6165711389744",4,0.0,47,5,1, ,2,9,9,17,1,1,1,170150316003,1701503160030700209,17015031600307002109,1701503160030700210309,202509,9
1,170150,170150,60,8,1,2,1,28,7,10,10,6,2, ,11,7,3, , , ,6,2,80150,2,2,12,2, , , , , , , , , ,2,50, , , ,1,2,52,4773,5223,2, , , , , , , , , , , , , , , , , , , , , , , , , , , , , , , , ,5, , , , , , , , , , , ,2, ,2, ,2, ,2, ,2, ,2, ,2,2,1,1,1,2,2,2,2,2,2,2,1,1,2512,"65,7727953008691",4,0.0,"284,5",7, ,1, , , ,17,1,0,0,170150192303,1701501923030600809,17015019230306008109,1701501923030600810209,202509,9
1,170155,170155,63,1,1,3,2,25,3,10,10,6,1,1, ,9,1, ,2, ,6,1, ,1,2,12,2, , , , , , , , , ,11, ,9, ,3, , , , , , , , , , , , , , , , , , , , , , , , , , , , , , , , , , , , , , ,5, , , , , , , , , , , ,2, ,2, ,2, ,2, ,2, ,2, , , , , , , , , , , , , , ,1,1711,"23,508281390684",5,0.0,"288,666666666667",9, , , , , ,17,6,0,0,170155014003,1701550140030630105,17015501400306301105,1701550140030630110305,202505,5
1,170150,170150,59,2,1,3,2,18,3,10,10,6,1,1, ,7,2, , , ,1,1, ,1,2,12,2, , , , , , , , , ,11, ,9, ,3, , , , , , , , , , , , , , , , , , , , , , , , , , , , , , , , , , , , , , ,5, , , , , , , , , , , ,2, ,2, ,2, ,2, ,2, ,2, , , , , , , , , , , , , , ,1,2512,"61,3648812222685",4,0.0,"112,6",9, , , , , ,17,1,0,0,170150324802,1701503248020590206,17015032480205902106,1701503248020590210306,202506,6
1,170150,170150,76,7,1,3,1,20,3,1,10,6,2, ,5,7,3, , , ,4,1, ,1,1, , , ,40, ,1,4, , , , , , , , , , , , ,4711,5230,2, ,2,2,2,2,1,1,1,2,2,1,1,1,1,1,2, , , ,1,40, , , , , , , , , , , ,1, , , , ,0,40,1,15, , , ,2, ,2, ,2, ,2, ,2, ,2, , , , , , , , , , , , , , ,1,2513,"14,3959305730375",4,55.0,"249,8",4,1, ,1,5,7,17,1,0,0,170150294803,1701502948030760712,17015029480307607112,1701502948030760710312,202512,12
1,170150,170150,66,4,1,4,1,18,3,10,10,6,1,1, ,7,3, , , ,6,1, ,3,2,12,2, , , , , , , , , ,11, ,9, ,3, , , , , , , , , , , , , , , , , , , , , , , , , , , , , , , , , , , , , , ,5, , , , , , , , , , , ,2, ,2, ,2, ,2, ,2, ,2, , , , , , , , , , , , , , ,1,2512,"160,325317249811",4,0.0,"308,25",9, , , , , ,17,1,0,0,170150359701,1701503597010660405,17015035970106604105,1701503597010660410405,202505,5
1,170150,170150,55,6,1,2,2,27,3,10,10,6,2, ,5,5,10,1, , ,6,1, ,2,1, , , ,20,1, ,4, , , , , , , , , , , , ,4781,5211,7, , , , , , , , , , , , , ,10,4,1,2,3,2,1,20, , , , , , , , , , , ,5, , , , , , , , , , , ,2, ,2, ,2, ,2, ,1,55,2, , , , , , , , , , , , , , ,1,2512,"202,822097240184",3,0.0,"39,625",5,1, ,2,5,7,17,1,1,1,170150231801,1701502318010550602,17015023180105506102,1701502318010550610202,202502,2
1,170150,170150,64,3,1,3,2,18,3,10,10,6,1,1, ,7,3, , , ,6,1, ,1,2,12,2, , , , , , , , , ,11, ,9, ,3, , , , , , , , , , , , , , , , , , , , , , , , , , , , , , , , , , , , , , ,5, , , , , , , , , , , ,2, ,2, ,2, ,2, ,2, ,2, , , , , , , , , , , , , , ,1,2512,"38,5522244161859",4,0.0,"183,333333333333",9, , , , , ,17,1,0,0,170150264907,1701502649070640306,17015026490706403106,1701502649070640310306,202506,6
1,170150,170150,75,5,1,3,1,21,3,10,10,6,1,1, ,9,1, ,2, ,6,1, ,1,2,12,2, , , , , , , , , ,11, ,9, ,3, , , , , , , , , , , , , , , , , , , , , , , , , , , , , , , , , , , , , , ,5, , , , , , , , , , , ,2, ,2, ,2, ,2, ,2, ,2, , , , , , , , , , , , , , ,1,2511,"18,9435645823413",5,0.0,586,9, , , , , ,17,1,0,0,170150172903,1701501729030750511,17015017290307505111,1701501729030750510311,202511,11
2,170252,170252,71,8,1,2,1,18,3,10,10,6,1,1, ,7,2, , , ,1,1, ,2,1, , , ,20,7, ,4, , , , , , , , , , , , ,4100,9313,4, ,6,2,2,2,2,2,2,2,2,2,2,2,0,2,1,5,3,2,1,20, , , , , , , , , , , ,5, , , , ,200,0,2, , , , ,2, ,2, ,2, ,2, ,2, ,2, , , , , , , , , , , , , , ,1,1721,"33,4015868738909",4,200.0,"208,5",4,1, ,2,9,6,17,6,0,0,170252901501,1702529015010710810,17025290150107108110,1702529015010710810210,202510,10
2,170159,170159,64,2,1,3,2,27,3,10,10,6,2, ,2,9,4, ,1,30110303,6,1, ,2,1, , , ,40, ,1,4, , , , , , , , , , , , ,4922,8322,6,2, , , , , , , , , , , , ,2,3,1,1,2,1,1,40, , , , , , , , , , , ,5,470,2, ,150, , , , , , , ,2, ,2, ,2, ,2, ,2, ,2, , , , , , , , , , , , , , ,1,1722,"24,7776280830389",5,320.0,"236,75",4,1, ,1,8,8,17,6,0,0,170159900702,1701599007020640206,17015990070206402106,1701599007020640210306,202506,6
1,170150,170150,63,6,1,2,2,29,2,4,10,1,2, ,15,9,5, ,1,30410801,6,2,100150,2,2,12,2, , , , , , , , , ,11, ,9, ,4, , , , , , , , , , , , , , , , , , , , , , , , , , , , , , , , , , , , , , ,5, , , , , , , , , , , ,2, ,2, ,2, ,2, ,2, ,2, , , , , , , , , , , , , , ,1,2511,"323,10906949633",5,0.0,"262,5",9, , , , , ,17,1,0,0,170150209904,1701502099040630602,17015020990406306102,1701502099040630610202,202502,2
1,170150,170150,58,5,1,3,1,18,5,10,10,6,2, ,17,7,3, , , ,6,1, ,2,2,12,2, , , , , , , , , ,11, ,9, ,6, , , , , , , , , , , , , , , , , , , , , , , , , , , , , , , , , , , , , , ,5, , , , , , , , , , , ,2, ,2, ,2, ,2, ,2, ,2, , , , , , , , , , , , , , ,1,2513,"97,7869142467334",4,0.0,50,9, , , , , ,17,1,1,1,170150364603,1701503646030580512,17015036460305805112,1701503646030580510312,202512,12
1,170150,170150,62,4,1,2,2,22,3,1,10,6,1,2, ,9,1, ,2, ,6,2,20650,2,1, , , ,45, ,1,4, , , , , , , , , , , , ,4721,5223,2, ,3,1,2,2,1,2,1,2,2,2,1,1,8,1,1,3,2,1,1,45, , , , , , , , , , , ,1, , , , ,960,45,1,60, , , ,2, ,2, ,2, ,2, ,2, ,2, , , , , , , , , , , , , , ,1,2513,"21,3344936704429",5,1065.0,"637,5",1,1, ,1,5,7,17,1,0,0,170150085601,1701500856010620401,17015008560106204101,1701500856010620410201,202501,1
1,170150,170150,53,10,1,2,1,28,3,1,10,6,2, ,2,9,4, ,1,30410302,6,1, ,2,1, , , ,40, ,1,4, , , , , , , , , , , , ,8412,2421,1, ,1,2,2,2,1,2,1,2,2,1,1,1,1,1,2, , , ,1,40, , , , , , , , , , , ,1, , , , ,1800,200,1,20, , , ,2, ,2, ,2, ,2, ,2, ,2, , , , , , , , , , , , , , ,1,2511,"22,6647232068801",5,2020.0,1230,1,1, ,1,2,15,17,1,0,0,170150183603,1701501836030531004,17015018360305310104,1701501836030531010204,202504,4
1,170950,170950,55,7,1,2,2,22,3,10,10,6,2, ,5,7,3, , , ,6,1, ,2,1, , , ,40, ,1,4, , , , , , , , , , , , ,5320,8321,6,2, , , , , , , , , , , , ,2,3,1,1,3,2,1,40, , , , , , , , , , , ,5,400,1,7,30, , , , , , , ,2, ,2, ,2, ,2, ,2, ,2, , , , , , , , , , , , , , ,1,1711,"48,025134713134",4,377.0,"752,333333333333",4,1, ,2,8,8,17,6,0,0,170950001001,1709500010010550711,17095000100105507111,1709500010010550710211,202511,11
2,170250,170250,60,1,1,4,2,19,4,10,10,5,2, ,12,7,3, , , ,1,2,40150,1,2,12,2, , , , , , , , , ,11, ,9, ,4, , , , , , , , , , , , , , , , , , , , , , , , , , , , , , , , , , , , , , ,5, , , , , , , , , , , ,2, ,2, ,2, ,2, ,2, ,2, , , , , , , , , , , , , , ,1,1722,"32,6617702292154",4,0.0,283,9, , , , , ,17,6,0,0,170250903301,1702509033010600109,17025090330106001109,1702509033010600110409,202509,9
2,170156,170156,52,5,1,2,1,19,3,10,10,6,1,6, ,7,3, , , ,6,2,170150,1,2,12,2, , , , , , , , , ,11, ,9, ,3, , , , , , , , , , , , , , , , , , , , , , , , , , , , , , , , , , , , , , ,5, , , , , , , , , , , ,2, ,2, ,2, ,2, ,2, ,2, , , , , , , , , , , , , , ,1,1723,"55,2617625536295",4,0.0,204,9, , , , , ,17,6,0,0,170156900902,1701569009020520501,17015690090205205101,1701569009020520510201,202501,1
1,170150,170150,69,3,1,3,1,18,3,10,10,6,1,1, ,7,3, , , ,6,1, ,1,2,12,2, , , , , , , , , ,11, ,9, ,3, , , , , , , , , , , , , , , , , , , , , , , , , , , , , , , , , , , , , , ,5, , , , , , , , , , , ,2, ,2, ,1,100,2, ,2, ,2, , , , , , , , , , , , , , ,1,2512,"57,4708289848866",4,0.0,"116,666666666667",9, , , , , ,17,1,0,0,170150140101,1701501401010690311,17015014010106903111,1701501401010690310311,202511,11
1,170150,170150,55,1,1,3,2,29,3,1,10,6,2, ,2,9,4, ,1,30410102,6,1, ,1,1, , , ,40, ,1,4, , , , , , , , , , , , ,6419,2411,2, ,3,2,2,2,1,2,1,2,2,2,1,1,2,1,2, , , ,1,40, , , , , , , , , , , ,1, , , , ,425,45,2, , , , ,2, ,2, ,2, ,2, ,2, ,2, , , , , , , , , , , , , , ,1,2513,"51,9677965263019",5,470.0,"172,5",1,1, ,1,2,11,17,1,0,0,170150364403,1701503644030550102,17015036440305501102,1701503644030550110302,202502,2
1,170150,170150,64,6,1,1,1,24,1,10,10,6,2, ,3,7,3, , , ,6,2,20150,1,1, , , ,60, ,1,4, , , , , , , , , , , , ,4741,5223,2, ,3,2,2,2,2,2,2,2,2,2,2,2,2,1,1,4,2,1,1,60, , , , , , , , , , , ,5, , , , ,400,0,2, , , , ,2, ,2, ,2, ,2, ,2, ,2, , , , , , , , , , , , , , ,1,2512,"73,6223128620307",4,400.0,400,4,1, ,1,5,7,17,1,0,0,170150264907,1701502649070640603,17015026490706406103,1701502649070640610103,202503,3
1,170150,170150,57,7,1,3,2,21,3,10,10,6,1,6, ,9,4, ,2, ,6,1, ,4,2,12,2, , , , , , , , , ,1,3, , , ,2, , , , , , , , , , , , , , , , , , , , , , , , , , , , , , , , , , , , , ,5, , , , , , , , , , , ,2, ,2, ,2, ,2, ,2, ,2, ,2,2,1,1,1,2,2,2,2,2,2,2,8,1,2512,"93,7351207103897",5,0.0,"193,4",7, ,1, , , ,17,1,0,0,170150012201,1701500122010570705,17015001220105707105,1701500122010570710305,202505,5
1,170150,170150,63,4,1,2,2,29,2,10,10,5,2, ,3,9,3, ,2, ,6,3,862,2,2,12,2, , , , , , , , , ,11, ,8, ,4, , , , , , , , , , , , , , , , , , , , , , , , , , , , , , , , , , , , , , ,5, , , , , , , , , , , ,2, ,2, ,2, ,2, ,2, ,2, , , , , , , , , , , , , , ,2,2513,"18,1575569824831",5,0.0,"121,333333333333",9, , , , , ,17,1,0,0,170150099101,1701500991010630405,17015009910106304105,1701500991010630410205,202505,5
2,170152,170152,65,4,1,3,2,25,3,10,10,5,2, ,3,7,3, , , ,6,1, ,3,2,12,2, , , , , , , , , ,8,4, , , ,1,2,24,1030,3322,2, , , , , , , , , , , , , , , , , , , , , , , , , , , , , , , , ,5, , , , , , , , , , , ,2, ,2, ,2, ,2, ,2, ,2, ,2,2,1,1,1,2,2,2,2,2,2,2,1,1,1723,"27,3599551600896",4,0.0,158,7, ,1, , , ,17,6,0,0,170152902403,1701529024030650404,17015290240306504104,1701529024030650410304,202504,4
2,170184,170184,53,3,1,3,2,22,3,10,10,6,1,5, ,9,2, ,2, ,6,1, ,2,2,12,2, , , , , , , , , ,11, ,9, ,3, , , , , , , , , , , , , , , , , , , , , , , , , , , , , , , , , , , , , , ,5, , , , , , , , , , , ,2, ,2, ,2, ,2, ,2, ,2, , , , , , , , , , , , , , ,1,1722,"43,9742325425504",5,0.0,295,9, , , , , ,17,6,0,0,170184905101,1701849051010530304,17018490510105303104,1701849051010530310304,202504,4
1,170150,170150,62,6,1,3,2,19,3,10,10,6,2, ,17,7,3, , , ,6,1, ,2,2,12,2, , , , , , , , , ,9,24, , , ,1,5,24,5610,5131,2, , , , , , , , , , , , , , , , , , , , , , , , , , , , , , , , ,5, , , , , , , , , , , ,2, ,2, ,2, ,2, ,2, ,2, ,2,2,2,1,1,2,2,2,2,2,2,2,2,1,2512,"75,8472011321298",4,0.0,"252,5",7, ,1, , , ,17,1,0,0,170150268203,1701502682030620604,17015026820306206104,1701502682030620610304,202504,4
2,170151,170151,68,2,1,2,2,25,2,10,10,5,2, ,8,7,3, , , ,6,2,170150,2,1, , , ,20,9, , , , , , , , , , , , , , ,4520,7231,7, , , , , , , , , , , , , ,6,6,1,2,3,2,1,20, , , , , , , , , , , ,5, , , , , , , , , , , ,2, ,2, ,2, ,2, ,2, ,2, , , , , , , , , , , , , , ,1,1722,"62,866531985941",4,0.0,318,5,1, ,2,7,7,17,6,0,0,170151901402,1701519014020680210,17015190140206802110,1701519014020680210210,202510,10
1,170150,170150,60,5,1,2,1,20,3,10,10,6,2, ,2,8,3, ,1,20910102,6,1, ,3,1, , , ,30,1, ,4, , , , , , , , , , , , ,4520,9122,2, ,3,2,2,2,2,2,2,2,2,2,2,2,1,1,1,3,2,1,1,30, , , , , , , , , , , ,5, , , , ,200,0,2, , , , ,2, ,2, ,2, ,2, ,2, ,2, , , , , , , , , , , , , , ,1,2511,"24,3291929568441",5,200.0,262,4,1, ,1,9,7,17,1,0,0,170150030706,1701500307060600506,17015003070606005106,1701500307060600510206,202506,6
2,170184,170184,69,5,1,3,2,20,3,10,10,6,1,6, ,8,1, ,2, ,6,2,170150,3,2,12,2, , , , , , , , , ,11, ,9, ,3, , , , , , , , , , , , , , , , , , , , , , , , , , , , , , , , , , , , , , ,5, , , , , , , , , , , ,2, ,2, ,1,120,2, ,2, ,2, , , , , , , , , , , , , , ,1,1722,"50,3636939863224",5,0.0,"169,6",9, , , , , ,17,6,0,0,170184907001,1701849070010690511,17018490700106905111,1701849070010690510311,202511,11
1,170155,170155,51,4,1,1,1,28,1,1,10,5,2, ,5,9,1, ,2, ,6,1, ,2,1, , , ,40, ,1,4, , , , , , , , , , , , ,8423,4225,1, ,3,2,2,2,1,2,1,2,2,2,1,1,5,1,2, , , ,1,40, , , , , , , , , , , ,1, , , , ,650,78,2, , , , ,2, ,2, ,2, ,1,60,2, ,2, , , , , , , , , , , , , , ,1,1713,"63,2262027996991",5,728.0,"198,5",1,1, ,1,4,15,17,6,0,0,170155025303,1701550253030510403,17015502530305104103,1701550253030510410103,202503,3
1,170150,170150,68,1,1,2,1,20,3,10,10,6,1,1, ,8,1, ,2, ,6,1, ,1,2,12,2, , , , , , , , , ,11, ,9, ,3, , , , , , , , , , , , , , , , , , , , , , , , , , , , , , , , , , , , , , ,5, , , , , , , , , , , ,2, ,2, ,2, ,2, ,2, ,2, , , , , , , , , , , , , , ,1,2512,"18,2352401083866",5,0.0,240,9, , , , , ,17,1,0,0,170150257002,1701502570020680110,17015025700206801110,1701502570020680110210,202510,10
1,170185,170185,72,2,1,3,1,20,3,10,10,6,2, ,13,7,3, , , ,6,1, ,2,2,12,2, , , , , , , , , ,11, ,9, ,6, , , , , , , , , , , , , , , , , , , , , , , , , , , , , , , , , , , , , , ,5, , , , , , , , , , , ,2, ,2, ,2, ,2, ,2, ,2, , , , , , , , , , , , , , ,1,1711,"105,213591612716",4,0.0,"186,25",9, , , , , ,17,6,0,0,170185104904,1701851049040720208,17018510490407202108,1701851049040720210308,202508,8
1,170150,170150,57,1,1,3,2,24,3,10,10,6,1,1, ,9,3, ,2, ,6,1, ,1,2,12,2, , , , , , , , , ,11, ,9, ,3, , , , , , , , , , , , , , , , , , , , , , , , , , , , , , , , , , , , , , ,5, , , , , , , , , , , ,2, ,2, ,1,300,2, ,2, ,2, , , , , , , , , , , , , , ,1,2511,"21,5666196580611",5,0.0,200,9, , , , , ,17,1,0,0,170150002604,1701500026040570108,17015000260405701108,1701500026040570110308,202508,8
1,170150,170150,59,7,1,1,2,26,1,1,10,6,2, ,3,7,3, , , ,6,2,110153,1,1, , , ,40, ,1,4, , , , , , , , , , , , ,5610,5131,2, ,2,1,2,2,1,1,1,2,2,2,2,2,3,1,1,8,1,1,1,40, , , , , , , , , , , ,1, , , , ,426,44,1,80, , , ,2, ,2, ,1,60,2, ,2, ,2, , , , , , , , , , , , , , ,1,2513,"59,7906136531247",4,550.0,305,1,1, ,1,5,9,17,1,0,0,170150024903,1701500249030590703,17015002490305907103,1701500249030590710103,202503,3
1,170151,170151,65,4,1,3,2,21,3,5,10,6,1,1, ,9,2, ,2, ,6,2,170150,5,2,12,2, , , , , , , , , ,11, ,9, ,3, , , , , , , , , , , , , , , , , , , , , , , , , , , , , , , , , , , , , , ,5, , , , , , , , , , , ,2, ,2, ,2, ,2, ,2, ,2, , , , , , , , , , , , , , ,1,1712,"22,6522625881374",5,0.0,"855,2",9, , , , , ,17,6,0,0,170151004003,1701510040030650404,17015100400306504104,1701510040030650410304,202504,4
1,170150,170150,57,3,1,2,1,26,3,1,10,6,2, ,11,7,3, , , ,6,1, ,2,1, , , ,40, ,1,4, , , , , , , , , , , , ,2813,8122,2, ,2,1,2,2,1,1,1,2,2,2,1,1,2,1,2, , , ,1,40, , , , , , , , , , , ,1, , , , ,470,45,1,70, , , ,2, ,2, ,2, ,2, ,2, ,2, , , , , , , , , , , , , , ,1,2513,"13,0616663377218",4,585.0,"657,5",1,1, ,1,8,3,17,1,0,0,170150249301,1701502493010570305,17015024930105703105,1701502493010570310205,202505,5
1,170150,170150,63,2,1,1,1,27,1,1,10,5,2, ,5,7,3, , , ,6,1, ,1,1, , , ,40, ,1,4, , , , , , , , , , , , ,4711,9333,2, ,3,1,2,1,1,1,1,2,2,2,1,1,4,1,2, , , ,1,40, , , , , , , , , , , ,1, , , , ,440,45,1,50, , , ,2, ,2, ,2, ,2, ,2, ,2, , , , , , , , , , , , , , ,1,2513,"40,4495504948262",4,535.0,"178,333333333333",1,1, ,1,9,7,17,1,0,0,170150232204,1701502322040630205,17015023220406302105,1701502322040630210105,202505,5
1,170156,170156,57,2,1,2,2,18,3,10,10,6,1,2, ,7,3, , , ,6,1, ,1,2,12,2, , , , , , , , , ,11, ,9, ,3, , , , , , , , , , , , , , , , , , , , , , , , , , , , , , , , , , , , , , ,5, , , , , , , , , , , ,2, ,2, ,2, ,2, ,2, ,2, , , , , , , , , , , , , , ,1,1712,"24,1702160320149",4,0.0,200,9, , , , , ,17,6,0,0,170156055001,1701560550010570208,17015605500105702108,1701560550010570210208,202508,8
2,170353,170353,73,9,1,6,1,22,3,10,10,6,2, ,11,7,3, , , ,2,1, ,1,1, , , ,48, ,1,4, , , , , , , , , , , , ,4923,8332,2, ,3,1,2,2,2,2,2,2,2,2,2,2,0,1,1,15,2,1,1,48, , , , , , , , , , , ,5, , , , ,470,0,1,50, , , ,2, ,2, ,2, ,2, ,2, ,2, , , , , , , , , , , , , , ,1,1722,"29,9333903779381",4,520.0,"133,333333333333",1,1, ,1,8,8,17,6,0,0,170353900201,1703539002010730909,17035390020107309109,1703539002010730910609,202509,9
1,170150,170150,64,1,1,2,2,26,3,1,10,6,2, ,2,8,2, ,1,10910301,6,2,90150,1,1, , , ,40, ,1,4, , , , , , , , , , , , ,8610,3221,2, ,3,2,2,2,1,2,1,2,2,2,1,1,2,1,2, , , ,1,40, , , , , , , , , , , ,1, , , , ,420,50,2, , , , ,2, ,2, ,2, ,2, ,2, ,2, , , , , , , , , , , , , , ,1,2511,"12,4254347631694",5,470.0,585,1,1, ,1,3,17,17,1,0,0,170150227302,1701502273020640106,17015022730206401106,1701502273020640110206,202506,6
1,170150,170150,73,4,1,2,1,23,3,10,10,6,2, ,13,7,3, , , ,6,3,724,1,2,12,2, , , , , , , , , ,11, ,10, ,6, , , , , , , , , , , , , , , , , , , , , , , , , , , , , , , , , , , , , , ,5, , , , , , , , , , , ,2, ,2, ,2, ,2, ,2, ,2, , , , , , , , , , , , , , ,1,2511,"14,1865808643568",4,0.0,"253,333333333333",9, , , , , ,17,1,0,0,170150202101,1701502021010730412,17015020210107304112,1701502021010730410212,202512,12
1,170150,170150,65,2,1,1,1,27,1,10,10,5,2, ,5,7,2, , , ,6,1, ,1,1, , , ,8,1, ,2,1,40,1,4, , , , , , , , ,4100,9313,4, ,6,2,2,2,2,2,2,2,2,2,2,2,5,2,1,3,3,2,1,8, , , , , , , , , , , ,5, , , , ,200,0,2, , , , ,2, ,2, ,2, ,2, ,2, ,2, , , , , , , , , , , , , , ,1,2513,"89,6761669860873",4,200.0,"86,6666666666667",2,1, ,2,9,6,17,1,1,0,170150355403,1701503554030650207,17015035540306502107,1701503554030650210107,202507,7
1,170550,170550,64,1,1,3,2,19,3,5,10,6,1,1, ,9,1, ,2, ,6,2,170150,1,2,12,2, , , , , , , , , ,11, ,9, ,3, , , , , , , , , , , , , , , , , , , , , , , , , , , , , , , , , , , , , , ,5, , , , , , , , , , , ,2, ,2, ,2, ,2, ,2, ,2, , , , , , , , , , , , , , ,1,1712,"85,5121516818852",5,0.0,620,9, , , , , ,17,6,0,0,170550038404,1705500384040640103,17055003840406401103,1705500384040640110303,202503,3
1,170150,170150,76,3,1,2,1,18,3,10,10,6,1,1, ,7,3, , , ,6,1, ,2,1, , , ,20,3, ,3,1,20,1,4, , , , , , , , ,4100,9313,4, ,6,2,2,2,2,2,2,2,2,2,2,2,1,2,1,3,3,2,1,30, , , , , , , , , , , ,5, , , , ,150,0,2, , , , ,2, ,2, ,2, ,2, ,2, ,2, , , , , , , , , , , , , , ,1,2511,"24,2773716493041",4,150.0,310,2,1, ,2,9,6,17,1,0,0,170150319301,1701503193010760312,17015031930107603112,1701503193010760310212,202512,12
1,170150,170150,63,2,1,2,1,29,3,10,10,6,2, ,3,7,3, , , ,6,1, ,3,1, , , ,40, ,1,4, , , , , , , , , , , , ,5320,8321,6,2, , , , , , , , , , , , ,2,3,1,1,3,2,1,40, , , , , , , , , , , ,5,300,2, ,20, , , , , , , ,2, ,2, ,2, ,2, ,2, ,2, , , , , , , , , , , , , , ,1,2512,"34,5783279291732",4,280.0,161,4,1, ,2,8,8,17,1,0,0,170150245203,1701502452030630202,17015024520306302102,1701502452030630210202,202502,2
1,170150,170150,68,6,1,5,1,20,7,10,10,6,2, ,17,7,3, , , ,6,1, ,2,2,12,2, , , , , , , , , ,11, ,9, ,3, , , , , , , , , , , , , , , , , , , , , , , , , , , , , , , , , , , , , , ,5, , , , , , , , , , , ,2, ,2, ,2, ,2, ,2, ,2, , , , , , , , , , , , , , ,1,2512,"36,3971657895785",4,0.0,"320,666666666667",9, , , , , ,17,1,0,0,170150238304,1701502383040680607,17015023830406806107,1701502383040680610507,202507,7
1,170150,170150,58,1,1,2,2,26,3,10,10,6,1,3, ,8,1, ,2, ,6,1, ,3,2,12,2, , , , , , , , , ,1,12, , , ,1,3,12,1030,9321,2, , , , , , , , , , , , , , , , , , , , , , , , , , , , , , , , ,5, , , , , , , , , , , ,2, ,2, ,2, ,2, ,2, ,2, ,2,1,1,1,1,2,2,2,2,2,2,2,3,1,2512,"19,8326107497714",5,0.0,126,7, ,1, , , ,17,1,0,0,170150157403,1701501574030580103,17015015740305801103,1701501574030580110203,202503,3
1,170150,170150,60,6,1,2,1,22,3,10,10,6,2, ,2,8,3, ,1,20210210,6,1, ,2,1, , , ,40, ,1,4, , , , , , , , , , , , ,1811,3118,2, ,3,2,2,2,2,2,2,2,2,2,2,2,1,1,1,15,1,1,1,40, , , , , , , , , , , ,5, , , , ,500,0,2, , , , ,2, ,2, ,2, ,2, ,2, ,2, , , , , , , , , , , , , , ,1,2511,"16,8582117179184",5,500.0,"481,666666666667",1,1, ,1,3,3,17,1,0,0,170150285003,1701502850030600609,17015028500306006109,1701502850030600610209,202509,9
1,170150,170150,54,4,1,4,1,20,3,10,10,6,1,3, ,8,1, ,2, ,6,1, ,4,2,12,2, , , , , , , , , ,11, ,9, ,3, , , , , , , , , , , , , , , , , , , , , , , , , , , , , , , , , , , , , , ,5, , , , , , , , , , , ,2, ,2, ,2, ,2, ,2, ,2, , , , , , , , , , , , , , ,1,2511,"19,7328041554006",5,0.0,345,9, , , , , ,17,1,0,0,170150142302,1701501423020540407,17015014230205404107,1701501423020540410407,202507,7
1,170159,170159,65,2,1,2,2,26,2,1,10,5,1,6, ,8,1, ,2, ,6,2,170150,1,1, , , ,35,6, ,4, , , , , , , , , , , , ,5610,5230,2, ,2,1,2,2,1,1,1,2,2,2,1,1,4,1,2, , , ,1,40, , , , , , , , , , , ,1, , , , ,470,45,1,70, , , ,2, ,2, ,2, ,2, ,2, ,2, , , , , , , , , , , , , , ,1,1711,"99,4155681476112",5,585.0,420,1,1, ,1,5,9,17,6,0,0,170159005102,1701590051020650207,17015900510206502107,1701590051020650210207,202507,7
1,170157,170157,54,4,1,2,1,28,3,10,10,6,2, ,7,5,5,1, , ,6,2,170150,1,1, , , ,44, ,1,4, , , , , , , , , , , , ,5610,5120,2, ,2,1,2,2,2,1,2,2,2,2,2,2,1,1,1,3,4,1,1,44, , , , , , , , , , , ,5, , , , ,160,0,1,43, , , ,2, ,2, ,2, ,2, ,2, ,2, , , , , , , , , , , , , , ,1,1713,"92,3898382246102",3,203.0,171,4,1, ,1,5,9,17,6,0,0,170157072402,1701570724020540404,17015707240205404104,1701570724020540410204,202504,4
1,170155,170155,55,4,1,3,2,19,5,10,10,6,1,2, ,7,3, , , ,6,2,170150,1,2,12,2, , , , , , , , , ,11, ,9, ,3, , , , , , , , , , , , , , , , , , , , , , , , , , , , , , , , , , , , , , ,5, , , , , , , , , , , ,2, ,2, ,2, ,2, ,2, ,2, , , , , , , , , , , , , , ,3,1713,"54,1305132814416",4,0.0,336,9, , , , , ,17,6,0,0,170155045802,1701550458020550402,17015504580205504102,1701550458020550410302,202502,2
1,170150,170150,70,3,1,3,1,19,3,10,10,6,1,1, ,7,3, , , ,6,1, ,2,2,12,2, , , , , , , , , ,11, ,9, ,3, , , , , , , , , , , , , , , , , , , , , , , , , , , , , , , , , , , , , , ,5, , , , , , , , , , , ,2, ,2, ,2, ,2, ,2, ,2, , , , , , , , , , , , , , ,1,2512,"31,0355205099148",4,0.0,"139,5",9, , , , , ,17,1,0,0,170150355906,1701503559060700312,17015035590607003112,1701503559060700310312,202512,12
1,170155,170155,72,9,1,3,2,20,3,10,10,6,2, ,3,7,3, , , ,6,1, ,3,2,12,2, , , , , , , , , ,11, ,8, ,6, , , , , , , , , , , , , , , , , , , , , , , , , , , , , , , , , , , , , , ,5, , , , , , , , , , , ,2, ,2, ,2, ,2, ,2, ,2, , , , , , , , , , , , , , ,1,1713,"66,1322882191863",4,0.0,200,9, , , , , ,17,6,0,0,170155022410,1701550224100720911,17015502241007209111,1701550224100720910311,202511,11
1,170150,170150,56,5,1,3,2,21,3,10,10,6,1,1, ,8,2, ,2, ,6,1, ,2,2,12,2, , , , , , , , , ,11, ,9, ,3, , , , , , , , , , , , , , , , , , , , , , , , , , , , , , , , , , , , , , ,5, , , , , , , , , , , ,2, ,2, ,2, ,2, ,2, ,2, , , , , , , , , , , , , , ,1,2513,"19,0024136525862",5,0.0,"231,25",9, , , , , ,17,1,0,0,170150248303,1701502483030560505,17015024830305605105,1701502483030560510305,202505,5
1,170550,170550,70,2,1,4,1,19,5,10,10,6,2, ,13,7,3, , , ,6,1, ,1,2,12,2, , , , , , , , , ,11, ,10, ,6, , , , , , , , , , , , , , , , , , , , , , , , , , , , , , , , , , , , , , ,5, , , , , , , , , , , ,2, ,2, ,2, ,2, ,2, ,2, , , , , , , , , , , , , , ,3,1712,"33,8967470984321",4,0.0,"387,5",9, , , , , ,17,6,0,0,170550039602,1705500396020700212,17055003960207002112,1705500396020700210412,202512,12
1,170150,170150,58,6,1,2,2,26,2,10,10,5,2, ,3,7,3, , , ,6,1, ,2,1, , , ,6,1, ,3,1,34,4,4, , , , , , , , ,8121,9112,2, ,3,2,2,2,2,2,2,2,2,2,2,2,6,1,1,15,1,1,1,6, , , , , , , , , , , ,5, , , , ,120,0,2, , , , ,2, ,2, ,2, ,2, ,2, ,2, , , , , , , , , , , , , , ,1,2512,"52,5895976076513",4,120.0,259,2,1, ,1,9,14,17,1,0,0,170150192107,1701501921070580603,17015019210705806103,1701501921070580610203,202503,3
1,170150,170150,52,6,1,2,1,23,3,10,10,6,2, ,3,9,4, ,1,30210205,6,2,30150,3,2,12,2, , , , , , , , , ,9,36, , , ,2, , , , , , , , , , , , , , , , , , , , , , , , , , , , , , , , , , , , , ,5, , , , , , , , , , , ,2, ,2, ,2, ,2, ,2, ,2, ,2,2,1,1,1,2,2,2,2,2,2,2,8,1,2512,"13,0588850952236",5,0.0,"912,6",7, ,1, , , ,17,1,0,0,170150247003,1701502470030520601,17015024700305206101,1701502470030520610201,202501,1
1,170150,170150,74,3,1,4,1,23,3,10,10,6,2, ,3,7,3, , , ,6,3,380,5,2,12,2, , , , , , , , , ,9,52, , , ,1,2,52,4923,9333,2, , , , , , , , , , , , , , , , , , , , , , , , , , , , , , , , ,5, , , , , , , , , , , ,2, ,2, ,2, ,2, ,2, ,2, ,2,1,2,1,1,2,2,2,2,2,2,2,1,1,2511,"19,6304532976635",4,0.0,206,7, ,1, , , ,17,1,0,0,170150385801,1701503858010740310,17015038580107403110,1701503858010740310410,202510,10
1,170150,170150,55,6,1,3,2,22,3,10,10,6,1,2, ,9,4, ,2, ,6,1, ,1,2,12,2, , , , , , , , , ,11, ,9, ,3, , , , , , , , , , , , , , , , , , , , , , , , , , , , , , , , , , , , , , ,5, , , , , , , , , , , ,2, ,2, ,2, ,2, ,2, ,2, , , , , , , , , , , , , , ,1,2512,"85,1655993817112",5,0.0,"120,833333333333",9, , , , , ,17,1,0,0,170150356003,1701503560030550602,17015035600305506102,1701503560030550610302,202502,2
1,170150,170150,52,4,1,3,1,23,3,10,10,6,2, ,5,7,3, , , ,1,1, ,1,1, , , ,40, ,1,4, , , , , , , , , , , , ,4100,9313,4, ,6,2,2,2,2,2,2,2,2,2,2,2,3,2,1,4,3,2,1,40, , , , , , , , , , , ,5, , , , ,420,0,2, , , , ,2, ,2, ,2, ,2, ,2, ,2, , , , , , , , , , , , , , ,1,2513,"50,8109271928286",4,420.0,"243,75",4,1, ,2,9,6,17,1,0,0,170150035801,1701500358010520401,17015003580105204101,1701500358010520410301,202501,1
2,170350,170350,40,2,1,4,1,22,3,10,10,6,2, ,3,7,3, , , ,1,1, ,2,1, , , ,16,8, ,2,1,24,4,4, , , , , , , , ,4772,5223,2, ,3,2,2,2,2,2,2,2,2,2,2,2,0,1,1,2,3,2,1,30, , , , , , , , , , , ,5, , , , ,200,0,2, , , , ,2, ,2, ,2, ,2, ,2, ,2, , , , , , , , , , , , , , ,1,1722,"38,3114396176256",4,200.0,"124,714285714286",2,1, ,2,5,7,17,6,0,0,170350900504,1703509005040400201,17035090050404002101,1703509005040400210401,202501,1
1,170150,170150,67,1,1,2,1,20,3,5,10,6,1,1, ,8,2, ,2, ,6,1, ,1,2,12,2, , , , , , , , , ,11, ,9, ,3, , , , , , , , , , , , , , , , , , , , , , , , , , , , , , , , , , , , , , ,5, , , , , , , , , , , ,2, ,2, ,2, ,2, ,2, ,2, , , , , , , , , , , , , , ,1,2511,"100,585733225229",5,0.0,5500,9, , , , , ,17,1,0,0,170150192802,1701501928020670106,17015019280206701106,1701501928020670110206,202506,6
1,170150,170150,70,2,1,4,2,25,3,10,10,6,1,1, ,9,2, ,2, ,1,2,60156,2,2,12,2, , , , , , , , , ,11, ,9, ,3, , , , , , , , , , , , , , , , , , , , , , , , , , , , , , , , , , , , , , ,5, , , , , , , , , , , ,2, ,2, ,2, ,2, ,2, ,2, , , , , , , , , , , , , , ,1,2513,"78,2017481659318",5,0.0,"78,3333333333333",9, , , , , ,17,1,1,0,170150350301,1701503503010700212,17015035030107002112,1701503503010700210412,202512,12
1,170150,170150,70,8,1,2,2,23,3,10,10,6,2, ,5,7,3, , , ,6,1, ,3,2,12,1,2,40, ,1,1,1,6,7, , , , , , , , , ,4771,5223,2, ,2,1,2,2,2,2,2,2,2,2,2,2,2,1,1,3,1,1,1,40, , , , , , , , , , , ,5, , , , ,300,0,1,60, , , ,2, ,2, ,2, ,2, ,2, ,2, , , , , , , , , , , , , , ,1,2513,"21,2616752780809",4,360.0,180,3,1, ,1,5,7,17,1,0,0,170150059903,1701500599030700809,17015005990307008109,1701500599030700810209,202509,9
2,170550,170550,60,3,1,4,1,19,3,10,10,6,1,1, ,9,1, ,2, ,6,1, ,1,2,12,2, , , , , , , , , ,11, ,9, ,3, , , , , , , , , , , , , , , , , , , , , , , , , , , , , , , , , , , , , , ,5, , , , , , , , , , , ,2, ,2, ,2, ,2, ,2, ,2, , , , , , , , , , , , , , ,1,1723,"17,8593192197866",5,0.0,"432,25",9, , , , , ,17,6,0,0,170550900802,1705509008020600309,17055090080206003109,1705509008020600310409,202509,9
1,170150,170150,58,7,1,1,2,25,1,10,10,5,2, ,2,9,4, ,1,30320101,6,2,140751,1,2,12,2, , , , , , , , , ,8,52, , , ,1,5,52,8411,2432,1, , , , , , , , , , , , , , , , , , , , , , , , , , , , , , , , ,5, , , , , , , , , , , ,2, ,2, ,2, ,2, ,2, ,2, ,2,2,1,1,1,2,2,2,2,2,2,2,2,1,2513,"83,8353676558712",5,0.0,565,7, ,1, , , ,17,1,0,0,170150364603,1701503646030580703,17015036460305807103,1701503646030580710103,202503,3
1,170150,170150,54,6,1,3,1,24,3,10,10,6,1,5, ,9,3, ,2, ,6,1, ,1,2,12,2, , , , , , , , , ,11, ,9, ,3, , , , , , , , , , , , , , , , , , , , , , , , , , , , , , , , , , , , , , ,5, , , , , , , , , , , ,2, ,2, ,2, ,2, ,2, ,2, , , , , , , , , , , , , , ,1,2512,"11,1845154437373",5,0.0,"221,428571428571",9, , , , , ,17,1,0,0,170150393303,1701503933030540604,17015039330305406104,1701503933030540610304,202504,4
1,170150,170150,71,2,1,1,1,22,1,1,10,6,2, ,5,7,3, , , ,6,1, ,1,1, , , ,24,8, ,4, , , , , , , , , , , , ,5610,5120,2, ,2,1,2,1,1,2,1,2,2,2,1,1,1,1,2, , , ,1,40, , , , , , , , , , , ,1, , , , ,425,45,1,90, , , ,2, ,2, ,2, ,2, ,2, ,2, , , , , , , , , , , , , , ,1,2511,"39,1551113147541",4,560.0,560,1,1, ,1,5,9,17,1,0,0,170150279902,1701502799020710210,17015027990207102110,1701502799020710210110,202510,10
1,170150,170150,57,2,1,1,1,25,1,1,5,1,1,6, ,9,3, ,2, ,6,1, ,1,1, , , ,56, ,2,4, , , , , , , , , , , , ,3510,7412,1, ,1,2,2,1,1,1,1,1,2,1,1,1,4,1,2, , , ,1,40, , , , , , , , , , , ,1, , , , ,1100,120,1,44, , , ,2, ,2, ,1,150,2, ,2, ,2, , , , , , , , , , , , , , ,1,2513,"52,5120035034971",5,1264.0,"471,333333333333",1,1, ,1,7,4,17,1,0,0,170150367903,1701503679030570208,17015036790305702108,1701503679030570210108,202508,8
1,170150,170150,72,3,1,4,2,23,3,10,10,6,1,5, ,9,2, ,2, ,6,1, ,1,2,12,2, , , , , , , , , ,11, ,9, ,3, , , , , , , , , , , , , , , , , , , , , , , , , , , , , , , , , , , , , , ,5, , , , , , , , , , , ,2, ,2, ,2, ,2, ,2, ,2, , , , , , , , , , , , , , ,1,2512,"21,5741844814708",5,0.0,270,9, , , , , ,17,1,0,0,170150319902,1701503199020720308,17015031990207203108,1701503199020720310408,202508,8
1,170150,170150,51,4,1,4,1,25,3,10,10,6,1,6, ,9,3, ,2, ,6,1, ,2,2,12,2, , , , , , , , , ,11, ,9, ,3, , , , , , , , , , , , , , , , , , , , , , , , , , , , , , , , , , , , , , ,5, , , , , , , , , , , ,2, ,2, ,2, ,2, ,2, ,2, , , , , , , , , , , , , , ,1,2512,"33,1352469738673",5,0.0,370,9, , , , , ,17,1,0,0,170150307101,1701503071010510403,17015030710105104103,1701503071010510410403,202503,3
1,170150,170150,72,2,1,1,1,24,1,1,5,6,2, ,2,9,4, ,1,30410302,6,2,90150,1,1, , , ,40, ,1,4, , , , , , , , , , , , ,5610,5131,2, ,2,1,2,2,1,1,1,2,2,2,1,1,1,1,2, , , ,1,40, , , , , , , , , , , ,1, , , , ,470,70,1,100, , , ,2, ,2, ,2, ,2, ,2, ,2, , , , , , , , , , , , , , ,1,2511,"29,9239514844131",5,640.0,640,1,1, ,1,5,9,17,1,0,0,170150193701,1701501937010720208,17015019370107202108,1701501937010720210108,202508,8
1,170150,170150,51,3,1,2,1,25,3,2,10,6,2, ,5,8,3, ,1,20410102,6,1, ,2,1, , , ,40, ,1,1,1,6,1,4, , , , , , , , ,4922,8322,6,2, , , , , , , , , , , , ,2,3,1,1,3,2,1,40, , , , , , , , , , , ,2,600,1,40,200, , , , , , , ,2, ,2, ,2, ,2, ,2, ,2, , , , , , , , , , , , , , ,1,2512,"54,1537978244213",5,440.0,280,3,1, ,2,8,8,17,1,0,0,170150246901,1701502469010510303,17015024690105103103,1701502469010510310203,202503,3
1,170155,170155,66,6,1,3,1,21,3,1,10,6,2, ,2,8,3, ,1,30710401,6,2,100150,2,1, , , ,40, ,1,1,1,6,7, , , , , , , , , ,4520,3113,2, ,3,2,2,2,1,2,1,2,2,2,1,1,0,1,1,10,1,1,1,40, , , , , , , , , , , ,1, , , , ,600,55,2, , , , ,2, ,2, ,2, ,2, ,2, ,2, , , , , , , , , , , , , , ,1,1713,"205,825618620931",5,655.0,"238,333333333333",1,1, ,1,3,7,17,6,0,0,170155041503,1701550415030660608,17015504150306606108,1701550415030660610308,202508,8
1,170150,170150,72,5,1,2,1,23,3,4,10,6,2, ,5,7,3, , , ,6,1, ,1,1, , , ,40, ,1,4, , , , , , , , , , , , ,8423,5412,1, ,1,2,2,2,1,2,1,2,2,2,1,1,2,1,2, , , ,1,40, , , , , , , , , , , ,4, , , , ,800,80,2, , , , ,2, ,2, ,2, ,2, ,2, ,2, , , , , , , , , , , , , , ,1,2512,"1658,50999011802",4,880.0,"486,666666666667",1,1, ,1,5,15,17,1,0,0,170150338302,1701503383020720511,17015033830207205111,1701503383020720510211,202511,11
1,170150,170150,71,1,1,2,2,20,3,10,10,5,2, ,11,7,3, , , ,6,1, ,1,2,12,2, , , , , , , , , ,11, ,9, ,4, , , , , , , , , , , , , , , , , , , , , , , , , , , , , , , , , , , , , , ,5, , , , , , , , , , , ,2, ,2, ,2, ,2, ,2, ,2, , , , , , , , , , , , , , ,1,2512,"33,7348570097679",4,0.0,"49,1666666666667",9, , , , , ,17,1,1,1,170150103003,1701501030030710107,17015010300307101107,1701501030030710110207,202507,7
1,170150,170150,74,7,1,3,2,25,3,1,10,6,2, ,2,9,5, ,1,30910101,6,1, ,1,1, , , ,40, ,1,4, , , , , , , , , , , , ,8620,2261,1, ,3,2,2,2,1,2,1,2,2,2,1,1,0,1,2, , , ,1,40, , , , , , , , , , , ,1, , , , ,800,100,2, , , , ,2, ,2, ,2, ,2, ,2, ,2, , , , , , , , , , , , , , ,1,2511,"31,6769978645255",5,900.0,840,1,1, ,1,2,17,17,1,0,0,170150212001,1701502120010740710,17015021200107407110,1701502120010740710310,202510,10
2,170850,170850,67,6,1,3,1,20,3,10,10,6,2, ,11,9,2, ,2, ,6,2,170150,1,1, , , ,40, ,1,4, , , , , , , , , , , , ,1010,5223,2, ,3,2,2,2,2,2,2,2,2,2,2,2,1,1,1,15,1,1,1,40, , , , , , , , , , , ,5, , , , ,300,0,2, , , , ,2, ,2, ,2, ,2, ,2, ,2, , , , , , , , , , , , , , ,1,1721,"50,9349846789693",5,300.0,1710,4,1, ,1,5,3,17,6,0,0,170850901102,1708509011020670609,17085090110206706109,1708509011020670610309,202509,9
1,170150,170150,66,5,1,3,2,21,5,10,10,6,2, ,3,7,3, , , ,6,1, ,1,1, , , ,48, ,1,4, , , , , , , , , , , , ,4772,4321,2, ,3,2,2,2,2,2,2,2,2,2,2,2,0,1,2, , , ,1,48, , , , , , , , , , , ,5, , , , ,0,0,2, , , , ,2, ,2, ,2, ,2, ,2, ,2, , , , , , , , , , , , , , ,1,2512,"46,3830370933747",4,0.0,"126,666666666667",4,1, ,1,4,7,17,1,0,0,170150250902,1701502509020660505,17015025090206605105,1701502509020660510305,202505,5
1,170150,170150,65,2,1,3,1,25,3,10,10,6,1,1, ,9,4, ,2, ,6,1, ,3,1, , , ,20,7, ,4, , , , , , , , , , , , ,8620,3251,2, ,3,2,2,2,2,1,2,2,2,2,2,2,4,1,1,6,1,1,1,20, , , , , , , , , , , ,5, , , , ,200,0,1,10, , , ,2, ,2, ,2, ,2, ,2, ,2, , , , , , , , , , , , , , ,1,2511,"90,4214373810429",5,210.0,469,4,1, ,1,3,17,17,1,0,0,170150216303,1701502163030650204,17015021630306502104,1701502163030650210304,202504,4
1,170150,170150,58,4,1,4,1,19,3,10,10,6,2, ,5,7,3, , , ,6,1, ,2,1, , , ,40, ,1,1,1,6,7, , , , , , , , , ,4530,5223,2, ,3,2,2,2,2,2,2,2,2,2,2,2,0,1,1,50,1,1,1,40, , , , , , , , , , , ,5, , , , ,460,0,2, , , , ,2, ,2, ,2, ,2, ,2, ,2, , , , , , , , , , , , , , ,1,2513,"97,7869142467334",4,460.0,517,3,1, ,1,5,7,17,1,0,0,170150364603,1701503646030580412,17015036460305804112,1701503646030580410412,202512,12
2,170152,170152,40,2,1,3,1,25,3,10,10,6,1,1, ,9,3, ,2, ,6,1, ,1,2,12,2, , , , , , , , , ,11, ,9, ,3, , , , , , , , , , , , , , , , , , , , , , , , , , , , , , , , , , , , , , ,5, , , , , , , , , , , ,2, ,2, ,2, ,2, ,2, ,2, , , , , , , , , , , , , , ,1,1722,"75,8071339878132",5,0.0,200,9, , , , , ,17,6,0,0,170152900301,1701529003010400201,17015290030104002101,1701529003010400210301,202501,1
1,170150,170150,68,7,1,2,1,19,7,10,10,6,2, ,6,7,3, , , ,6,2,110950,2,2,12,2, , , , , , , , , ,11, ,9, ,3, , , , , , , , , , , , , , , , , , , , , , , , , , , , , , , , , , , , , , ,5, , , , , , , , , , , ,2, ,2, ,2, ,2, ,2, ,2, , , , , , , , , , , , , , ,1,2512,"235,373556181043",4,0.0,338,9, , , , , ,17,1,0,0,170150392803,1701503928030680707,17015039280306807107,1701503928030680710207,202507,7
1,170150,170150,71,5,1,3,1,28,3,10,10,6,2, ,2,9,5, ,1,30710801,6,1, ,1,1, , , ,40, ,1,4, , , , , , , , , , , , ,2821,2144,2, ,3,2,2,2,2,2,2,2,2,2,2,2,0,1,1,20,1,1,1,40, , , , , , , , , , , ,5, , , , ,470,0,2, , , , ,2, ,2, ,2, ,2, ,2, ,2, , , , , , , , , , , , , , ,1,2512,"167,516631227954",5,470.0,560,1,1, ,1,2,3,17,1,0,0,170150337502,1701503375020710510,17015033750207105110,1701503375020710510310,202510,10
1,170150,170150,74,7,1,3,2,21,3,10,10,6,1,2, ,9,2, ,2, ,6,2,60150,1,2,12,2, , , , , , , , , ,11, ,9, ,3, , , , , , , , , , , , , , , , , , , , , , , , , , , , , , , , , , , , , , ,5, , , , , , , , , , , ,2, ,2, ,2, ,2, ,2, ,2, , , , , , , , , , , , , , ,1,2511,"112,352065649602",5,0.0,"323,333333333333",9, , , , , ,17,1,0,0,170150007001,1701500070010740710,17015000700107407110,1701500070010740710310,202510,10
1,170150,170150,66,6,1,3,2,22,3,10,10,6,1,3, ,9,2, ,2, ,6,1, ,2,2,12,2, , , , , , , , , ,11, ,8, ,3, , , , , , , , , , , , , , , , , , , , , , , , , , , , , , , , , , , , , , ,5, , , , , , , , , , , ,2, ,2, ,2, ,2, ,2, ,2, , , , , , , , , , , , , , ,1,2512,"23,0646622712304",5,0.0,"252,5",9, , , , , ,17,1,0,0,170150022604,1701500226040660608,17015002260406606108,1701500226040660610308,202508,8
1,170150,170150,60,5,1,3,2,21,3,10,10,6,2, ,7,7,3, , , ,6,1, ,2,2,12,2, , , , , , , , , ,11, ,11, ,5, , , , , , , , , , , , , , , , , , , , , , , , , , , , , , , , , , , , , , ,5, , , , , , , , , , , ,2, ,2, ,2, ,2, ,2, ,2, , , , , , , , , , , , , , ,1,2513,"44,229725891447",4,0.0,280,9, , , , , ,17,1,0,0,170150337802,1701503378020600506,17015033780206005106,1701503378020600510306,202506,6
1,170150,170150,54,2,1,1,1,29,1,1,10,5,2, ,5,7,3, , , ,6,1, ,1,1, , , ,50, ,2,4, , , , , , , , , , , , ,5610,5120,2, ,2,1,2,1,1,1,1,2,2,1,1,1,0,1,2, , , ,1,40, , , , , , , , , , , ,1, , , , ,650,60,1,108, , , ,2, ,2, ,2, ,2, ,2, ,2, , , , , , , , , , , , , , ,1,2512,"66,2078549135342",4,818.0,"559,5",1,1, ,1,5,9,17,1,0,0,170150019701,1701500197010540207,17015001970105402107,1701500197010540210107,202507,7
1,170150,170150,55,7,1,2,1,27,3,10,10,6,1,6, ,9,5, ,1,30310304,6,1, ,1,2,12,2, , , , , , , , , ,11, ,8, ,3, , , , , , , , , , , , , , , , , , , , , , , , , , , , , , , , , , , , , , ,5, , , , , , , , , , , ,2, ,2, ,1,300,2, ,2, ,2, , , , , , , , , , , , , , ,1,2511,"23,7421180339748",5,0.0,500,9, , , , , ,17,1,0,0,170150011701,1701500117010550711,17015001170105507111,1701500117010550710211,202511,11
1,170150,170150,60,3,1,4,1,18,3,10,10,6,2, ,13,7,3, , , ,6,1, ,1,2,12,2, , , , , , , , , ,11, ,9, ,6, , , , , , , , , , , , , , , , , , , , , , , , , , , , , , , , , , , , , , ,5, , , , , , , , , , , ,2, ,2, ,2, ,2, ,2, ,2, , , , , , , , , , , , , , ,1,2513,"30,1518192802751",4,0.0,"432,5",9, , , , , ,17,1,0,0,170150196002,1701501960020600309,17015019600206003109,1701501960020600310409,202509,9
1,170150,170150,76,3,1,1,1,29,1,10,10,6,2, ,2,9,4, ,1,31010301,6,2,132250,1,1, , , ,40, ,1,4, , , , , , , , , , , , ,8521,2330,6,2, , , , , , , , , , , , ,3,8,1,1,3,1,2,30,10,0,9319,3422,6,2,8,1,1,3,1,5,220,2, ,0, , , , ,150,2, ,2, ,2, ,1,100,2, ,2, ,2, , , , , , , , , , , , , , ,1,2513,"20,2141905071828",5,370.0,470,4,1, ,1,2,16,17,1,0,0,170150281002,1701502810020760312,17015028100207603112,1701502810020760310112,202512,12
1,170150,170150,64,1,1,2,2,28,2,1,10,5,2, ,2,9,4, ,1,30410102,6,1, ,1,1, , , ,40, ,1,4, , , , , , , , , , , , ,6920,2411,2, ,2,2,2,2,1,2,1,2,2,2,1,1,10,1,1,4,1,1,1,40, , , , , , , , , , , ,1, , , , ,585,55,2, , , , ,2, ,2, ,2, ,2, ,2, ,2, , , , , , , , , , , , , , ,1,2512,"14,5518466782591",5,640.0,430,1,1, ,1,2,13,17,1,0,0,170150120203,1701501202030640106,17015012020306401106,1701501202030640110206,202506,6
2,170750,170750,70,4,1,2,1,25,3,10,10,6,2, ,3,7,3, , , ,6,1, ,1,1, , , ,32,3, ,1,1,8,1,4, , , , , , , , ,127,6112,4, ,6,2,2,2,2,2,2,2,2,2,2,2,3,11,1,4,3,2,1,40, , , , , , , , , , , ,5, , , , ,180,0,2, , , , ,2, ,2, ,2, ,2, ,2, ,2, , , , , , , , , , , , , , ,1,1721,"103,191079936279",4,180.0,"62,8",2,1, ,2,6,1,17,6,1,0,170750901501,1707509015010700412,17075090150107004112,1707509015010700410212,202512,12
1,170150,170150,72,6,1,3,1,18,3,10,10,6,1,1, ,7,3, , , ,6,1, ,1,2,12,2, , , , , , , , , ,11, ,9, ,3, , , , , , , , , , , , , , , , , , , , , , , , , , , , , , , , , , , , , , ,5, , , , , , , , , , , ,2, ,2, ,2, ,2, ,2, ,2, , , , , , , , , , , , , , ,1,2511,"33,8723962309781",4,0.0,"223,8",9, , , , , ,17,1,0,0,170150288902,1701502889020720611,17015028890207206111,1701502889020720610311,202511,11
1,170150,170150,68,5,1,2,1,19,3,10,10,6,1,6, ,7,3, , , ,2,2,50550,1,2,12,2, , , , , , , , , ,11, ,9, ,3, , , , , , , , , , , , , , , , , , , , , , , , , , , , , , , , , , , , , , ,5, , , , , , , , , , , ,2, ,2, ,2, ,2, ,2, ,2, , , , , , , , , , , , , , ,1,2512,"573,738188450432",4,0.0,230,9, , , , , ,17,1,0,0,170150037902,1701500379020680507,17015003790206805107,1701500379020680510207,202507,7
1,170150,170150,68,9,1,2,1,20,3,1,10,6,2, ,3,7,3, , , ,6,1, ,2,1, , , ,40, ,1,4, , , , , , , , , , , , ,6820,5153,2, ,3,2,2,2,1,1,1,2,2,2,1,1,2,1,1,5,3,1,1,40, , , , , , , , , , , ,1, , , , ,425,45,1,4, , , ,2, ,2, ,2, ,2, ,2, ,2, , , , , , , , , , , , , , ,1,2512,"43,5625647346143",4,474.0,"261,4",1,1, ,1,5,12,17,1,0,0,170150258701,1701502587010680907,17015025870106809107,1701502587010680910207,202507,7
1,170184,170184,54,3,1,2,1,23,3,10,10,5,2, ,3,7,3, , , ,6,2,100150,2,1, , , ,60, ,1,4, , , , , , , , , , , , ,5320,8321,6,2, , , , , , , , , , , , ,1,3,1,1,3,2,1,60, , , , , , , , , , , ,5,450,2, ,80, , , , , , , ,2, ,2, ,2, ,2, ,2, ,2, , , , , , , , , , , , , , ,1,1713,"72,9213798737171",4,370.0,355,4,1, ,2,8,8,17,6,0,0,170184105205,1701841052050540307,17018410520505403107,1701841052050540310207,202507,7
1,170353,170353,54,1,1,2,2,28,2,10,10,1,2, ,2,9,4, ,1,30410302,6,1, ,2,2,12,2, , , , , , , , , ,11, ,9, ,4, , , , , , , , , , , , , , , , , , , , , , , , , , , , , , , , , , , , , , ,5, , , , , , , , , , , ,2, ,2, ,2, ,2, ,2, ,2, , , , , , , , , , , , , , ,1,1711,"42,1790116429695",5,0.0,80,9, , , , , ,17,6,1,0,170353013201,1703530132010540107,17035301320105401107,1703530132010540110207,202507,7
1,170150,170150,51,7,1,3,2,23,3,10,10,6,1,1, ,9,5, ,1,30330101,6,1, ,1,1, , , ,12,8, ,1,1,10,7, , , , , , , , , ,6910,2611,6,2, , , , , , , , , , , , ,2,6,1,1,3,2,1,20, , , , , , , , , , , ,5,250,2, ,0, , , , , , , ,2, ,2, ,2, ,2, ,2, ,2, , , , , , , , , , , , , , ,1,2512,"22,1699103044446",5,250.0,446,2,1, ,2,2,13,17,1,0,0,170150120301,1701501203010510703,17015012030105107103,1701501203010510710303,202503,3
1,170150,170150,70,7,1,3,1,22,3,10,10,6,2, ,3,7,3, , , ,6,1, ,1,1, , , ,20,1, ,4, , , , , , , , , , , , ,1071,9329,7, , , , , , , , , , , , , ,5,9,1,3,2,1,1,20, , , , , , , , , , , ,5, , , , , , , , , , , ,2, ,2, ,2, ,2, ,2, ,2, , , , , , , , , , , , , , ,1,2512,"114,304673771737",4,0.0,230,5,1, ,1,9,3,17,1,0,0,170150363103,1701503631030700712,17015036310307007112,1701503631030700710312,202512,12
1,170150,170150,62,2,1,3,2,23,3,10,10,6,2, ,5,5,10,1, , ,6,1, ,1,1, , , ,40, ,1,4, , , , , , , , , , , , ,4719,5223,2, ,2,2,2,2,2,2,2,2,2,2,2,2,2,1,1,25,1,1,1,40, , , , , , , , , , , ,5, , , , ,420,0,2, , , , ,2, ,2, ,2, ,2, ,2, ,2, , , , , , , , , , , , , , ,1,2513,"133,090247465432",3,420.0,"87,5",4,1, ,1,5,7,17,1,1,0,170150121001,1701501210010620204,17015012100106202104,1701501210010620210304,202504,4
1,170150,170150,72,2,1,2,2,18,3,10,10,6,2, ,6,7,3, , , ,6,1, ,1,2,12,2, , , , , , , , , ,11, ,9, ,3, , , , , , , , , , , , , , , , , , , , , , , , , , , , , , , , , , , , , , ,5, , , , , , , , , , , ,2, ,2, ,2, ,2, ,2, ,2, , , , , , , , , , , , , , ,1,2512,"28,6231418836414",4,0.0,230,9, , , , , ,17,1,0,0,170150146502,1701501465020720208,17015014650207202108,1701501465020720210208,202508,8
1,170150,170150,57,9,1,1,1,18,1,10,10,6,1,1, ,9,1, ,2, ,6,2,130850,1,2,12,2, , , , , , , , , ,11, ,12, ,3, , , , , , , , , , , , , , , , , , , , , , , , , , , , , , , , , , , , , , ,5, , , , , , , , , , , ,2, ,2, ,2, ,2, ,2, ,2, , , , , , , , , , , , , , ,1,2512,"36,0761768870113",5,0.0,"223,333333333333",9, , , , , ,17,1,0,0,170150080602,1701500806020570908,17015008060205709108,1701500806020570910108,202508,8
1,170180,170180,72,1,1,3,2,23,3,10,10,6,2, ,13,7,3, , , ,6,1, ,2,2,12,2, , , , , , , , , ,11, ,9, ,4, , , , , , , , , , , , , , , , , , , , , , , , , , , , , , , , , , , , , , ,5, , , , , , , , , , , ,2, ,2, ,1,100,2, ,2, ,2, , , , , , , , , , , , , , ,1,1713,"521,810414927327",4,0.0,140,9, , , , , ,17,6,0,0,170180105303,1701801053030720111,17018010530307201111,1701801053030720110311,202511,11
1,170156,170156,59,1,1,3,2,23,5,10,10,6,2, ,3,7,3, , , ,6,2,170150,3,1, , , ,42, ,1,4, , , , , , , , , , , , ,4711,5223,7, , , , , , , , , , , , , ,4,9,1,2,3,1,1,42, , , , , , , , , , , ,5, , , , , , , , , , , ,2, ,1,200,2, ,2, ,2, ,2, , , , , , , , , , , , , , ,1,1713,"39,048738856872",4,0.0,"312,5",5,1, ,1,5,7,17,6,0,0,170156048401,1701560484010590103,17015604840105901103,1701560484010590110303,202503,3
1,170150,170150,59,1,1,3,1,28,3,10,10,6,2, ,3,7,3, , , ,6,1, ,3,1, , , ,40, ,1,1,1,6,7, , , , , , , , , ,5610,5120,2, ,3,1,2,2,2,2,2,2,2,2,2,2,3,1,1,6,2,1,1,40, , , , , , , , , , , ,5, , , , ,450,0,1,60, , , ,2, ,2, ,2, ,2, ,2, ,2, , , , , , , , , , , , , , ,1,2512,"33,7628931017652",4,510.0,"233,6",1,1, ,1,5,9,17,1,0,0,170150368904,1701503689040590106,17015036890405901106,1701503689040590110306,202506,6
1,170150,170150,58,2,1,3,1,22,3,1,10,6,1,1, ,9,1, ,2, ,6,1, ,1,2,12,2, , , , , , , , , ,11, ,9, ,3, , , , , , , , , , , , , , , , , , , , , , , , , , , , , , , , , , , , , , ,1, , , , , , , , , , , ,2, ,2, ,1,100,2, ,2, ,2, , , , , , , , , , , , , , ,1,2512,"39,2793167599236",5,0.0,"312,5",9, , , , , ,17,1,0,0,170150056801,1701500568010580212,17015005680105802112,1701500568010580210312,202512,12
1,170150,170150,68,7,1,2,1,19,7,10,10,6,2, ,13,7,3, , , ,6,2,110950,2,2,12,2, , , , , , , , , ,11, ,7,1, ,2, , , , , , , , , , , , , , , , , , , , , , , , , , , , , , , , , , , , , ,5, , , , , , , , , , , ,2, ,2, ,2, ,2, ,2, ,2, ,2,2,1,2,1,2,2,2,2,2,2,2,8,1,2512,"262,73811918982",4,0.0,250,8, ,1, , , ,17,1,0,0,170150392803,1701503928030680710,17015039280306807110,1701503928030680710210,202510,10
1,170152,170152,52,6,1,4,2,26,3,1,10,6,2, ,2,9,5, ,1,30410102,6,2,170150,1,1, , , ,40, ,1,4, , , , , , , , , , , , ,1050,4416,2, ,2,1,2,2,1,1,1,2,2,2,1,1,3,1,2, , , ,1,40, , , , , , , , , , , ,1, , , , ,1000,50,1,70, , , ,2, ,2, ,2, ,2, ,2, ,2, , , , , , , , , , , , , , ,1,1713,"41,3213843438712",5,1120.0,594,1,1, ,1,4,3,17,6,0,0,170152011902,1701520119020520601,17015201190205206101,1701520119020520610401,202501,1
1,170150,170150,64,6,1,1,1,23,1,10,10,5,2, ,5,7,3, , , ,6,2,60850,2,1, , , ,48, ,1,4, , , , , , , , , , , , ,1622,7115,2, ,2,2,2,2,2,2,2,2,2,2,2,2,2,1,1,3,3,2,1,48, , , , , , , , , , , ,5, , , , ,470,0,2, , , , ,2, ,2, ,2, ,2, ,2, ,2, , , , , , , , , , , , , , ,1,2512,"26,9126696588648",4,470.0,"156,666666666667",1,1, ,2,7,3,17,1,0,0,170150366604,1701503666040640606,17015036660406406106,1701503666040640610106,202506,6
1,170150,170150,57,3,1,1,2,29,1,1,10,6,2, ,3,8,1, ,2, ,6,1, ,2,1, , , ,32,8, ,4, , , , , , , , , , , , ,4630,3322,2, ,2,1,2,1,1,1,1,2,2,1,1,1,5,1,2, , , ,1,40, , , , , , , , , , , ,1, , , , ,470,45,1,200, , , ,2, ,2, ,2, ,2, ,2, ,2, , , , , , , , , , , , , , ,1,2513,"21,8831211984485",5,715.0,"542,5",1,1, ,1,3,7,17,1,0,0,170150161401,1701501614010570305,17015016140105703105,1701501614010570310105,202505,5
2,170350,170350,52,6,1,4,2,18,3,10,10,6,1,1, ,7,3, , , ,6,1, ,2,2,12,2, , , , , , , , , ,11, ,9, ,3, , , , , , , , , , , , , , , , , , , , , , , , , , , , , , , , , , , , , , ,5, , , , , , , , , , , ,2, ,2, ,2, ,2, ,2, ,2, , , , , , , , , , , , , , ,1,1722,"13,0175794393956",4,0.0,357,9, , , , , ,17,6,0,0,170350903001,1703509030010520610,17035090300105206110,1703509030010520610410,202510,10
1,170177,170177,67,4,1,2,2,27,3,10,10,5,2, ,5,7,1, , , ,6,1, ,1,1, , , ,16,1, ,4, , , , , , , , , , , , ,5610,5120,2, ,2,1,2,2,2,2,2,2,2,2,2,2,5,1,1,3,2,1,1,16, , , , , , , , , , , ,5, , , , ,120,0,1,10, , , ,2, ,2, ,2, ,2, ,2, ,2, , , , , , , , , , , , , , ,1,1713,"268,291275697011",4,130.0,"148,4",4,1, ,1,5,9,17,6,0,0,170177091903,1701770919030670406,17017709190306704106,1701770919030670410206,202506,6
1,170150,170150,47,6,1,4,1,27,3,1,10,6,2, ,11,7,2, , , ,6,1, ,2,1, , , ,40, ,1,4, , , , , , , , , , , , ,7310,4419,2, ,2,2,2,2,1,1,1,2,2,2,1,1,6,1,1,7,1,1,1,40, , , , , , , , , , , ,1, , , , ,470,45,1,10, , , ,2, ,2, ,2, ,2, ,2, ,2, , , , , , , , , , , , , , ,1,2511,"64,1384857120844",4,525.0,"337,142857142857",1,1, ,1,4,13,17,1,0,0,170150002604,1701500026040470602,17015000260404706102,1701500026040470610402,202502,2
1,170150,170150,51,1,1,3,2,23,3,10,10,6,1,6, ,9,4, ,2, ,2,2,80256,1,2,12,2, , , , , , , , , ,11, ,9, ,3, , , , , , , , , , , , , , , , , , , , , , , , , , , , , , , , , , , , , , ,5, , , , , , , , , , , ,2, ,2, ,2, ,2, ,2, ,2, , , , , , , , , , , , , , ,1,2513,"35,4789091799167",5,0.0,"219,5",9, , , , , ,17,1,0,0,170150038801,1701500388010510103,17015003880105101103,1701500388010510110303,202503,3
1,170150,170150,58,7,1,3,2,21,7,10,10,6,1,1, ,8,1, ,2, ,6,1, ,3,2,12,2, , , , , , , , , ,11, ,8, ,2, , , , , , , , , , , , , , , , , , , , , , , , , , , , , , , , , , , , , , ,5, , , , , , , , , , , ,2, ,1,103,2, ,2, ,2, ,2, , , , , , , , , , , , , , ,1,2513,"23,4363660580125",5,0.0,201,9, , , , , ,17,1,0,0,170150026801,1701500268010580703,17015002680105807103,1701500268010580710303,202503,3
1,170150,170150,58,5,1,1,1,24,1,1,10,5,2, ,5,7,3, , , ,1,2,100150,1,1, , , ,50, ,1,4, , , , , , , , , , , , ,8010,5414,2, ,2,2,2,2,1,1,1,2,2,1,1,1,3,1,2, , , ,1,50, , , , , , , , , , , ,1, , , , ,550,53,1,10, , , ,2, ,2, ,2, ,2, ,2, ,2, , , , , , , , , , , , , , ,1,2512,"116,158952520997",4,613.0,"306,5",1,1, ,1,5,14,17,1,0,0,170150017601,1701500176010580512,17015001760105805112,1701500176010580510112,202512,12
2,170950,170950,66,5,1,3,2,23,3,10,10,6,1,1, ,7,3, , , ,6,1, ,1,2,12,2, , , , , , , , , ,11, ,9, ,3, , , , , , , , , , , , , , , , , , , , , , , , , , , , , , , , , , , , , , ,5, , , , , , , , , , , ,2, ,2, ,2, ,2, ,2, ,2, , , , , , , , , , , , , , ,1,1721,"135,076744286752",4,0.0,57,9, , , , , ,17,6,1,0,170950900901,1709509009010660505,17095090090106605105,1709509009010660510305,202505,5
1,170150,170150,58,5,1,2,2,21,2,10,10,5,2, ,8,7,3, , , ,6,1, ,1,2,12,2, , , , , , , , , ,11, ,9, ,4, , , , , , , , , , , , , , , , , , , , , , , , , , , , , , , , , , , , , , ,5, , , , , , , , , , , ,2, ,2, ,2, ,2, ,2, ,2, , , , , , , , , , , , , , ,1,2512,"21,8162749152179",4,0.0,"233,333333333333",9, , , , , ,17,1,0,0,170150392003,1701503920030580512,17015039200305805112,1701503920030580510212,202512,12
1,170150,170150,66,2,1,3,1,26,3,10,10,6,2, ,3,8,3, ,1,21020301,6,1, ,1,2,12,2, , , , , , , , , ,9,48, , , ,1,5,48,6120,4222,2, , , , , , , , , , , , , , , , , , , , , , , , , , , , , , , , ,5, , , , , , , , , , , ,2, ,2, ,2, ,2, ,2, ,2, ,2,2,1,1,1,2,2,2,2,2,2,2,2,1,2513,"54,7014398380626",5,0.0,225,7, ,1, , , ,17,1,0,0,170150124503,1701501245030660208,17015012450306602108,1701501245030660210308,202508,8
1,170150,170150,57,5,1,2,2,28,2,1,10,1,2, ,5,7,3, , , ,6,1, ,2,1, , , ,30,6, ,4, , , , , , , , , , , , ,4921,5112,2, ,2,2,2,2,1,2,1,2,2,2,1,1,7,1,2, , , ,1,40, , , , , , , , , , , ,1, , , , ,470,45,2, , , , ,2, ,2, ,2, ,2, ,2, ,2, , , , , , , , , , , , , , ,1,2512,"50,7321237473597",4,515.0,"278,333333333333",1,1, ,1,5,8,17,1,0,0,170150386202,1701503862020570508,17015038620205705108,1701503862020570510208,202508,8
1,170150,170150,69,5,1,2,1,18,3,10,10,6,2, ,4,5,10,1, , ,6,1, ,1,2,12,2, , , , , , , , , ,1,48, , , ,1,5,48,4100,9313,4, , , , , , , , , , , , , , , , , , , , , , , , , , , , , , , , ,5, , , , , , , , , , , ,2, ,2, ,2, ,2, ,2, ,2, ,2,2,1,1,1,2,2,2,2,2,2,2,2,1,2511,"42,2386302202932",3,0.0,"92,75",7, ,1, , , ,17,1,0,0,170150184002,1701501840020690508,17015018400206905108,1701501840020690510208,202508,8
1,170150,170150,66,6,1,3,1,22,3,10,10,6,1,1, ,9,4, ,2, ,6,1, ,3,2,12,2, , , , , , , , , ,11, ,9, ,3, , , , , , , , , , , , , , , , , , , , , , , , , , , , , , , , , , , , , , ,5, , , , , , , , , , , ,2, ,2, ,2, ,2, ,2, ,2, , , , , , , , , , , , , , ,1,2511,"17,572063398827",5,0.0,528,9, , , , , ,17,1,0,0,170150254402,1701502544020660608,17015025440206606108,1701502544020660610308,202508,8
1,170150,170150,71,8,1,1,1,29,1,4,10,6,2, ,2,8,3, ,1,21030203,6,2,20250,1,1, , , ,40, ,1,4, , , , , , , , , , , , ,8423,5412,1, ,1,2,2,2,1,2,1,2,2,2,1,1,7,1,2, , , ,1,40, , , , , , , , , , , ,4, , , , ,817,340,2, , , , ,2, ,2, ,1,250,2, ,2, ,2, , , , , , , , , , , , , , ,1,2512,"52,5017290143988",5,1157.0,"351,75",1,1, ,1,5,15,17,1,0,0,170150119203,1701501192030710807,17015011920307108107,1701501192030710810107,202507,7
1,170185,170185,68,1,1,4,1,21,3,10,10,6,1,5, ,9,2, ,2, ,6,2,170150,2,2,12,2, , , , , , , , , ,11, ,9, ,3, , , , , , , , , , , , , , , , , , , , , , , , , , , , , , , , , , , , , , ,5, , , , , , , , , , , ,2, ,2, ,2, ,2, ,2, ,2, , , , , , , , , , , , , , ,1,1711,"49,6427570824102",5,0.0,"691,666666666667",9, , , , , ,17,6,0,0,170185104901,1701851049010680107,17018510490106801107,1701851049010680110407,202507,7
2,170152,170152,54,5,1,2,1,22,3,10,10,6,1,1, ,9,1, ,2, ,6,1, ,1,2,5, , ,6,1, ,4, , , , , , , , , , , , ,4752,5223,7, , , , , , , , , , , , , ,2,6,1,2,2,1,1,6, , , , , , , , , , , ,5, , , , , , , , , , , ,2, ,2, ,2, ,2, ,2, ,2, , , , , , , , , , , , , , ,1,1722,"28,5675118832277",5,0.0,"212,5",5,1, ,1,5,7,17,6,0,0,170152900301,1701529003010540507,17015290030105405107,1701529003010540510207,202507,7
1,170150,170150,59,2,1,3,2,20,3,10,10,6,2, ,5,7,3, , , ,6,1, ,3,1, , , ,40, ,1,4, , , , , , , , , , , , ,8121,9112,2, ,3,2,2,2,2,1,2,2,2,2,2,2,0,1,1,20,1,1,1,40, , , , , , , , , , , ,5, , , , ,50,0,1,2, , , ,2, ,2, ,2, ,2, ,2, ,2, , , , , , , , , , , , , , ,1,2512,"131,426996774304",4,52.0,197,4,1, ,1,9,14,17,1,0,0,170150283203,1701502832030590203,17015028320305902103,1701502832030590210303,202503,3
2,170450,170450,58,3,1,2,1,29,2,10,10,5,2, ,3,6,3, , , ,1,1, ,1,1, , , ,40, ,1,4, , , , , , , , , , , , ,2511,7214,2, ,3,1,2,2,2,2,2,2,2,2,2,2,4,11,1,6,3,2,1,40, , , , , , , , , , , ,5, , , , ,200,0,1,40, , , ,2, ,2, ,2, ,2, ,2, ,2, , , , , , , , , , , , , , ,1,1722,"63,7407838399361",3,240.0,"126,75",4,1, ,2,7,3,17,6,0,0,170450901401,1704509014010580303,17045090140105803103,1704509014010580310203,202503,3
1,170150,170150,51,5,1,4,1,22,3,1,10,6,1,6, ,9,3, ,2, ,6,1, ,2,1, , , ,45, ,1,4, , , , , , , , , , , , ,6419,4211,1, ,3,1,2,2,1,1,1,2,2,2,1,1,3,1,2, , , ,1,45, , , , , , , , , , , ,1, , , , ,700,70,1,70, , , ,2, ,2, ,2, ,2, ,2, ,2, , , , , , , , , , , , , , ,1,2511,"19,635606701296",5,840.0,399,1,1, ,1,4,11,17,1,0,0,170150013302,1701500133020510503,17015001330205105103,1701500133020510510403,202503,3
1,170150,170150,71,2,1,1,2,27,1,1,10,5,2, ,2,8,3, ,1,20410402,6,1, ,1,1, , , ,40, ,1,2,1,10,1,3, , , , , , , , ,8620,3251,2, ,2,2,2,2,1,2,1,2,2,2,1,1,8,1,1,50,1,1,1,40, , , , , , , , , , , ,1, , , , ,425,45,2, , , , ,2, ,1,200,2, ,2, ,2, ,2, , , , , , , , , , , , , , ,1,2511,"66,9343493627451",5,470.0,"513,333333333333",1,1, ,1,3,17,17,1,0,0,170150199701,1701501997010710207,17015019970107102107,1701501997010710210107,202507,7
1,170150,170150,47,4,1,1,2,29,1,10,10,6,2, ,3,8,1, ,2, ,6,2,80350,1,2,12,2, , , , , , , , , ,11, ,11, ,4, , , , , , , , , , , , , , , , , , , , , , , , , , , , , , , , , , , , , , ,5, , , , , , , , , , , ,2, ,2, ,1,200,2, ,2, ,2, , , , , , , , , , , , , , ,1,2512,"36,783904351215",5,0.0,200,9, , , , , ,17,1,0,0,170150076507,1701500765070470402,17015007650704704102,1701500765070470410102,202502,2
1,170155,170155,66,2,1,2,1,28,2,10,10,5,2, ,11,5,10,1, , ,6,2,170150,2,2,12,2, , , , , , , , , ,9,1, , , ,1,5,1,4100,9313,4, , , , , , , , , , , , , , , , , , , , , , , , , , , , , , , , ,5, , , , , , , , , , , ,2, ,2, ,1,220,2, ,2, ,2, ,2,2,2,1,1,2,2,2,2,2,2,2,2,1,1711,"163,469039296792",3,0.0,139,7, ,1, , , ,17,6,0,0,170155021401,1701550214010660208,17015502140106602108,1701550214010660210208,202508,8
1,170150,170150,68,1,1,4,2,27,3,10,10,6,1,2, ,9,3, ,2, ,6,1, ,2,2,12,2, , , , , , , , , ,11, ,9, ,3, , , , , , , , , , , , , , , , , , , , , , , , , , , , , , , , , , , , , , ,5, , , , , , , , , , , ,2, ,2, ,2, ,2, ,2, ,2, , , , , , , , , , , , , , ,1,2512,"13,5380332211494",5,0.0,114,9, , , , , ,17,1,0,0,170150336102,1701503361020680107,17015033610206801107,1701503361020680110407,202507,7
1,170150,170150,54,5,1,1,1,18,1,10,10,6,2, ,13,7,3, , , ,6,1, ,1,2,12,2, , , , , , , , , ,11, ,9, ,6, , , , , , , , , , , , , , , , , , , , , , , , , , , , , , , , , , , , , , ,5, , , , , , , , , , , ,2, ,2, ,1,100,1,150,2, ,2, , , , , , , , , , , , , , ,1,2513,"45,742107132564",4,0.0,165,9, , , , , ,17,1,0,0,170150083806,1701500838060540504,17015008380605405104,1701500838060540510104,202504,4
1,170353,170353,67,1,1,4,1,26,7,1,10,6,2, ,6,7,3, , , ,6,2,170150,1,1, , , ,40, ,1,4, , , , , , , , , , , , ,5610,5131,2, ,2,2,2,2,1,2,1,2,2,2,1,1,3,1,1,6,2,1,1,40, , , , , , , , , , , ,1, , , , ,430,40,2, , , , ,2, ,2, ,2, ,2, ,2, ,2, , , , , , , , , , , , , , ,1,1711,"35,4452275083806",4,470.0,236,1,1, ,1,5,9,17,6,0,0,170353018604,1703530186040670106,17035301860406701106,1703530186040670110406,202506,6
1,170150,170150,73,3,1,5,2,20,3,10,10,6,2, ,17,7,3, , , ,6,1, ,2,2,12,2, , , , , , , , , ,11, ,9, ,6, , , , , , , , , , , , , , , , , , , , , , , , , , , , , , , , , , , , , , ,5, , , , , , , , , , , ,2, ,2, ,2, ,2, ,2, ,2, , , , , , , , , , , , , , ,1,2511,"157,000738506677",4,0.0,"128,333333333333",9, , , , , ,17,1,0,0,170150263301,1701502633010730309,17015026330107303109,1701502633010730310509,202509,9
2,170184,170184,66,2,1,2,1,21,9,10,10,6,1,1, ,9,1, ,2, ,6,3,862,2,1, , , ,32,7, ,4, , , , , , , , , , , , ,4711,5223,2, ,3,2,2,2,2,2,2,2,2,2,2,2,0,1,1,10,2,1,1,32, , , , , , , , , , , ,5, , , , ,120,0,2, , , , ,2, ,2, ,1,200,2, ,2, ,2, , , , , , , , , , , , , , ,1,1723,"189,478670057707",5,120.0,490,4,1, ,1,5,7,17,6,0,0,170184908504,1701849085040660208,17018490850406602108,1701849085040660210208,202508,8
1,170150,170150,73,5,1,4,2,18,3,10,10,6,1,6, ,7,2, , , ,6,3,862,3,2,12,2, , , , , , , , , ,11, ,9, ,3, , , , , , , , , , , , , , , , , , , , , , , , , , , , , , , , , , , , , , ,5, , , , , , , , , , , ,2, ,2, ,2, ,2, ,2, ,2, , , , , , , , , , , , , , ,2,2511,"157,000738506677",4,0.0,"56,6666666666667",9, , , , , ,17,1,1,0,170150263301,1701502633010730509,17015026330107305109,1701502633010730510409,202509,9
1,170353,170353,53,4,1,3,2,28,3,10,10,1,2, ,3,7,3, , , ,1,2,60650,3,2,12,2, , , , , , , , , ,2,8, , , ,2, , , , , , , , , , , , , , , , , , , , , , , , , , , , , , , , , , , , , ,5, , , , , , , , , , , ,2, ,2, ,2, ,2, ,2, ,2, ,2,2,2,1,1,2,2,2,2,2,2,2,8,1,1711,"106,176231307366",4,0.0,"309,6",7, ,1, , , ,17,6,0,0,170353017401,1703530174010530401,17035301740105304101,1703530174010530410301,202501,1
1,170150,170150,63,1,1,3,1,26,3,10,10,6,2, ,2,8,3, ,1,20710402,6,1, ,4,2,12,2, , , , , , , , , ,8,3, , , ,1,5,3,4100,9313,4, , , , , , , , , , , , , , , , , , , , , , , , , , , , , , , , ,5, , , , , , , , , , , ,2, ,2, ,2, ,2, ,2, ,2, ,2,2,1,1,1,2,2,2,2,2,2,2,2,1,2513,"116,384165185083",5,0.0,"167,5",7, ,1, , , ,17,1,0,0,170150242702,1701502427020630105,17015024270206301105,1701502427020630110305,202505,5
1,170250,170250,53,1,1,2,2,23,3,10,10,6,2, ,2,8,3, ,1,20610303,6,1, ,2,2,12,2, , , , , , , , , ,11, ,9, ,4, , , , , , , , , , , , , , , , , , , , , , , , , , , , , , , , , , , , , , ,5, , , , , , , , , , , ,2, ,2, ,2, ,1,200,2, ,2, , , , , , , , , , , , , , ,1,1711,"23,1400741532846",5,0.0,295,9, , , , , ,17,6,0,0,170250000201,1702500002010530101,17025000020105301101,1702500002010530110201,202501,1
1,170150,170150,65,2,1,3,2,21,7,10,10,6,1,1, ,9,2, ,2, ,6,1, ,1,2,12,2, , , , , , , , , ,11, ,9, ,3, , , , , , , , , , , , , , , , , , , , , , , , , , , , , , , , , , , , , , ,5, , , , , , , , , , , ,2, ,2, ,2, ,2, ,2, ,2, , , , , , , , , , , , , , ,1,2512,"25,9441322221006",5,0.0,"333,333333333333",9, , , , , ,17,1,0,0,170150334202,1701503342020650204,17015033420206502104,1701503342020650210304,202504,4
1,170150,170150,65,7,1,3,1,20,3,10,10,6,1,1, ,7,3, , , ,6,1, ,1,2,12,2, , , , , , , , , ,11, ,9, ,3, , , , , , , , , , , , , , , , , , , , , , , , , , , , , , , , , , , , , , ,5, , , , , , , , , , , ,2, ,2, ,2, ,2, ,2, ,2, , , , , , , , , , , , , , ,1,2511,"61,1626283132656",4,0.0,286,9, , , , , ,17,1,0,0,170150216303,1701502163030650707,17015021630306507107,1701502163030650710307,202507,7
1,170184,170184,60,1,1,5,2,19,4,10,10,5,1,1, ,7,3, , , ,6,1, ,1,2,12,2, , , , , , , , , ,11, ,9, ,3, , , , , , , , , , , , , , , , , , , , , , , , , , , , , , , , , , , , , , ,5, , , , , , , , , , , ,2, ,2, ,2, ,2, ,2, ,2, , , , , , , , , , , , , , ,1,1713,"57,6594064750657",4,0.0,"96,6666666666667",9, , , , , ,17,6,0,0,170184107603,1701841076030600109,17018410760306001109,1701841076030600110509,202509,9
1,170150,170150,70,9,1,1,2,26,1,10,10,6,2, ,3,7,3, , , ,3,1, ,1,1, , , ,20,1, ,3,1,30,4,4, , , , , , , , ,8121,9111,6,2, , , , , , , , , , , , ,6,8,1,1,3,2,1,20, , , , , , , , , , , ,5,160,2, ,0, , , , , , , ,2, ,2, ,2, ,2, ,2, ,2, , , , , , , , , , , , , , ,1,2513,"167,309859724911",4,160.0,80,2,1, ,2,9,14,17,1,1,0,170150378302,1701503783020700909,17015037830207009109,1701503783020700910109,202509,9
1,170150,170150,62,5,1,5,1,25,3,1,10,6,2, ,2,9,4, ,1,30410102,6,1, ,1,1, , , ,40, ,1,4, , , , , , , , , , , , ,7740,3313,2, ,2,2,2,2,1,2,1,2,2,2,1,1,2,1,2, , , ,1,40, , , , , , , , , , , ,1, , , , ,600,60,2, , , , ,2, ,2, ,2, ,2, ,2, ,2, , , , , , , , , , , , , , ,1,2511,"21,2483351803938",5,660.0,"398,666666666667",1,1, ,1,3,14,17,1,0,0,170150273502,1701502735020620504,17015027350206205104,1701502735020620510504,202504,4
1,170150,170150,54,6,1,3,1,20,3,10,10,6,1,2, ,9,1, ,2, ,6,1, ,2,2,12,2, , , , , , , , , ,11, ,9, ,3, , , , , , , , , , , , , , , , , , , , , , , , , , , , , , , , , , , , , , ,5, , , , , , , , , , , ,2, ,2, ,2, ,2, ,2, ,2, , , , , , , , , , , , , , ,1,2512,"102,968206272603",5,0.0,"112,5",9, , , , , ,17,1,0,0,170150143601,1701501436010540604,17015014360105406104,1701501436010540610304,202504,4
2,170156,170156,52,7,1,4,1,23,3,10,10,6,1,1, ,9,1, ,2, ,1,1, ,1,2,12,2, , , , , , , , , ,11, ,9, ,3, , , , , , , , , , , , , , , , , , , , , , , , , , , , , , , , , , , , , , ,5, , , , , , , , , , , ,2, ,2, ,2, ,2, ,2, ,2, , , , , , , , , , , , , , ,1,1723,"55,2617625536295",5,0.0,193,9, , , , , ,17,6,0,0,170156900902,1701569009020520701,17015690090205207101,1701569009020520710401,202501,1
1,170150,170150,63,10,1,1,2,20,1,10,10,6,2, ,3,5,7,1, , ,4,1, ,1,2,12,2, , , , , , , , , ,11, ,6,1, ,1,2,2,8121,9112,2, , , , , , , , , , , , , , , , , , , , , , , , , , , , , , , , ,5, , , , , , , , , , , ,2, ,2, ,2, ,2, ,2, ,2, ,2,2,2,2,1,2,2,2,2,2,2,2,1,1,2512,"40,7094085240329",3,0.0, ,8, ,1, , , ,17,1, , ,170150072202,1701500722020631002,17015007220206310102,1701500722020631010102,202502,2
1,170150,170150,58,7,1,5,2,18,3,10,10,6,1,1, ,7,3, , , ,6,1, ,1,2,12,2, , , , , , , , , ,11, ,9, ,3, , , , , , , , , , , , , , , , , , , , , , , , , , , , , , , , , , , , , , ,5, , , , , , , , , , , ,2, ,2, ,2, ,2, ,2, ,2, , , , , , , , , , , , , , ,1,2512,"305,149221716216",4,0.0,"180,6",9, , , , , ,17,1,0,0,170150385702,1701503857020580703,17015038570205807103,1701503857020580710503,202503,3
2,170184,170184,67,2,1,3,1,25,3,1,10,6,2, ,11,7,3, , , ,5,1, ,1,1, , , ,48, ,1,4, , , , , , , , , , , , ,9499,6113,2, ,2,1,2,1,1,2,1,2,2,2,1,1,3,1,1,25,1,1,1,48, , , , , , , , , , , ,1, , , , ,895,45,1,70, , , ,2, ,2, ,2, ,2, ,2, ,2, , , , , , , , , , , , , , ,1,1723,"42,4837331322384",4,1010.0,"963,333333333333",1,1, ,1,6,19,17,6,0,0,170184904001,1701849040010670209,17018490400106702109,1701849040010670210309,202509,9
1,170950,170950,51,7,1,3,1,28,3,10,10,6,1,6, ,9,2, ,2, ,6,1, ,1,1, , , ,48, ,1,4, , , , , , , , , , , , ,8010,5414,2, ,3,2,2,2,2,2,2,2,2,2,2,2,1,1,2, , , ,1,48, , , , , , , , , , , ,5, , , , ,470,0,2, , , , ,2, ,2, ,2, ,2, ,2, ,2, , , , , , , , , , , , , , ,1,1713,"29,7291768985245",5,470.0,"616,333333333333",1,1, ,1,5,14,17,6,0,0,170950000701,1709500007010510703,17095000070105107103,1709500007010510710303,202503,3
1,170151,170151,65,5,1,2,2,23,3,5,10,6,1,1, ,9,4, ,2, ,6,2,170150,3,2,12,2, , , , , , , , , ,11, ,9, ,3, , , , , , , , , , , , , , , , , , , , , , , , , , , , , , , , , , , , , , ,5, , , , , , , , , , , ,2, ,2, ,2, ,2, ,2, ,2, , , , , , , , , , , , , , ,1,1712,"19,9011551153904",5,0.0,"548,75",9, , , , , ,17,6,0,0,170151004003,1701510040030650507,17015100400306505107,1701510040030650510207,202507,7
2,170185,170185,62,5,1,3,1,21,3,10,10,6,2, ,3,7,3, , , ,6,1, ,3,1, , , ,40, ,1,3,1,5,1,5, , , , , , , , ,4520,7231,2, ,3,1,2,2,2,1,2,2,2,2,2,2,0,1,1,3,2,1,1,40, , , , , , , , , , , ,5, , , , ,400,0,1,40, , , ,2, ,2, ,2, ,2, ,2, ,2, , , , , , , , , , , , , , ,1,1723,"13,384221637044",4,440.0,"246,666666666667",3,1, ,1,7,7,17,6,0,0,170185903501,1701859035010620501,17018590350106205101,1701859035010620510301,202501,1
1,170150,170150,63,3,1,3,1,21,3,10,10,6,1,1, ,7,3, , , ,6,1, ,1,2,12,2, , , , , , , , , ,11, ,8, ,3, , , , , , , , , , , , , , , , , , , , , , , , , , , , , , , , , , , , , , ,5, , , , , , , , , , , ,2, ,2, ,2, ,2, ,2, ,2, , , , , , , , , , , , , , ,1,2512,"43,6420112994955",4,0.0,"166,666666666667",9, , , , , ,17,1,0,0,170150128903,1701501289030630305,17015012890306303105,1701501289030630310305,202505,5
1,170155,170155,64,7,1,2,2,24,3,10,10,6,2, ,3,7,3, , , ,6,1, ,1,1, , , ,15,2, ,3,1,25,1,1, , , , , , , , ,4922,5112,2, ,3,2,2,2,2,2,2,2,2,2,2,2,1,3,1,2,2,2,1,15, , , , , , , , , , , ,5, , , , ,120,0,2, , , , ,2, ,2, ,2, ,2, ,2, ,2, , , , , , , , , , , , , , ,1,1711,"28,9934980341811",4,120.0,"211,666666666667",2,1, ,2,5,8,17,6,0,0,170155041102,1701550411020640706,17015504110206407106,1701550411020640710206,202506,6
1,170150,170150,52,4,1,4,1,18,7,10,10,6,1,4, ,9,1, ,2, ,6,1, ,1,2,12,2, , , , , , , , , ,11, ,9, ,3, , , , , , , , , , , , , , , , , , , , , , , , , , , , , , , , , , , , , , ,5, , , , , , , , , , , ,2, ,2, ,2, ,2, ,2, ,2, , , , , , , , , , , , , , ,1,2512,"11,2862595652689",5,0.0,595,9, , , , , ,17,1,0,0,170150247003,1701502470030520410,17015024700305204110,1701502470030520410410,202510,10
2,170950,170950,66,5,1,4,2,23,3,10,10,6,2, ,3,7,3, , , ,6,1, ,1,1, , , ,16,1, ,1,1,20,7, , , , , , , , , ,127,6112,4, ,6,2,2,2,2,2,2,2,2,2,2,2,3,11,1,2,3,2,1,16, , , , , , , , , , , ,5, , , , ,180,0,2, , , , ,2, ,2, ,2, ,2, ,2, ,2, , , , , , , , , , , , , , ,1,1721,"153,028873577502",4,180.0,"76,1428571428571",2,1, ,2,6,1,17,6,1,0,170950900901,1709509009010660508,17095090090106605108,1709509009010660510408,202508,8
1,170150,170150,64,9,1,1,1,20,1,1,10,5,2, ,11,7,3, , , ,5,2,131250,1,1, , , ,40, ,1,4, , , , , , , , , , , , ,1079,9321,2, ,2,1,1,2,1,1,1,2,2,2,1,1,0,1,1,15,1,1,1,40, , , , , , , , , , , ,1, , , , ,470,40,1,180, , , ,2, ,2, ,2, ,2, ,2, ,2, , , , , , , , , , , , , , ,1,2513,"49,232009292589",4,690.0,345,1,1, ,1,9,3,17,1,0,0,170150337002,1701503370020640903,17015033700206409103,1701503370020640910103,202503,3
2,170351,170351,60,5,1,3,2,26,7,10,10,6,2, ,3,5,7,1, , ,6,2,180850,1,2,12,2, , , , , , , , , ,11, ,9, ,4, , , , , , , , , , , , , , , , , , , , , , , , , , , , , , , , , , , , , , ,5, , , , , , , , , , , ,2, ,2, ,2, ,2, ,2, ,2, , , , , , , , , , , , , , ,1,1721,"47,7944367857843",3,0.0,"340,666666666667",9, , , , , ,17,6,0,0,170351901001,1703519010010600506,17035190100106005106,1703519010010600510306,202506,6
2,170157,170157,55,2,1,3,1,19,3,10,10,6,1,1, ,9,2, ,2, ,6,1, ,1,2,12,2, , , , , , , , , ,11, ,9, ,3, , , , , , , , , , , , , , , , , , , , , , , , , , , , , , , , , , , , , , ,5, , , , , , , , , , , ,2, ,2, ,2, ,2, ,2, ,2, , , , , , , , , , , , , , ,1,1723,"143,79962324349",5,0.0,251,9, , , , , ,17,6,0,0,170157900206,1701579002060550211,17015790020605502111,1701579002060550210311,202511,11
1,170150,170150,59,3,1,1,1,27,1,1,10,6,2, ,5,5,10,1, , ,6,2,30350,1,1, , , ,60, ,1,4, , , , , , , , , , , , ,8010,5414,2, ,3,2,2,2,1,1,1,2,2,1,1,1,5,1,2, , , ,1,60, , , , , , , , , , , ,1, , , , ,600,60,1,16, , , ,2, ,2, ,1,150,2, ,2, ,2, , , , , , , , , , , , , , ,1,2512,"53,1132795636254",3,676.0,826,1,1, ,1,5,14,17,1,0,0,170150370901,1701503709010590303,17015037090105903103,1701503709010590310103,202503,3
1,170150,170150,70,3,1,5,1,22,5,10,10,6,2, ,5,7,3, , , ,6,1, ,3,1, , , ,40, ,1,4, , , , , , , , , , , , ,4100,9313,4, ,6,2,2,2,2,2,2,2,2,2,2,2,1,2,1,3,3,2,1,40, , , , , , , , , , , ,5, , , , ,480,0,2, , , , ,2, ,2, ,2, ,2, ,2, ,2, , , , , , , , , , , , , , ,1,2513,"23,6834206350248",4,480.0,"500,714285714286",1,1, ,2,9,6,17,1,0,0,170150287804,1701502878040700309,17015028780407003109,1701502878040700310509,202509,9
1,170150,170150,55,3,1,5,2,25,7,10,10,6,1,2, ,9,3, ,2, ,6,1, ,1,2,12,2, , , , , , , , , ,11, ,9, ,3, , , , , , , , , , , , , , , , , , , , , , , , , , , , , , , , , , , , , , ,5, , , , , , , , , , , ,2, ,2, ,2, ,2, ,2, ,2, , , , , , , , , , , , , , ,1,2513,"27,0015435583423",5,0.0,186,9, , , , , ,17,1,0,0,170150290801,1701502908010550311,17015029080105503111,1701502908010550310511,202511,11
1,170150,170150,63,2,1,4,2,20,3,10,10,6,1,1, ,7,3, , , ,6,1, ,1,2,12,2, , , , , , , , , ,11, ,9, ,3, , , , , , , , , , , , , , , , , , , , , , , , , , , , , , , , , , , , , , ,5, , , , , , , , , , , ,2, ,2, ,2, ,2, ,2, ,2, , , , , , , , , , , , , , ,1,2512,"38,5226301084634",4,0.0,"372,5",9, , , , , ,17,1,0,0,170150098703,1701500987030630205,17015009870306302105,1701500987030630210405,202505,5
1,170150,170150,51,3,1,4,1,22,3,10,10,6,1,5, ,8,2, ,2, ,6,1, ,2,2,12,2, , , , , , , , , ,11, ,9, ,3, , , , , , , , , , , , , , , , , , , , , , , , , , , , , , , , , , , , , , ,5, , , , , , , , , , , ,2, ,2, ,2, ,2, ,2, ,2, , , , , , , , , , , , , , ,1,2511,"19,635606701296",5,0.0,"206,25",9, , , , , ,17,1,0,0,170150013302,1701500133020510303,17015001330205103103,1701500133020510310403,202503,3
1,170150,170150,73,6,1,4,2,23,5,5,10,6,1,1, ,9,3, ,2, ,6,1, ,2,2,12,2, , , , , , , , , ,11, ,9, ,3, , , , , , , , , , , , , , , , , , , , , , , , , , , , , , , , , , , , , , ,5, , , , , , , , , , , ,2, ,2, ,2, ,2, ,2, ,2, , , , , , , , , , , , , , ,1,2511,"34,9047933954241",5,0.0,410,9, , , , , ,17,1,0,0,170150160302,1701501603020730612,17015016030207306112,1701501603020730610412,202512,12
1,170150,170150,66,2,1,1,2,23,1,10,10,6,2, ,2,9,5, ,1,30730301,6,2,100150,1,1, , , ,40, ,5,4, , , , , , , , , , , , ,7110,2161,5,1, , , , , , , , , , , , ,1,9,1,2,1,1,1,45, , , , , , , , , , , ,5,450,2, ,200, , , , , , , ,2, ,2, ,1,730,2, ,2, ,2, , , , , , , , , , , , , , ,1,2511,"32,2699053612647",5,250.0,980,4,1, ,1,2,13,17,1,0,0,170150135902,1701501359020660205,17015013590206602105,1701501359020660210105,202505,5
1,170184,170184,54,3,1,4,2,22,4,10,10,5,2, ,3,5,10,1, , ,6,3,862,2,1, , , ,40, ,1,4, , , , , , , , , , , , ,8291,4214,2, ,3,2,2,2,2,2,2,2,2,2,2,2,0,1,2, , , ,1,40, , , , , , , , , , , ,5, , , , ,470,0,2, , , , ,2, ,2, ,2, ,2, ,2, ,2, , , , , , , , , , , , , , ,2,1713,"72,0703102723126",3,470.0,317,1,1, ,1,4,14,17,6,0,0,170184105205,1701841052050540304,17018410520505403104,1701841052050540310404,202504,4
1,170150,170150,71,2,1,4,1,27,3,10,10,6,1,1, ,9,4, ,2, ,6,1, ,2,1, , , ,10,7, ,4, , , , , , , , , , , , ,6910,3342,2, ,3,2,2,2,2,2,2,2,2,2,2,2,1,1,1,2,3,1,1,10, , , , , , , , , , , ,5, , , , ,50,0,2, , , , ,2, ,2, ,2, ,2, ,2, ,2, , , , , , , , , , , , , , ,1,2512,"39,3658666977501",5,50.0,88,4,1, ,1,3,13,17,1,1,0,170150130705,1701501307050710210,17015013070507102110,1701501307050710210410,202510,10
2,170184,170184,70,7,1,1,2,23,1,10,10,6,1,6, ,7,3, , , ,6,2,170150,1,1, , , ,30,1, ,4, , , , , , , , , , , , ,4791,5244,2, ,3,2,2,2,2,2,2,2,2,2,2,2,1,1,2, , , ,1,30, , , , , , , , , , , ,5, , , , ,470,0,2, , , , ,2, ,2, ,2, ,2, ,2, ,2, , , , , , , , , , , , , , ,1,1723,"101,490822937699",4,470.0,470,1,1, ,1,5,7,17,6,0,0,170184900505,1701849005050700712,17018490050507007112,1701849005050700710112,202512,12
1,170150,170150,58,6,1,1,2,22,1,10,10,6,2, ,3,7,3, , , ,1,1, ,1,1, , , ,49, ,1,4, , , , , , , , , , , , ,5610,9412,2, ,3,1,2,2,2,2,2,2,2,2,2,2,0,1,1,2,3,2,1,49, , , , , , , , , , , ,5, , , , ,300,0,1,100, , , ,2, ,2, ,1,200,2, ,2, ,2, , , , , , , , , , , , , , ,1,2513,"83,8353676558712",4,400.0,200,4,1, ,2,9,9,17,1,0,0,170150364603,1701503646030580603,17015036460305806103,1701503646030580610103,202503,3
1,170150,170150,69,8,1,3,1,23,3,10,10,6,1,1, ,9,1, ,2, ,6,1, ,1,2,12,2, , , , , , , , , ,11, ,9, ,3, , , , , , , , , , , , , , , , , , , , , , , , , , , , , , , , , , , , , , ,5, , , , , , , , , , , ,2, ,2, ,2, ,2, ,2, ,2, , , , , , , , , , , , , , ,1,2512,"45,6901946052238",5,0.0,302,9, , , , , ,17,1,0,0,170150337501,1701503375010690808,17015033750106908108,1701503375010690810308,202508,8
1,170150,170150,53,3,1,5,1,19,3,10,10,6,1,1, ,7,3, , , ,6,1, ,2,2,12,2, , , , , , , , , ,11, ,9, ,3, , , , , , , , , , , , , , , , , , , , , , , , , , , , , , , , , , , , , , ,5, , , , , , , , , , , ,2, ,2, ,2, ,2, ,2, ,2, , , , , , , , , , , , , , ,1,2513,"21,4335711924873",4,0.0,"243,857142857143",9, , , , , ,17,1,0,0,170150076405,1701500764050530304,17015007640505303104,1701500764050530310504,202504,4
1,170150,170150,64,4,1,2,1,20,3,10,10,6,2, ,5,7,3, , , ,7,3,862,1,1, , , ,30,8, ,3,1,4,1,4, , , , , , , , ,8690,4222,2, ,2,2,2,2,2,2,2,2,2,2,2,2,2,1,1,8,1,1,1,36, , , , , , , , , , , ,5, , , , ,200,0,2, , , , ,2, ,2, ,2, ,2, ,2, ,2, , , , , , , , , , , , , , ,1,2512,"38,8702206861046",4,200.0,355,2,1, ,1,4,17,17,1,0,0,170150137002,1701501370020640403,17015013700206404103,1701501370020640410203,202503,3
1,170159,170159,65,1,1,3,1,21,3,1,10,6,2, ,2,8,3, ,1,20710506,6,2,170185,2,1, , , ,40, ,1,4, , , , , , , , , , , , ,2511,7121,2, ,3,1,2,2,1,1,1,2,2,2,1,1,3,1,1,6,1,1,1,40, , , , , , , , , , , ,1, , , , ,470,47,1,70, , , ,2, ,2, ,2, ,2, ,2, ,2, , , , , , , , , , , , , , ,1,1711,"99,4155681476112",5,587.0,"302,333333333333",1,1, ,1,7,3,17,6,0,0,170159005102,1701590051020650107,17015900510206501107,1701590051020650110307,202507,7
1,170155,170155,55,6,1,3,1,27,3,10,10,6,1,6, ,9,3, ,2, ,6,1, ,1,1, , , ,50, ,1,4, , , , , , , , , , , , ,6920,4311,6,2, , , , , , , , , , , , ,1,6,1,1,2,1,1,50, , , , , , , , , , , ,5,500,2, ,200, , , , , , , ,2, ,2, ,2, ,2, ,2, ,2, , , , , , , , , , , , , , ,1,1713,"89,5763960439826",5,300.0,"347,5",4,1, ,1,4,13,17,6,0,0,170155030605,1701550306050550611,17015503060505506111,1701550306050550610311,202511,11
1,170150,170150,51,1,1,3,1,25,3,1,10,6,2, ,2,8,3, ,1,20710506,6,1, ,4,1, , , ,40, ,1,1,1,15,7, , , , , , , , , ,1621,8172,2, ,3,1,2,1,1,1,1,2,2,2,1,1,2,1,2, , , ,1,40, , , , , , , , , , , ,1, , , , ,550,50,1,88, , , ,2, ,2, ,2, ,2, ,2, ,2, , , , , , , , , , , , , , ,1,2513,"42,5878948474523",5,688.0,"300,333333333333",1,1, ,1,8,3,17,1,0,0,170150337802,1701503378020510103,17015033780205101103,1701503378020510110303,202503,3
1,170150,170150,72,1,1,2,1,18,3,10,10,6,1,5, ,9,1, ,2, ,6,3,392,1,2,12,2, , , , , , , , , ,11, ,9, ,3, , , , , , , , , , , , , , , , , , , , , , , , , , , , , , , , , , , , , , ,5, , , , , , , , , , , ,2, ,2, ,1,500,2, ,2, ,2, , , , , , , , , , , , , , ,1,2511,"25,2108236164164",5,0.0,250,9, , , , , ,17,1,0,0,170150197401,1701501974010720111,17015019740107201111,1701501974010720110211,202511,11
2,170156,170156,63,6,1,1,1,29,1,1,5,6,2, ,2,9,4, ,1,30910301,6,1, ,1,1, , , ,40, ,1,4, , , , , , , , , , , , ,6512,3321,2, ,2,2,2,2,1,2,1,1,2,2,1,1,5,1,2, , , ,1,40, , , , , , , , , , , ,1, , , , ,1200,125,1,30, , , ,2, ,2, ,1,150,2, ,2, ,2, , , , , , , , , , , , , , ,1,1723,"12,5167080827751",5,1355.0,"1352,5",1,1, ,1,3,11,17,6,0,0,170156900302,1701569003020630605,17015690030206306105,1701569003020630610105,202505,5
1,170152,170152,52,7,1,2,1,24,3,10,10,6,2, ,11,7,3, , , ,6,2,50350,1,1, , , ,40, ,1,4, , , , , , , , , , , , ,2511,7212,2, ,3,1,2,2,2,2,2,2,2,2,2,2,0,1,1,5,2,1,1,40, , , , , , , , , , , ,5, , , , ,470,0,1,75, , , ,2, ,2, ,2, ,2, ,2, ,2, , , , , , , , , , , , , , ,1,1713,"32,3624521401998",4,545.0,"462,75",1,1, ,1,7,3,17,6,0,0,170152011902,1701520119020520710,17015201190205207110,1701520119020520710210,202510,10
1,170150,170150,66,3,1,3,1,26,3,10,10,6,2, ,2,8,3, ,1,20410402,6,2,90150,1,1, , , ,24,2, ,1,1,20,7, , , , , , , , , ,6190,3322,6,2, , , , , , , , , , , , ,1,8,1,1,3,1,1,24, , , , , , , , , , , ,5,150,2, ,0, , , , , , , ,2, ,2, ,2, ,2, ,2, ,2, , , , , , , , , , , , , , ,1,2513,"127,206908231627",5,150.0,"316,25",2,1, ,1,3,10,17,1,0,0,170150242701,1701502427010660308,17015024270106603108,1701502427010660310308,202508,8
1,170150,170150,54,3,1,2,1,22,7,10,10,6,1,5, ,9,1, ,2, ,6,2,111050,1,2,12,2, , , , , , , , , ,11, ,9, ,3, , , , , , , , , , , , , , , , , , , , , , , , , , , , , , , , , , , , , , ,5, , , , , , , , , , , ,2, ,2, ,1,200,2, ,2, ,2, , , , , , , , , , , , , , ,1,2511,"21,740196154325",5,0.0,200,9, , , , , ,17,1,0,0,170150073001,1701500730010540307,17015007300105403107,1701500730010540310207,202507,7
1,170150,170150,73,6,1,3,2,27,3,10,10,6,2, ,3,7,3, , , ,6,1, ,3,2,12,2, , , , , , , , , ,11, ,8, ,4, , , , , , , , , , , , , , , , , , , , , , , , , , , , , , , , , , , , , , ,5, , , , , , , , , , , ,2, ,2, ,2, ,2, ,2, ,2, , , , , , , , , , , , , , ,1,2513,"135,902701279623",4,0.0,"23,4285714285714",9, , , , , ,17,1,1,1,170150351003,1701503510030730612,17015035100307306112,1701503510030730610312,202512,12
1,170150,170150,63,3,1,1,2,23,1,10,10,6,1,1, ,9,4, ,2, ,6,1, ,1,2,12,2, , , , , , , , , ,11, ,9, ,3, , , , , , , , , , , , , , , , , , , , , , , , , , , , , , , , , , , , , , ,5, , , , , , , , , , , ,2, ,2, ,1,500,2, ,2, ,2, , , , , , , , , , , , , , ,1,2511,"10,6590518434255",5,0.0,250,9, , , , , ,17,1,0,0,170150073802,1701500738020630302,17015007380206303102,1701500738020630310102,202502,2
1,170150,170150,63,9,1,4,1,23,3,10,10,6,1,1, ,9,4, ,2, ,6,1, ,1,2,12,2, , , , , , , , , ,11, ,9, ,3, , , , , , , , , , , , , , , , , , , , , , , , , , , , , , , , , , , , , , ,5, , , , , , , , , , , ,2, ,2, ,2, ,2, ,2, ,2, , , , , , , , , , , , , , ,1,2513,"81,312232888427",5,0.0,153,9, , , , , ,17,1,0,0,170150242702,1701502427020630902,17015024270206309102,1701502427020630910402,202502,2
1,170150,170150,68,3,1,5,2,24,3,1,10,6,2, ,2,9,5, ,1,30730201,6,1, ,4,1, , , ,50, ,1,4, , , , , , , , , , , , ,4100,2142,2, ,3,1,2,2,1,1,1,2,2,1,1,1,0,2,1,15,1,1,1,50, , , , , , , , , , , ,1, , , , ,600,60,1,59, , , ,2, ,2, ,2, ,2, ,2, ,2, , , , , , , , , , , , , , ,1,2511,"14,1686931353703",5,719.0,"381,5",1,1, ,1,2,6,17,1,0,0,170150193402,1701501934020680310,17015019340206803110,1701501934020680310510,202510,10
1,170150,170150,62,7,1,2,2,22,2,1,10,5,2, ,5,7,3, , , ,6,2,20350,1,1, , , ,40, ,1,4, , , , , , , , , , , , ,4721,5223,2, ,2,2,2,2,1,1,1,2,2,2,1,1,0,1,1,2,1,1,1,40, , , , , , , , , , , ,1, , , , ,920,48,1,13, , , ,2, ,2, ,2, ,2, ,2, ,2, , , , , , , , , , , , , , ,1,2512,"24,1481002256975",4,981.0,"709,666666666667",1,1, ,1,5,7,17,1,0,0,170150378105,1701503781050620701,17015037810506207101,1701503781050620710201,202501,1
1,170151,170151,52,2,1,6,1,25,4,10,10,5,2, ,5,5,7,1, , ,6,1, ,2,1, , , ,40, ,1,4, , , , , , , , , , , , ,2511,7212,2, ,3,2,2,2,2,2,2,2,2,2,2,2,4,1,1,3,4,3,1,40, , , , , , , , , , , ,5, , , , ,470,0,2, , , , ,2, ,2, ,2, ,2, ,2, ,2, , , , , , , , , , , , , , ,1,1713,"128,684952958083",3,470.0,"233,75",1,1, ,4,7,3,17,6,0,0,170151004206,1701510042060520210,17015100420605202110,1701510042060520210610,202510,10
1,170150,170150,73,4,1,3,1,25,3,1,10,6,1,1, ,7,3, , , ,6,2,90150,3,1, , , ,20,1, ,4, , , , , , , , , , , , ,5610,9112,2, ,3,1,2,1,1,1,1,2,2,1,1,1,2,1,2, , , ,1,20, , , , , , , , , , , ,1, , , , ,475,22,1,200, , , ,2, ,2, ,2, ,2, ,2, ,2, , , , , , , , , , , , , , ,1,2511,"16,4540019856835",4,697.0,"1757,25",1,1, ,1,9,9,17,1,0,0,170150141902,1701501419020730409,17015014190207304109,1701501419020730410309,202509,9
1,170150,170150,70,3,1,2,2,21,8,10,10,6,2, ,5,7,3, , , ,1,2,60650,1,1, , , ,20,1, ,1,1,20,7, , , , , , , , , ,9700,9111,10, ,3,1,1,2,2,2,2,2,2,2,2,2,1,9,1,1, , ,1,20, , , , , , , , , , , ,5, , , , ,320,0,1,150, , , ,2, ,2, ,2, ,2, ,2, ,2, , , , , , , , , , , , , , ,1,2511,"18,1323361581036",4,470.0,735,2,1, ,3,9,20,17,1,0,0,170150162803,1701501628030700312,17015016280307003112,1701501628030700310212,202512,12
2,170164,170164,66,1,1,2,2,26,2,10,10,5,2, ,3,7,3, , , ,6,2,130350,1,1, , , ,50, ,1,4, , , , , , , , , , , , ,5610,9411,6,2, , , , , , , , , , , , ,0,9,1,1,3,2,1,50, , , , , , , , , , , ,5,400,2, ,100, , , , , , , ,2, ,2, ,2, ,2, ,2, ,2, , , , , , , , , , , , , , ,1,1722,"24,1092017146444",4,300.0,355,4,1, ,2,9,9,17,6,0,0,170164900202,1701649002020660105,17016490020206601105,1701649002020660110205,202505,5
1,170150,170150,70,1,1,3,1,29,3,10,10,6,2, ,2,10,2, ,1,50410401,6,1, ,1,1, , , ,40, ,1,4, , , , , , , , , , , , ,4741,5221,6,2, , , , , , , , , , , , ,4,6,1,1,2,1,1,40, , , , , , , , , , , ,5,1200,2, ,600, , , , , , , ,2, ,2, ,2, ,2, ,2, ,2, , , , , , , , , , , , , , ,1,2511,"33,0627181935345",5,600.0,200,1,1, ,1,5,7,17,1,0,0,170150201704,1701502017040700112,17015020170407001112,1701502017040700110312,202512,12
1,170150,170150,63,6,1,3,1,20,3,10,10,6,1,1, ,9,1, ,2, ,6,1, ,2,2,12,2, , , , , , , , , ,11, ,9, ,3, , , , , , , , , , , , , , , , , , , , , , , , , , , , , , , , , , , , , , ,5, , , , , , , , , , , ,2, ,2, ,2, ,2, ,2, ,2, , , , , , , , , , , , , , ,1,2512,"42,7301383491749",5,0.0,"296,666666666667",9, , , , , ,17,1,0,0,170150128903,1701501289030630602,17015012890306306102,1701501289030630610302,202502,2
1,170179,170179,71,1,1,3,1,19,3,5,10,6,1,5, ,7,3, , , ,6,2,170150,1,2,12,2, , , , , , , , , ,11, ,9, ,3, , , , , , , , , , , , , , , , , , , , , , , , , , , , , , , , , , , , , , ,5, , , , , , , , , , , ,2, ,2, ,2, ,2, ,2, ,2, , , , , , , , , , , , , , ,1,1713,"41,2361478509038",4,0.0,200,9, , , , , ,17,6,0,0,170179102301,1701791023010710110,17017910230107101110,1701791023010710110310,202510,10
2,170159,170159,64,9,1,3,1,25,3,10,10,6,2, ,5,7,3, , , ,6,1, ,1,1, , , ,40, ,1,4, , , , , , , , , , , , ,1071,8160,2, ,3,2,2,2,2,2,2,2,2,2,2,2,0,1,1,20,1,1,1,40, , , , , , , , , , , ,5, , , , ,470,0,2, , , , ,2, ,2, ,2, ,2, ,2, ,2, , , , , , , , , , , , , , ,1,1722,"36,4593881084386",4,470.0,"473,333333333333",1,1, ,1,8,3,17,6,0,0,170159900702,1701599007020640903,17015990070206409103,1701599007020640910303,202503,3
1,170150,170150,64,8,1,1,1,25,1,10,10,1,2, ,5,5,9,1, , ,6,3,862,1,1, , , ,54, ,1,4, , , , , , , , , , , , ,1030,7514,2, ,3,1,2,2,2,2,2,2,2,2,2,2,0,1,1,10,2,1,1,54, , , , , , , , , , , ,5, , , , ,320,0,1,60, , , ,2, ,2, ,2, ,2, ,2, ,2, , , , , , , , , , , , , , ,2,2513,"24,3359399128299",3,380.0,"126,666666666667",4,1, ,1,7,3,17,1,0,0,170150067801,1701500678010640803,17015006780106408103,1701500678010640810103,202503,3
1,170150,170150,71,4,1,3,1,25,3,10,10,6,2, ,5,7,3, , , ,6,1, ,2,1, , , ,24,8, ,4, , , , , , , , , , , , ,6910,3342,2, ,3,2,2,2,2,2,2,2,2,2,2,2,0,1,1,5,4,1,1,40, , , , , , , , , , , ,5, , , , ,470,0,2, , , , ,2, ,2, ,2, ,2, ,2, ,2, , , , , , , , , , , , , , ,1,2512,"19,9833370787303",4,470.0,459,1,1, ,1,3,13,17,1,0,0,170150251902,1701502519020710410,17015025190207104110,1701502519020710410310,202510,10
2,170150,170150,64,4,1,3,1,29,3,10,10,6,2, ,5,7,3, , , ,6,1, ,3,1, , , ,40, ,1,4, , , , , , , , , , , , ,4922,8331,2, ,3,2,2,2,2,2,2,2,2,2,2,2,5,3,1,2,1,1,1,40, , , , , , , , , , , ,5, , , , ,470,0,2, , , , ,2, ,2, ,2, ,2, ,2, ,2, , , , , , , , , , , , , , ,1,1723,"26,1459928678726",4,470.0,"494,333333333333",1,1, ,1,8,8,17,6,0,0,170150901601,1701509016010640403,17015090160106404103,1701509016010640410303,202503,3
1,170150,170150,73,4,1,3,1,25,3,1,10,6,1,2, ,8,1, ,2, ,6,1, ,2,1, , , ,40, ,1,4, , , , , , , , , , , , ,4510,3322,2, ,3,2,2,2,1,2,1,2,2,2,1,1,0,1,1,9,1,1,1,40, , , , , , , , , , , ,1, , , , ,600,60,2, , , , ,2, ,2, ,2, ,2, ,2, ,2, , , , , , , , , , , , , , ,1,2511,"21,4306126975948",5,660.0,"621,25",1,1, ,1,3,7,17,1,0,0,170150141902,1701501419020730412,17015014190207304112,1701501419020730410312,202512,12
1,170353,170353,76,9,1,2,1,26,3,10,10,6,2, ,2,9,5, ,1,30310101,6,1, ,2,2,12,2, , , , , , , , , ,8,24, , , ,1,2,24,6201,4312,2, , , , , , , , , , , , , , , , , , , , , , , , , , , , , , , , ,5, , , , , , , , , , , ,2, ,2, ,2, ,2, ,2, ,2, ,2,2,1,1,1,2,2,2,2,2,2,2,1,1,1711,"107,203771305714",5,0.0,"260,75",7, ,1, , , ,17,6,0,0,170353019903,1703530199030760912,17035301990307609112,1703530199030760910212,202512,12
1,170150,170150,57,6,1,4,2,20,3,10,10,6,1,1, ,7,3, , , ,6,1, ,2,2,12,2, , , , , , , , , ,11, ,9, ,3, , , , , , , , , , , , , , , , , , , , , , , , , , , , , , , , , , , , , , ,5, , , , , , , , , , , ,2, ,2, ,2, ,2, ,2, ,2, , , , , , , , , , , , , , ,1,2513,"24,932795913936",4,0.0,360,9, , , , , ,17,1,0,0,170150072102,1701500721020570608,17015007210205706108,1701500721020570610408,202508,8
1,170150,170150,67,9,1,1,2,18,1,10,10,6,1,5, ,7,3, , , ,6,2,170250,1,2,12,2, , , , , , , , , ,11, ,9, ,3, , , , , , , , , , , , , , , , , , , , , , , , , , , , , , , , , , , , , , ,5, , , , , , , , , , , ,2, ,2, ,1,230,2, ,2, ,2, , , , , , , , , , , , , , ,1,2512,"51,1883734477918",4,0.0,230,9, , , , , ,17,1,0,0,170150144205,1701501442050670906,17015014420506709106,1701501442050670910106,202506,6
1,170175,170175,66,3,1,3,2,19,3,10,10,6,1,1, ,7,3, , , ,6,2,110250,1,2,12,2, , , , , , , , , ,11, ,9, ,3, , , , , , , , , , , , , , , , , , , , , , , , , , , , , , , , , , , , , , ,5, , , , , , , , , , , ,2, ,2, ,2, ,2, ,2, ,2, , , , , , , , , , , , , , ,1,1711,"217,168601499873",4,0.0,1070,9, , , , , ,17,6,0,0,170175097901,1701750979010660305,17017509790106603105,1701750979010660310305,202505,5
2,170252,170252,64,8,1,4,1,18,3,10,10,6,2, ,13,7,3, , , ,1,1, ,1,2,12,2, , , , , , , , , ,11, ,8, ,6, , , , , , , , , , , , , , , , , , , , , , , , , , , , , , , , , , , , , , ,5, , , , , , , , , , , ,2, ,2, ,2, ,2, ,2, ,2, , , , , , , , , , , , , , ,1,1721,"302,132812488271",4,0.0,"94,8",9, , , , , ,17,6,0,0,170252903602,1702529036020640806,17025290360206408106,1702529036020640810406,202506,6
1,170184,170184,60,5,1,3,2,26,3,1,10,6,2, ,2,9,4, ,1,30410302,6,1, ,1,1, , , ,40, ,1,4, , , , , , , , , , , , ,4772,5223,2, ,2,2,2,2,1,2,1,2,2,2,1,1,6,1,2, , , ,1,40, , , , , , , , , , , ,1, , , , ,900,90,2, , , , ,2, ,2, ,2, ,2, ,2, ,2, , , , , , , , , , , , , , ,1,1713,"62,9577372230726",5,990.0,730,1,1, ,1,5,7,17,6,0,0,170184107603,1701841076030600506,17018410760306005106,1701841076030600510306,202506,6
1,170150,170150,54,7,1,1,2,20,1,10,10,6,1,1, ,9,2, ,2, ,6,1, ,1,2,12,2, , , , , , , , , ,11, ,9, ,3, , , , , , , , , , , , , , , , , , , , , , , , , , , , , , , , , , , , , , ,5, , , , , , , , , , , ,2, ,2, ,1,630,2, ,2, ,2, , , , , , , , , , , , , , ,1,2512,"22,9790885395748",5,0.0,630,9, , , , , ,17,1,0,0,170150029203,1701500292030540704,17015002920305407104,1701500292030540710104,202504,4
1,170150,170150,58,6,1,2,2,29,2,10,10,1,2, ,2,9,4, ,1,30110301,6,1, ,2,1, , , ,25,1, ,4, , , , , , , , , , , , ,4799,9520,6,2, , , , , , , , , , , , ,5,3,1,1,3,2,1,25, , , , , , , , , , , ,5,320,2, ,120, , , , , , , ,2, ,2, ,2, ,2, ,2, ,2, , , , , , , , , , , , , , ,1,2513,"53,0011023161531",5,200.0,"246,666666666667",4,1, ,2,9,7,17,1,0,0,170150119703,1701501197030580612,17015011970305806112,1701501197030580610212,202512,12
2,170850,170850,40,7,1,2,2,24,2,10,10,5,2, ,3,1, ,2, , ,6,1, ,1,2,12,2, , , , , , , , , ,11, ,9, ,4, , , , , , , , , , , , , , , , , , , , , , , , , , , , , , , , , , , , , , ,5, , , , , , , , , , , ,2, ,2, ,2, ,2, ,2, ,2, , , , , , , , , , , , , , ,1,1721,"27,3536600246766",1,0.0,120,9, , , , , ,17,6,0,0,170850901402,1708509014020400701,17085090140204007101,1708509014020400710201,202501,1
1,170150,170150,57,3,1,1,2,26,1,10,10,1,2, ,3,5,4,1, , ,1,2,50458,1,2,12,2, , , , , , , , , ,11, ,9, ,4, , , , , , , , , , , , , , , , , , , , , , , , , , , , , , , , , , , , , , ,5, , , , , , , , , , , ,2, ,2, ,2, ,2, ,2, ,2, , , , , , , , , , , , , , ,1,2513,"24,932795913936",3,0.0,120,9, , , , , ,17,1,0,0,170150072102,1701500721020570308,17015007210205703108,1701500721020570310108,202508,8
1,170150,170150,68,6,1,5,1,19,7,10,10,6,1,1, ,7,3, , , ,6,1, ,5,2,12,2, , , , , , , , , ,11, ,9, ,3, , , , , , , , , , , , , , , , , , , , , , , , , , , , , , , , , , , , , , ,5, , , , , , , , , , , ,2, ,2, ,2, ,2, ,2, ,2, , , , , , , , , , , , , , ,1,2512,"53,2105635310208",4,0.0,"166,666666666667",9, , , , , ,17,1,0,0,170150238304,1701502383040680610,17015023830406806110,1701502383040680610510,202510,10
1,170150,170150,55,3,1,2,2,24,2,10,10,5,2, ,11,7,3, , , ,6,3,862,1,2,12,2, , , , , , , , , ,11, ,9, ,4, , , , , , , , , , , , , , , , , , , , , , , , , , , , , , , , , , , , , , ,5, , , , , , , , , , , ,2, ,2, ,2, ,2, ,2, ,2, , , , , , , , , , , , , , ,1,2512,"85,1655993817112",4,0.0,75,9, , , , , ,17,1,1,0,170150356003,1701503560030550302,17015035600305503102,1701503560030550310202,202502,2
2,170454,170454,62,2,1,2,1,26,5,10,10,6,2, ,2,9,4, ,1,30910502,6,2,170150,2,1, , , ,40, ,1,4, , , , , , , , , , , , ,4620,8332,6,2, , , , , , , , , , , , ,0,8,1,1,3,1,1,40, , , , , , , , , , , ,5,400,2, ,0, , , , , , , ,2, ,2, ,2, ,2, ,2, ,2, , , , , , , , , , , , , , ,1,1722,"25,3738160063984",5,400.0,350,4,1, ,1,8,7,17,6,0,0,170454024801,1704540248010620201,17045402480106202101,1704540248010620210201,202501,1
2,170165,170165,40,6,1,4,2,21,3,10,10,6,2, ,3,7,3, , , ,6,1, ,2,1, , , ,45, ,1,4, , , , , , , , , , , , ,5610,5131,2, ,3,1,2,2,2,1,2,2,2,2,2,2,3,1,1,4,1,1,1,45, , , , , , , , , , , ,5, , , , ,460,0,1,56, , , ,2, ,2, ,2, ,2, ,2, ,2, , , , , , , , , , , , , , ,1,1723,"48,5751632024781",4,516.0,"330,25",1,1, ,1,5,9,17,6,0,0,170165902101,1701659021010400601,17016590210104006101,1701659021010400610401,202501,1
1,170150,170150,58,1,1,2,2,21,3,10,10,6,1,1, ,9,2, ,2, ,6,1, ,1,2,12,2, , , , , , , , , ,11, ,9, ,3, , , , , , , , , , , , , , , , , , , , , , , , , , , , , , , , , , , , , , ,5, , , , , , , , , , , ,2, ,2, ,2, ,2, ,2, ,2, , , , , , , , , , , , , , ,1,2513,"68,7211020440525",5,0.0,"135,666666666667",9, , , , , ,17,1,0,0,170150237103,1701502371030580103,17015023710305801103,1701502371030580110203,202503,3
1,170170,170170,51,6,1,2,1,20,3,1,10,6,2, ,5,7,3, , , ,6,2,110250,1,1, , , ,24,8, ,4, , , , , , , , , , , , ,4773,5223,2, ,3,2,2,2,1,2,1,2,2,2,1,1,2,1,1,10,4,1,1,40, , , , , , , , , , , ,1, , , , ,420,50,2, , , , ,2, ,2, ,2, ,2, ,2, ,2, , , , , , , , , , , , , , ,1,1712,"83,3890828115889",4,470.0,"186,25",1,1, ,1,5,7,17,6,0,0,170170089901,1701700899010510603,17017008990105106103,1701700899010510610203,202503,3
1,170150,170150,64,2,1,1,2,26,1,1,10,2,1,6, ,9,1, ,2, ,6,1, ,1,1, , , ,40, ,1,4, , , , , , , , , , , , ,9499,4222,2, ,3,2,2,2,1,2,1,2,2,2,1,1,1,1,2, , , ,1,40, , , , , , , , , , , ,1, , , , ,500,50,2, , , , ,2, ,2, ,1,240,2, ,2, ,2, , , , , , , , , , , , , , ,1,2513,"42,417275044785",5,550.0,395,1,1, ,1,4,19,17,1,0,0,170150350002,1701503500020640203,17015035000206402103,1701503500020640210103,202503,3
1,170150,170150,65,7,1,3,1,26,3,1,10,6,2, ,2,9,5, ,1,30610401,6,2,50250,2,1, , , ,40, ,1,4, , , , , , , , , , , , ,6492,2523,2, ,3,2,2,2,1,2,1,2,2,2,1,1,1,1,2, , , ,1,40, , , , , , , , , , , ,1, , , , ,900,80,2, , , , ,2, ,2, ,2, ,2, ,2, ,2, , , , , , , , , , , , , , ,1,2511,"29,1103206915201",5,980.0,956,1,1, ,1,2,11,17,1,0,0,170150065705,1701500657050650704,17015006570506507104,1701500657050650710304,202504,4
1,170184,170184,54,4,1,1,1,26,1,10,10,2,2, ,3,7,3, , , ,6,2,130150,1,1, , , ,40, ,1,4, , , , , , , , , , , , ,4100,9313,4, ,6,2,2,2,2,2,2,2,2,2,2,2,1,2,1,3,3,2,1,40, , , , , , , , , , , ,5, , , , ,400,0,2, , , , ,2, ,2, ,2, ,2, ,2, ,2, , , , , , , , , , , , , , ,1,1713,"72,9213798737171",4,400.0,400,4,1, ,2,9,6,17,6,0,0,170184105205,1701841052050540407,17018410520505404107,1701841052050540410107,202507,7
1,170150,170150,54,4,1,4,1,18,3,10,10,6,2, ,7,7,3, , , ,6,1, ,4,2,12,2, , , , , , , , , ,11, ,11, ,5, , , , , , , , , , , , , , , , , , , , , , , , , , , , , , , , , , , , , , ,5, , , , , , , , , , , ,2, ,2, ,2, ,2, ,2, ,2, , , , , , , , , , , , , , ,1,2512,"48,1908080132568",4,0.0,161,9, , , , , ,17,1,0,0,170150380905,1701503809050540404,17015038090505404104,1701503809050540410404,202504,4
1,170150,170150,55,4,1,2,2,23,3,10,10,6,2, ,3,7,3, , , ,6,1, ,1,2,12,2, , , , , , , , , ,11, ,9, ,4, , , , , , , , , , , , , , , , , , , , , , , , , , , , , , , , , , , , , , ,5, , , , , , , , , , , ,2, ,2, ,2, ,2, ,2, ,2, , , , , , , , , , , , , , ,1,2512,"202,822097240184",4,0.0,"51,25",9, , , , , ,17,1,1,0,170150231801,1701502318010550402,17015023180105504102,1701502318010550410202,202502,2
1,170150,170150,55,2,1,5,1,18,3,10,10,6,1,2, ,7,2, , , ,6,1, ,1,2,12,2, , , , , , , , , ,11, ,9, ,3, , , , , , , , , , , , , , , , , , , , , , , , , , , , , , , , , , , , , , ,5, , , , , , , , , , , ,2, ,2, ,2, ,2, ,2, ,2, , , , , , , , , , , , , , ,1,2512,"120,200673411597",4,0.0,"85,8333333333333",9, , , , , ,17,1,1,0,170150392303,1701503923030550211,17015039230305502111,1701503923030550210511,202511,11
1,170155,170155,56,2,1,2,1,23,3,10,10,6,1,3, ,9,2, ,2, ,6,1, ,2,1, , , ,32,8, ,4, , , , , , , , , , , , ,7500,5164,2, ,2,1,2,2,2,1,2,2,2,2,2,2,3,1,1,3,2,1,1,40, , , , , , , , , , , ,5, , , , ,470,0,1,50, , , ,2, ,2, ,2, ,2, ,2, ,2, , , , , , , , , , , , , , ,1,1711,"10,2933145737307",5,520.0,270,1,1, ,1,5,13,17,6,0,0,170155019103,1701550191030560205,17015501910305602105,1701550191030560210205,202505,5
1,170150,170150,64,5,1,2,2,19,3,10,10,6,1,5, ,9,1, ,2, ,6,1, ,2,2,12,2, , , , , , , , , ,11, ,9, ,3, , , , , , , , , , , , , , , , , , , , , , , , , , , , , , , , , , , , , , ,5, , , , , , , , , , , ,2, ,2, ,2, ,2, ,2, ,2, , , , , , , , , , , , , , ,1,2512,"19,952220295777",5,0.0,535,9, , , , , ,17,1,0,0,170150314303,1701503143030640503,17015031430306405103,1701503143030640510203,202503,3
1,170150,170150,67,4,1,3,2,24,5,10,10,6,2, ,15,7,3, , , ,6,1, ,3,2,12,2, , , , , , , , , ,11, ,9, ,4, , , , , , , , , , , , , , , , , , , , , , , , , , , , , , , , , , , , , , ,5, , , , , , , , , , , ,2, ,2, ,1,100,2, ,2, ,2, , , , , , , , , , , , , , ,1,2513,"183,373084748558",4,0.0,"112,5",9, , , , , ,17,1,0,0,170150090601,1701500906010670409,17015009060106704109,1701500906010670410309,202509,9
1,170150,170150,64,3,1,3,1,24,3,1,10,6,1,5, ,9,2, ,2, ,6,1, ,2,1, , , ,20,7, ,4, , , , , , , , , , , , ,8291,4222,2, ,3,2,2,2,1,2,1,2,2,2,1,1,3,1,1,50,1,1,1,20, , , , , , , , , , , ,1, , , , ,230,20,2, , , , ,2, ,2, ,2, ,2, ,2, ,2, , , , , , , , , , , , , , ,1,2512,"15,8221468120552",5,250.0,"439,333333333333",4,1, ,1,4,14,17,1,0,0,170150269303,1701502693030640303,17015026930306403103,1701502693030640310303,202503,3
1,170150,170150,57,1,1,1,2,28,1,1,10,6,2, ,5,7,3, , , ,6,1, ,1,1, , , ,60, ,1,4, , , , , , , , , , , , ,5610,5120,2, ,2,2,2,1,1,1,1,2,2,2,1,1,5,1,2, , , ,1,60, , , , , , , , , , , ,1, , , , ,470,45,1,25, , , ,2, ,2, ,2, ,2, ,2, ,2, , , , , , , , , , , , , , ,1,2511,"59,8963721556232",4,540.0,540,1,1, ,1,5,9,17,1,0,0,170150227403,1701502274030570105,17015022740305701105,1701502274030570110105,202505,5
1,170175,170175,66,4,1,2,2,23,2,10,10,5,2, ,11,5,8,1, , ,1,2,100350,2,2,12,2, , , , , , , , , ,11, ,8, ,4, , , , , , , , , , , , , , , , , , , , , , , , , , , , , , , , , , , , , , ,5, , , , , , , , , , , ,2, ,2, ,2, ,2, ,2, ,2, , , , , , , , , , , , , , ,1,1711,"217,168601499873",3,0.0,"136,25",9, , , , , ,17,6,0,0,170175097901,1701750979010660405,17017509790106604105,1701750979010660410205,202505,5
1,170150,170150,70,3,1,3,1,19,3,10,10,6,1,1, ,7,3, , , ,6,1, ,2,2,12,2, , , , , , , , , ,11, ,9, ,3, , , , , , , , , , , , , , , , , , , , , , , , , , , , , , , , , , , , , , ,5, , , , , , , , , , , ,2, ,2, ,2, ,2, ,2, ,2, , , , , , , , , , , , , , ,3,2512,"17,9074333965316",4,0.0,"117,5",9, , , , , ,17,1,0,0,170150355906,1701503559060700309,17015035590607003109,1701503559060700310309,202509,9
1,170150,170150,57,3,1,2,1,26,3,1,10,6,2, ,5,7,3, , , ,6,1, ,2,1, , , ,40, ,1,4, , , , , , , , , , , , ,2813,8122,2, ,2,1,2,2,1,1,1,2,2,1,1,1,2,1,2, , , ,1,40, , , , , , , , , , , ,1, , , , ,550,45,1,90, , , ,2, ,2, ,2, ,2, ,2, ,2, , , , , , , , , , , , , , ,1,2513,"20,6200960801741",4,685.0,"617,5",1,1, ,1,8,3,17,1,0,0,170150249301,1701502493010570308,17015024930105703108,1701502493010570310208,202508,8
1,170450,170450,72,5,1,5,2,21,7,10,10,6,1,2, ,9,3, ,2, ,6,1, ,2,2,12,2, , , , , , , , , ,11, ,9, ,3, , , , , , , , , , , , , , , , , , , , , , , , , , , , , , , , , , , , , , ,5, , , , , , , , , , , ,2, ,2, ,2, ,2, ,2, ,2, , , , , , , , , , , , , , ,1,1711,"120,402979660776",5,0.0,"314,8",9, , , , , ,17,6,0,0,170450026602,1704500266020720511,17045002660207205111,1704500266020720510511,202511,11
1,170150,170150,71,4,1,2,1,22,3,10,10,6,2, ,5,5,8,1, , ,6,2,50350,1,1, , , ,40, ,1,4, , , , , , , , , , , , ,4520,7231,2, ,3,2,2,2,2,2,2,2,2,2,2,2,0,1,1,4,2,2,1,40, , , , , , , , , , , ,5, , , , ,450,0,2, , , , ,2, ,2, ,2, ,2, ,2, ,2, , , , , , , , , , , , , , ,1,2513,"87,0051176421939",3,450.0,"545,5",4,1, ,2,7,7,17,1,0,0,170150384901,1701503849010710410,17015038490107104110,1701503849010710410210,202510,10
1,170150,170150,52,3,1,5,1,29,3,2,10,6,2, ,2,8,3, ,1,20210210,6,1, ,2,1, , , ,20,1, ,4, , , , , , , , , , , , ,7410,3118,6,2, , , , , , , , , , , , ,5,9,1,1,2,1,1,20, , , , , , , , , , , ,2,600,2, ,0, , , , , , , ,2, ,2, ,2, ,2, ,2, ,2, , , , , , , , , , , , , , ,1,2511,"31,7048236003634",5,600.0,942,1,1, ,1,3,13,17,1,0,0,170150216403,1701502164030520310,17015021640305203110,1701502164030520310510,202510,10
2,170452,170452,63,3,1,2,2,27,2,1,10,5,2, ,5,7,3, , , ,6,2,170178,2,1, , , ,48, ,1,4, , , , , , , , , , , , ,119,6113,2, ,2,1,2,1,1,1,1,2,2,2,1,1,0,11,2, , , ,1,48, , , , , , , , , , , ,1, , , , ,480,45,1,105, , , ,2, ,2, ,2, ,2, ,2, ,2, , , , , , , , , , , , , , ,1,1721,"39,1910149261232",4,630.0,"446,666666666667",1,1, ,1,6,1,17,6,0,0,170452900202,1704529002020630305,17045290020206303105,1704529002020630310205,202505,5
1,170163,170163,62,6,1,2,1,19,3,1,10,6,2, ,3,7,3, , , ,6,2,170250,1,1, , , ,44, ,1,4, , , , , , , , , , , , ,6910,3342,2, ,2,2,2,2,1,2,1,2,2,2,1,1,1,1,1,20,1,1,1,44, , , , , , , , , , , ,1, , , , ,425,45,2, , , , ,2, ,2, ,2, ,2, ,2, ,2, , , , , , , , , , , , , , ,1,1711,"44,0400557382156",4,470.0,"241,666666666667",1,1, ,1,3,13,17,6,0,0,170163081601,1701630816010620604,17016308160106206104,1701630816010620610204,202504,4
1,170150,170150,56,7,1,3,1,22,3,1,10,6,2, ,5,9,1, ,2, ,6,2,80150,2,1, , , ,40, ,1,4, , , , , , , , , , , , ,5610,5230,2, ,2,1,2,2,1,1,1,2,2,2,1,1,4,1,2, , , ,1,40, , , , , , , , , , , ,1, , , , ,470,45,1,60, , , ,2, ,2, ,2, ,2, ,2, ,2, , , , , , , , , , , , , , ,1,2512,"34,4813252086054",5,575.0,385,1,1, ,1,5,9,17,1,0,0,170150344201,1701503442010560702,17015034420105607102,1701503442010560710302,202502,2
2,170175,170175,64,2,1,3,1,18,3,10,10,6,1,2, ,7,1, , , ,6,2,170185,1,2,8, , ,10,7, ,4, , , , , , , , , , , , ,150,9213,7, , , , , , , , , , , , , ,10,10,1,3,3,2,1,10, , , , , , , , , , , ,5, , , , , , , , , , , ,2, ,2, ,1,4,2, ,2, ,2, , , , , , , , , , , , , , ,1,1722,"55,9489605735901",4,0.0,"168,6",5,1, ,2,9,1,17,6,0,0,170175900801,1701759008010640203,17017590080106402103,1701759008010640210303,202503,3
1,170150,170150,74,7,1,3,2,20,3,10,10,6,1,1, ,9,1, ,2, ,6,1, ,1,2,12,2, , , , , , , , , ,11, ,9, ,3, , , , , , , , , , , , , , , , , , , , , , , , , , , , , , , , , , , , , , ,5, , , , , , , , , , , ,2, ,2, ,2, ,2, ,2, ,2, , , , , , , , , , , , , , ,1,2512,"93,0009184160227",5,0.0,125,9, , , , , ,17,1,0,0,170150329402,1701503294020740710,17015032940207407110,1701503294020740710310,202510,10
1,170150,170150,72,5,1,2,1,20,3,10,10,6,1,6, ,7,1, , , ,2,2,80150,1,2,12,2, , , , , , , , , ,11, ,9, ,3, , , , , , , , , , , , , , , , , , , , , , , , , , , , , , , , , , , , , , ,5, , , , , , , , , , , ,2, ,2, ,2, ,2, ,2, ,2, , , , , , , , , , , , , , ,1,2511,"15,8741501339826",4,0.0,375,9, , , , , ,17,1,0,0,170150251101,1701502511010720508,17015025110107205108,1701502511010720510208,202508,8
1,170150,170150,71,5,1,3,2,23,3,10,10,6,2, ,5,8,2, ,2, ,6,1, ,2,1, , , ,8,1, ,3,1,40,1,1, , , , , , , , ,1071,5223,2, ,2,1,2,2,2,2,2,2,2,2,2,2,3,1,1,2,3,1,1,8, , , , , , , , , , , ,5, , , , ,80,0,1,10, , , ,2, ,2, ,2, ,2, ,2, ,2, , , , , , , , , , , , , , ,1,2513,"105,457655763435",5,90.0,"161,666666666667",2,1, ,1,5,3,17,1,0,0,170150219803,1701502198030710510,17015021980307105110,1701502198030710510310,202510,10
1,170150,170150,63,6,1,1,2,24,1,10,10,6,1,5, ,9,1, ,2, ,6,2,60150,1,2,12,2, , , , , , , , , ,11, ,9, ,3, , , , , , , , , , , , , , , , , , , , , , , , , , , , , , , , , , , , , , ,5, , , , , , , , , , , ,2, ,2, ,1,100,2, ,2, ,2, , , , , , , , , , , , , , ,1,2511,"13,5613854714422",5,0.0,100,9, , , , , ,17,1,0,0,170150247705,1701502477050630605,17015024770506306105,1701502477050630610105,202505,5
1,170150,170150,65,6,1,2,2,22,3,10,10,6,1,2, ,9,3, ,2, ,6,1, ,1,2,12,2, , , , , , , , , ,11, ,9, ,3, , , , , , , , , , , , , , , , , , , , , , , , , , , , , , , , , , , , , , ,5, , , , , , , , , , , ,2, ,2, ,2, ,2, ,2, ,2, , , , , , , , , , , , , , ,1,2513,"33,9091356028778",5,0.0,265,9, , , , , ,17,1,0,0,170150222501,1701502225010650604,17015022250106506104,1701502225010650610204,202504,4
2,170252,170252,73,2,1,3,1,20,5,10,10,6,2, ,5,7,3, , , ,1,1, ,2,1, , , ,40, ,1,4, , , , , , , , , , , , ,119,6113,4, ,6,1,2,2,2,2,2,2,2,2,2,2,1,11,1,3,2,1,1,40, , , , , , , , , , , ,5, , , , ,450,0,1,60, , , ,2, ,2, ,2, ,2, ,2, ,2, , , , , , , , , , , , , , ,1,1721,"30,2511442200732",4,510.0,"308,333333333333",1,1, ,1,6,1,17,6,0,0,170252902202,1702529022020730212,17025290220207302112,1702529022020730210312,202512,12
2,170184,170184,71,7,1,3,2,23,3,10,10,6,2, ,2,9,4, ,1,30210105,6,2,130250,1,2,12,2, , , , , , , , , ,8,52, , , ,2, , , , , , , , , , , , , , , , , , , , , , , , , , , , , , , , , , , , , ,5, , , , , , , , , , , ,2, ,2, ,2, ,2, ,2, ,2, ,2,2,1,1,1,2,2,2,2,2,2,2,8,1,1723,"34,4385696349602",5,0.0,170,7, ,1, , , ,17,6,0,0,170184902901,1701849029010710710,17018490290107107110,1701849029010710710310,202510,10
1,170150,170150,57,5,1,3,1,19,3,10,10,6,1,1, ,7,3, , , ,6,1, ,3,2,12,2, , , , , , , , , ,11, ,8, ,3, , , , , , , , , , , , , , , , , , , , , , , , , , , , , , , , , , , , , , ,5, , , , , , , , , , , ,2, ,2, ,2, ,2, ,2, ,2, , , , , , , , , , , , , , ,1,2512,"157,28911564363",4,0.0,"62,5",9, , , , , ,17,1,1,0,170150012201,1701500122010570508,17015001220105705108,1701500122010570510308,202508,8
1,170150,170150,70,3,1,3,1,19,5,10,10,6,2, ,3,7,3, , , ,6,1, ,2,2,12,2, , , , , , , , , ,11, ,8, ,6, , , , , , , , , , , , , , , , , , , , , , , , , , , , , , , , , , , , , , ,5, , , , , , , , , , , ,2, ,2, ,2, ,2, ,2, ,2, , , , , , , , , , , , , , ,1,2512,"23,4756990666515",4,0.0,"293,333333333333",9, , , , , ,17,1,0,0,170150131301,1701501313010700312,17015013130107003112,1701501313010700310312,202512,12
1,170150,170150,70,6,1,4,2,22,3,10,10,6,1,2, ,9,3, ,2, ,6,2,180150,2,1, , , ,40, ,1,4, , , , , , , , , , , , ,4752,5223,2, ,3,1,2,2,2,2,2,2,2,2,2,2,2,1,1,3,2,1,1,40, , , , , , , , , , , ,5, , , , ,250,0,1,60, , , ,2, ,2, ,2, ,2, ,2, ,2, , , , , , , , , , , , , , ,1,2511,"99,2836053141611",5,310.0,156,4,1, ,1,5,7,17,1,0,0,170150397202,1701503972020700609,17015039720207006109,1701503972020700610409,202509,9
1,170150,170150,55,6,1,3,2,25,3,10,10,6,1,1, ,8,2, ,2, ,2,1, ,2,2,12,2, , , , , , , , , ,11, ,9, ,3, , , , , , , , , , , , , , , , , , , , , , , , , , , , , , , , , , , , , , ,5, , , , , , , , , , , ,2, ,2, ,2, ,2, ,2, ,2, , , , , , , , , , , , , , ,1,2512,"117,96518163141",5,0.0,"202,5",9, , , , , ,17,1,0,0,170150392303,1701503923030550602,17015039230305506102,1701503923030550610302,202502,2
1,170150,170150,64,6,1,1,2,21,1,10,10,5,2, ,11,7,1, , , ,6,3,862,1,2,12,2, , , , , , , , , ,2,8, , , ,1,3,8,1071,5223,2, , , , , , , , , , , , , , , , , , , , , , , , , , , , , , , , ,5, , , , , , , , , , , ,2, ,2, ,2, ,2, ,2, ,2, ,2,2,2,1,1,2,2,2,2,2,2,2,3,2,2513,"31,1717036962832",4,0.0,85,7, ,1, , , ,17,1,1,0,170150116104,1701501161040640606,17015011610406406106,1701501161040640610106,202506,6
1,170150,170150,71,5,1,4,1,20,3,1,10,6,2, ,5,7,3, , , ,6,1, ,2,1, , , ,50, ,1,4, , , , , , , , , , , , ,4530,7412,2, ,3,1,2,2,1,2,1,2,2,2,1,1,1,1,1,4,1,1,1,50, , , , , , , , , , , ,1, , , , ,425,45,1,50, , , ,2, ,2, ,2, ,2, ,2, ,2, , , , , , , , , , , , , , ,1,2513,"105,457655763435",4,520.0,"161,666666666667",1,1, ,1,7,7,17,1,0,0,170150219803,1701502198030710510,17015021980307105110,1701502198030710510410,202510,10
1,170150,170150,53,5,1,6,1,27,5,1,10,6,2, ,5,7,3, , , ,6,1, ,2,1, , , ,40, ,1,4, , , , , , , , , , , , ,5610,5120,2, ,2,2,2,2,1,2,1,2,2,2,1,1,1,1,2, , , ,1,40, , , , , , , , , , , ,1, , , , ,450,47,2, , , , ,2, ,2, ,2, ,2, ,2, ,2, , , , , , , , , , , , , , ,1,2511,"10,204896154391",4,497.0,"265,285714285714",1,1, ,1,5,9,17,1,0,0,170150142305,1701501423050530504,17015014230505305104,1701501423050530510604,202504,4
1,170150,170150,65,3,1,1,1,26,1,1,10,6,2, ,5,7,3, , , ,6,1, ,1,1, , , ,40, ,1,4, , , , , , , , , , , , ,4100,7112,2, ,3,2,2,2,1,2,1,2,2,2,1,1,4,2,1,50,1,1,1,40, , , , , , , , , , , ,1, , , , ,425,45,2, , , , ,2, ,2, ,2, ,2, ,2, ,2, , , , , , , , , , , , , , ,1,2512,"20,4538696281528",4,470.0,235,1,1, ,1,7,6,17,1,0,0,170150089601,1701500896010650307,17015008960106503107,1701500896010650310107,202507,7
1,170150,170150,74,9,1,1,2,26,1,10,10,6,2, ,2,9,4, ,1,30910301,6,1, ,1,2,12,2, , , , , , , , , ,2,4, , , ,1,5,4,9700,5322,10, , , , , , , , , , , , , , , , , , , , , , , , , , , , , , , , ,5, , , , , , , , , , , ,2, ,2, ,2, ,1,230,2, ,2, ,2,1,1,1,1,2,2,2,2,2,2,2,2,1,2511,"59,3259504548398",5,0.0,230,7, ,1, , , ,17,1,0,0,170150094002,1701500940020740910,17015009400207409110,1701500940020740910110,202510,10
1,170150,170150,68,7,1,1,1,27,1,10,10,6,1,3, ,7,2, , , ,6,1, ,1,1, , , ,40, ,1,4, , , , , , , , , , , , ,8130,6113,6,2, , , , , , , , , , , , ,6,8,1,1,3,2,1,40, , , , , , , , , , , ,5,600,2, ,50, , , , , , , ,2, ,2, ,2, ,2, ,2, ,2, , , , , , , , , , , , , , ,1,2512,"23,6090306541171",4,550.0,310,1,1, ,2,6,14,17,1,0,0,170150294402,1701502944020680707,17015029440206807107,1701502944020680710107,202507,7
1,170150,170150,53,6,1,3,2,23,3,10,10,6,2, ,11,7,3, , , ,6,1, ,2,2,12,2, , , , , , , , , ,9,10, , , ,2, , , , , , , , , , , , , , , , , , , , , , , , , , , , , , , , , , , , , ,5, , , , , , , , , , , ,2, ,1,120,2, ,2, ,2, ,2, ,2,2,1,1,1,2,2,2,2,2,2,2,8,1,2513,"69,6032555684559",4,0.0,65,7, ,1, , , ,17,1,1,0,170150071902,1701500719020530604,17015007190205306104,1701500719020530610304,202504,4
1,170150,170150,75,6,1,4,2,23,3,10,10,6,2, ,3,7,3, , , ,1,1, ,1,1, , , ,20,1, ,4, , , , , , , , , , , , ,4721,5223,2, ,3,2,2,2,2,2,2,2,2,2,2,2,5,1,1,2,3,2,1,20, , , , , , , , , , , ,5, , , , ,200,0,2, , , , ,2, ,2, ,2, ,2, ,2, ,2, , , , , , , , , , , , , , ,1,2513,"80,3399569402152",4,200.0,150,4,1, ,2,5,7,17,1,0,0,170150248304,1701502483040750611,17015024830407506111,1701502483040750610411,202511,11
1,170150,170150,72,7,1,3,1,21,3,10,10,6,2, ,3,7,3, , , ,6,1, ,2,2,12,2, , , , , , , , , ,2,24, , , ,1,5,24,4100,9313,4, , , , , , , , , , , , , , , , , , , , , , , , , , , , , , , , ,5, , , , , , , , , , , ,2, ,2, ,2, ,2, ,2, ,2, ,2,1,2,1,1,2,2,2,2,2,2,2,2,1,2513,"29,180041000738",4,0.0,230,7, ,1, , , ,17,1,0,0,170150090803,1701500908030720708,17015009080307207108,1701500908030720710308,202508,8
1,170150,170150,64,3,1,4,2,23,5,10,10,6,2, ,2,8,3, ,1,20410402,6,1, ,1,2,12,2, , , , , , , , , ,8,12, , , ,2, , , , , , , , , , , , , , , , , , , , , , , , , , , , , , , , , , , , , ,5, , , , , , , , , , , ,2, ,2, ,2, ,2, ,2, ,2, ,2,1,1,1,1,2,2,2,2,2,2,2,8,1,2511,"11,9557840697605",5,0.0,"230,75",7, ,1, , , ,17,1,0,0,170150136101,1701501361010640306,17015013610106403106,1701501361010640310406,202506,6
2,170454,170454,59,5,1,2,2,27,3,1,10,6,2, ,2,9,5, ,1,30720703,1,2,170150,2,1, , , ,48, ,1,4, , , , , , , , , , , , ,119,6113,2, ,2,1,2,2,1,1,1,2,2,2,1,1,1,11,2, , , ,1,48, , , , , , , , , , , ,1, , , , ,414,56,1,55, , , ,2, ,2, ,2, ,2, ,2, ,2, , , , , , , , , , , , , , ,1,1721,"15,3769976339186",5,525.0,"262,5",1,1, ,1,6,1,17,6,0,0,170454900701,1704549007010590503,17045490070105905103,1704549007010590510203,202503,3
1,170352,170352,68,5,1,5,2,28,3,10,10,6,2, ,3,7,3, , , ,6,1, ,3,2,12,2, , , , , , , , , ,2,52, , , ,2, , , , , , , , , , , , , , , , , , , , , , , , , , , , , , , , , , , , , ,5, , , , , , , , , , , ,2, ,2, ,1,120,2, ,2, ,2, ,2,2,2,1,1,2,2,2,2,2,2,2,8,1,1711,"142,101417050788",4,0.0,"64,1666666666667",7, ,1, , , ,17,6,1,0,170352020403,1703520204030680510,17035202040306805110,1703520204030680510510,202510,10
1,170550,170550,68,7,1,4,2,21,7,10,10,6,1,1, ,9,1, ,2, ,6,2,170150,2,2,12,2, , , , , , , , , ,11, ,9, ,3, , , , , , , , , , , , , , , , , , , , , , , , , , , , , , , , , , , , , , ,5, , , , , , , , , , , ,2, ,2, ,2, ,2, ,2, ,2, , , , , , , , , , , , , , ,1,1712,"80,3385326910846",5,0.0,"452,8",9, , , , , ,17,6,0,0,170550032601,1705500326010680707,17055003260106807107,1705500326010680710407,202507,7
1,170150,170150,51,1,1,4,2,19,3,1,10,6,1,1, ,7,3, , , ,6,1, ,2,2,12,2, , , , , , , , , ,11, ,9, ,3, , , , , , , , , , , , , , , , , , , , , , , , , , , , , , , , , , , , , , ,1, , , , , , , , , , , ,2, ,2, ,2, ,2, ,2, ,2, , , , , , , , , , , , , , ,1,2511,"28,1679735362335",4,0.0,625,9, , , , , ,17,1,0,0,170150285003,1701502850030510103,17015028500305101103,1701502850030510110403,202503,3
1,170353,170353,54,6,1,4,1,23,3,10,10,5,2, ,5,7,2, , , ,6,1, ,1,1, , , ,40, ,1,1,1,10,7, , , , , , , , , ,5224,9333,6,2, , , , , , , , , , , , ,3,4,1,1,3,2,1,40, , , , , , , , , , , ,5,180,2, ,0, , , , , , , ,2, ,2, ,2, ,2, ,2, ,2, , , , , , , , , , , , , , ,1,1711,"42,1790116429695",4,180.0,"176,666666666667",3,1, ,2,9,8,17,6,0,0,170353013201,1703530132010540607,17035301320105406107,1703530132010540610407,202507,7
1,170451,170451,57,7,1,10,2,20,7,10,10,6,1,1, ,9,2, ,2, ,6,2,180150,1,2,12,2, , , , , , , , , ,11, ,9, ,3, , , , , , , , , , , , , , , , , , , , , , , , , , , , , , , , , , , , , , ,5, , , , , , , , , , , ,2, ,2, ,2, ,2, ,2, ,2, , , , , , , , , , , , , , ,1,1711,"38,3331122055165",5,0.0,"281,3",9, , , , , ,17,6,0,0,170451028803,1704510288030570705,17045102880305707105,1704510288030570711005,202505,5
2,170850,170850,68,6,1,1,2,29,1,1,10,5,2, ,5,7,3, , , ,6,2,130450,1,1, , , ,40, ,1,4, , , , , , , , , , , , ,8121,9112,2, ,2,2,2,2,1,1,1,2,2,1,1,1,0,1,2, , , ,1,40, , , , , , , , , , , ,1, , , , ,430,40,1,12, , , ,2, ,2, ,2, ,2, ,2, ,2, , , , , , , , , , , , , , ,1,1721,"180,046062770345",4,482.0,"202,4",1,1, ,1,9,14,17,6,0,0,170850901401,1708509014010680610,17085090140106806110,1708509014010680610110,202510,10
1,170150,170150,65,9,1,3,1,18,3,5,10,6,1,1, ,7,3, , , ,6,1, ,2,2,12,2, , , , , , , , , ,11, ,9, ,3, , , , , , , , , , , , , , , , , , , , , , , , , , , , , , , , , , , , , , ,5, , , , , , , , , , , ,2, ,2, ,2, ,2, ,2, ,2, , , , , , , , , , , , , , ,1,2511,"59,2587806093985",4,0.0,560,9, , , , , ,17,1,0,0,170150065705,1701500657050650907,17015006570506509107,1701500657050650910307,202507,7
1,170150,170150,74,5,1,4,2,26,3,1,10,6,2, ,2,9,4, ,1,30410401,6,2,50150,2,1, , , ,40, ,1,4, , , , , , , , , , , , ,4741,2431,2, ,2,2,2,2,1,2,1,2,2,2,1,1,2,1,1,10,1,1,1,40, , , , , , , , , , , ,1, , , , ,425,45,2, , , , ,2, ,2, ,2, ,2, ,2, ,2, , , , , , , , , , , , , , ,1,2513,"15,3834651678224",5,470.0,495,1,1, ,1,2,7,17,1,0,0,170150011402,1701500114020740510,17015001140207405110,1701500114020740510410,202510,10
1,170150,170150,71,1,1,3,2,23,3,5,10,6,1,5, ,9,4, ,2, ,6,1, ,2,2,12,2, , , , , , , , , ,11, ,9, ,3, , , , , , , , , , , , , , , , , , , , , , , , , , , , , , , , , , , , , , ,5, , , , , , , , , , , ,2, ,2, ,2, ,2, ,2, ,2, , , , , , , , , , , , , , ,1,2511,"24,3939253565151",5,0.0,"1396,66666666667",9, , , , , ,17,1,0,0,170150141303,1701501413030710107,17015014130307101107,1701501413030710110307,202507,7
1,170150,170150,62,8,1,4,2,18,3,10,10,6,2, ,13,7,3, , , ,6,1, ,2,2,12,2, , , , , , , , , ,11, ,9, ,6, , , , , , , , , , , , , , , , , , , , , , , , , , , , , , , , , , , , , , ,5, , , , , , , , , , , ,2, ,2, ,2, ,2, ,2, ,2, , , , , , , , , , , , , , ,2,2512,"80,6920293883359",4,0.0,180,9, , , , , ,17,1,0,0,170150268203,1701502682030620801,17015026820306208101,1701502682030620810401,202501,1
1,170150,170150,53,4,1,2,1,29,3,10,10,6,2, ,5,9,4, ,2, ,6,1, ,1,1, , , ,8,1, ,1,1,20,1,4, , , , , , , , ,8521,2330,6,2, , , , , , , , , , , , ,0,8,1,1,2,1,1,8, , , , , , , , , , , ,5,125,2, ,0, , , , , , , ,2, ,2, ,2, ,2, ,2, ,2, , , , , , , , , , , , , , ,1,2512,"22,6059255581038",5,125.0,"231,666666666667",2,1, ,1,2,16,17,1,0,0,170150109203,1701501092030530404,17015010920305304104,1701501092030530410204,202504,4
1,170150,170150,64,5,1,3,1,22,3,10,10,6,1,1, ,9,3, ,2, ,6,1, ,1,2,12,2, , , , , , , , , ,11, ,9, ,3, , , , , , , , , , , , , , , , , , , , , , , , , , , , , , , , , , , , , , ,5, , , , , , , , , , , ,2, ,2, ,2, ,2, ,2, ,2, , , , , , , , , , , , , , ,1,2512,"38,7659165613085",5,0.0,"238,333333333333",9, , , , , ,17,1,0,0,170150182701,1701501827010640506,17015018270106405106,1701501827010640510306,202506,6
1,170150,170150,53,4,1,3,1,26,3,10,10,6,2, ,3,9,4, ,2, ,6,1, ,1,2,12,2, , , , , , , , , ,2,50, , , ,2, , , , , , , , , , , , , , , , , , , , , , , , , , , , , , , , , , , , , ,5, , , , , , , , , , , ,2, ,2, ,2, ,2, ,2, ,2, ,2,2,1,1,1,2,2,2,2,2,2,2,8,1,2512,"22,6059255581038",5,0.0,"231,666666666667",7, ,1, , , ,17,1,0,0,170150109203,1701501092030530404,17015010920305304104,1701501092030530410304,202504,4
1,170150,170150,63,5,1,3,2,23,3,10,10,6,1,1, ,9,3, ,2, ,6,2,60750,1,2,12,2, , , , , , , , , ,11, ,9, ,3, , , , , , , , , , , , , , , , , , , , , , , , , , , , , , , , , , , , , , ,5, , , , , , , , , , , ,2, ,2, ,2, ,2, ,2, ,2, , , , , , , , , , , , , , ,1,2512,"32,271600628261",5,0.0,"373,333333333333",9, , , , , ,17,1,0,0,170150316504,1701503165040630505,17015031650406305105,1701503165040630510305,202505,5
1,170750,170750,57,6,1,3,2,21,3,10,10,6,2, ,3,7,3, , , ,6,1, ,2,1, , , ,16,1, ,1,1,32,4,4, , , , , , , , ,4771,5223,2, ,3,1,2,2,2,2,2,2,2,2,2,2,3,1,1,2,2,1,1,16, , , , , , , , , , , ,5, , , , ,60,0,1,15, , , ,2, ,2, ,2, ,2, ,2, ,2, , , , , , , , , , , , , , ,1,1711,"36,8992023988659",4,75.0,81,2,1, ,1,5,7,17,6,1,0,170750000706,1707500007060570605,17075000070605706105,1707500007060570610305,202505,5
1,170155,170155,64,1,1,3,2,19,3,10,10,6,2, ,3,7,3, , , ,6,2,230150,2,2,12,2, , , , , , , , , ,11, ,8, ,6, , , , , , , , , , , , , , , , , , , , , , , , , , , , , , , , , , , , , , ,5, , , , , , , , , , , ,2, ,2, ,2, ,2, ,2, ,2, , , , , , , , , , , , , , ,1,1711,"30,3442039501197",4,0.0,"90,25",9, , , , , ,17,6,1,0,170155041102,1701550411020640103,17015504110206401103,1701550411020640110303,202503,3
1,170150,170150,69,4,1,2,1,18,3,10,10,6,2, ,11,7,3, , , ,1,2,20150,1,2,12,2, , , , , , , , , ,11, ,8, ,4, , , , , , , , , , , , , , , , , , , , , , , , , , , , , , , , , , , , , , ,5, , , , , , , , , , , ,2, ,2, ,2, ,2, ,2, ,2, , , , , , , , , , , , , , ,1,2513,"141,720759827069",4,0.0,"21,4",9, , , , , ,17,1,1,1,170150389904,1701503899040690408,17015038990406904108,1701503899040690410208,202508,8
1,170150,170150,66,7,1,5,1,22,7,10,10,6,1,1, ,9,2, ,2, ,1,1, ,1,2,12,2, , , , , , , , , ,11, ,9, ,3, , , , , , , , , , , , , , , , , , , , , , , , , , , , , , , , , , , , , , ,5, , , , , , , , , , , ,2, ,2, ,2, ,2, ,2, ,2, , , , , , , , , , , , , , ,1,2513,"79,9038014697726",5,0.0,222,9, , , , , ,17,1,0,0,170150027802,1701500278020660705,17015002780206607105,1701500278020660710505,202505,5
1,170150,170150,56,9,1,4,2,29,3,1,10,6,2, ,2,9,5, ,1,30730301,6,1, ,5,1, , , ,40, ,1,4, , , , , , , , , , , , ,4100,2161,2, ,2,2,2,2,1,2,1,2,2,2,1,1,4,1,2, , , ,1,40, , , , , , , , , , , ,1, , , , ,600,50,2, , , , ,2, ,2, ,2, ,2, ,2, ,2, , , , , , , , , , , , , , ,1,2512,"17,2676425928291",5,650.0,606,1,1, ,1,2,6,17,1,0,0,170150102003,1701501020030560902,17015010200305609102,1701501020030560910402,202502,2
1,170150,170150,63,5,1,4,1,21,5,10,10,6,2, ,3,7,3, , , ,6,1, ,3,2,12,2, , , , , , , , , ,8,52, , , ,2, , , , , , , , , , , , , , , , , , , , , , , , , , , , , , , , , , , , , ,5, , , , , , , , , , , ,2, ,2, ,2, ,2, ,2, ,2, ,2,2,1,1,2,2,2,2,2,2,2,2,8,1,2513,"68,4931964427148",4,0.0,260,7, ,1, , , ,17,1,0,0,170150062402,1701500624020630502,17015006240206305102,1701500624020630510402,202502,2
1,170180,170180,70,5,1,2,2,23,2,1,10,1,1,6, ,8,1, ,2, ,3,1, ,1,1, , , ,32,8, ,1,1,8,7, , , , , , , , , ,4759,4321,2, ,2,2,2,2,1,2,1,2,2,2,1,1,2,1,2, , , ,1,40, , , , , , , , , , , ,1, , , , ,425,45,2, , , , ,2, ,2, ,2, ,2, ,2, ,2, , , , , , , , , , , , , , ,1,1713,"104,021621498036",5,470.0,520,2,1, ,1,4,7,17,6,0,0,170180115702,1701801157020700512,17018011570207005112,1701801157020700510212,202512,12
2,170150,170150,64,1,1,3,1,26,3,1,10,6,2, ,17,9,5, ,2, ,6,1, ,2,1, , , ,40, ,1,4, , , , , , , , , , , , ,4510,4311,2, ,3,2,2,2,1,1,1,2,2,1,1,1,2,1,1,20,1,1,1,40, , , , , , , , , , , ,1, , , , ,425,45,1,50, , , ,2, ,2, ,2, ,2, ,2, ,2, , , , , , , , , , , , , , ,1,1723,"29,920312803303",5,520.0,"243,333333333333",1,1, ,1,4,7,17,6,0,0,170150901601,1701509016010640106,17015090160106401106,1701509016010640110306,202506,6
1,170150,170150,75,4,1,3,2,19,9,10,10,3,2, ,3,7,2, , , ,7,3,862,1,1, , , ,20,1, ,4, , , , , , , , , , , , ,4789,5211,7, , , , , , , , , , , , , ,0,4,1,3,3,2,1,20, , , , , , , , , , , ,5, , , , , , , , , , , ,2, ,2, ,2, ,2, ,2, ,2, , , , , , , , , , , , , , ,2,2512,"88,4218952573341",4,0.0, ,5,1, ,2,5,7,17,1, , ,170150052002,1701500520020750411,17015005200207504111,1701500520020750410311,202511,11
1,170150,170150,62,2,1,1,1,27,1,1,10,5,2, ,3,7,3, , , ,6,1, ,2,1, , , ,40, ,1,4, , , , , , , , , , , , ,4923,8332,2, ,2,1,2,2,1,1,1,2,2,1,1,1,4,3,1,2,3,2,1,40, , , , , , , , , , , ,1, , , , ,870,50,1,64, , , ,2, ,2, ,1,100,2, ,2, ,2, , , , , , , , , , , , , , ,3,2513,"70,6464076317423",4,984.0,"514,666666666667",1,1, ,2,8,8,17,1,0,0,170150334001,1701503340010620201,17015033400106202101,1701503340010620210101,202501,1
1,170150,170150,70,4,1,2,2,18,3,10,10,6,1,1, ,7,2, , , ,6,1, ,1,2,12,2, , , , , , , , , ,11, ,9, ,3, , , , , , , , , , , , , , , , , , , , , , , , , , , , , , , , , , , , , , ,5, , , , , , , , , , , ,2, ,2, ,2, ,2, ,2, ,2, , , , , , , , , , , , , , ,1,2511,"22,5753205418696",4,0.0,"336,666666666667",9, , , , , ,17,1,0,0,170150319302,1701503193020700409,17015031930207004109,1701503193020700410209,202509,9
1,170150,170150,66,6,1,3,1,29,3,1,5,6,2, ,2,9,5, ,1,30711001,6,1, ,1,1, , , ,40, ,1,4, , , , , , , , , , , , ,6110,2153,2, ,2,2,2,2,1,2,1,1,2,1,1,1,8,1,2, , , ,1,40, , , , , , , , , , , ,1, , , , ,2000,190,1,150, , , ,2, ,2, ,2, ,2, ,2, ,2, , , , , , , , , , , , , , ,1,2511,"21,0129636520305",5,2340.0,"1631,25",1,1, ,1,2,10,17,1,0,0,170150050303,1701500503030660605,17015005030306606105,1701500503030660610305,202505,5
1,170155,170155,60,7,1,2,2,28,2,10,10,5,2, ,8,7,3, , , ,6,2,80450,1,2,12,2, , , , , , , , , ,11, ,11, ,5, , , , , , , , , , , , , , , , , , , , , , , , , , , , , , , , , , , , , , ,5, , , , , , , , , , , ,2, ,2, ,2, ,2, ,2, ,1,240, , , , , , , , , , , , , ,1,1711,"49,6856077129802",4,0.0,"259,833333333333",9, , , , , ,17,6,0,0,170155040401,1701550404010600709,17015504040106007109,1701550404010600710209,202509,9
1,170150,170150,62,3,1,3,1,21,3,1,10,6,2, ,2,9,4, ,1,31010201,6,1, ,2,1, , , ,40, ,1,4, , , , , , , , , , , , ,5610,3434,2, ,3,1,2,2,1,1,1,2,2,2,1,1,2,1,1,8,1,1,1,40, , , , , , , , , , , ,1, , , , ,1140,60,1,110, , , ,2, ,2, ,2, ,2, ,2, ,2, , , , , , , , , , , , , , ,1,2513,"32,110628219847",5,1310.0,"777,5",1,1, ,1,3,9,17,1,0,0,170150375402,1701503754020620301,17015037540206203101,1701503754020620310301,202501,1
1,170159,170159,65,1,1,4,2,19,3,10,10,6,1,1, ,9,1, ,2, ,6,1, ,1,2,12,2, , , , , , , , , ,11, ,9, ,3, , , , , , , , , , , , , , , , , , , , , , , , , , , , , , , , , , , , , , ,5, , , , , , , , , , , ,2, ,2, ,2, ,2, ,2, ,2, , , , , , , , , , , , , , ,1,1711,"102,919653040989",5,0.0,"256,333333333333",9, , , , , ,17,6,0,0,170159005102,1701590051020650104,17015900510206501104,1701590051020650110404,202504,4
2,170176,170176,52,4,1,4,1,29,3,10,10,6,2, ,3,7,3, , , ,6,1, ,2,1, , , ,40, ,1,4, , , , , , , , , , , , ,4100,9313,4, ,6,2,2,2,2,2,2,2,2,2,2,2,10,2,1,7,3,2,1,40, , , , , , , , , , , ,5, , , , ,300,0,2, , , , ,2, ,2, ,2, ,2, ,2, ,2, , , , , , , , , , , , , , ,1,1721,"42,232237284002",4,300.0,200,4,1, ,2,9,6,17,6,0,0,170176902802,1701769028020520410,17017690280205204110,1701769028020520410410,202510,10
2,170184,170184,68,7,1,1,2,24,1,6,10,6,1,1, ,9,1, ,2, ,6,3,862,1,1, , , ,50, ,1,4, , , , , , , , , , , , ,8550,2359,6,2, , , , , , , , , , , , ,3,9,1,1,3,2,1,50, , , , , , , , , , , ,5,600,2, ,60, , , , , , , ,2, ,2, ,2, ,2, ,2, ,2, , , , , , , , , , , , , , ,1,1723,"88,7024247934619",5,540.0,181,1,1, ,2,2,16,17,6,0,0,170184901501,1701849015010680707,17018490150106807107,1701849015010680710107,202507,7
1,170156,170156,59,9,1,3,1,18,3,10,10,6,2, ,6,7,3, , , ,6,1, ,2,2,12,2, , , , , , , , , ,11, ,8, ,6, , , , , , , , , , , , , , , , , , , , , , , , , , , , , , , , , , , , , , ,5, , , , , , , , , , , ,2, ,2, ,2, ,2, ,2, ,2, , , , , , , , , , , , , , ,1,1712,"103,384471863218",4,0.0,700,9, , , , , ,17,6,0,0,170156052702,1701560527020590906,17015605270205909106,1701560527020590910306,202506,6
1,170150,170150,57,3,1,3,1,23,3,10,10,6,1,1, ,9,2, ,2, ,6,1, ,3,2,12,2, , , , , , , , , ,11, ,9, ,3, , , , , , , , , , , , , , , , , , , , , , , , , , , , , , , , , , , , , , ,5, , , , , , , , , , , ,2, ,2, ,2, ,2, ,2, ,2, , , , , , , , , , , , , , ,1,2512,"93,7351207103897",5,0.0,94,9, , , , , ,17,1,0,0,170150012201,1701500122010570305,17015001220105703105,1701500122010570310305,202505,5
1,170150,170150,73,4,1,3,2,24,3,1,10,6,2, ,5,8,3, ,1,20410402,6,1, ,2,1, , , ,40, ,1,4, , , , , , , , , , , , ,4741,3339,2, ,2,2,2,2,1,2,1,2,2,2,1,1,2,1,2, , , ,1,40, , , , , , , , , , , ,1, , , , ,470,40,2, , , , ,2, ,2, ,2, ,2, ,2, ,2, , , , , , , , , , , , , , ,1,2512,"13,8097726643003",5,510.0,475,1,1, ,1,3,7,17,1,0,0,170150265703,1701502657030730412,17015026570307304112,1701502657030730410312,202512,12
2,170751,170751,66,3,1,4,1,24,7,10,10,6,2, ,5,7,3, , , ,6,2,121250,2,2,12,1,1,40, ,1,4, , , , , , , , , , , , ,127,6114,4, ,3,2,2,2,2,2,2,2,2,2,2,2,1,11,1,3,3,2,1,40, , , , , , , , , , , ,5, , , , ,0,0,2, , , , ,2, ,2, ,2, ,2, ,2, ,2, , , , , , , , , , , , , , ,1,1723,"114,556532232147",4,0.0,"295,5",4,1, ,2,6,1,17,6,0,0,170751000105,1707510001050660308,17075100010506603108,1707510001050660310408,202508,8
2,170250,170250,51,2,1,7,1,21,9,10,10,6,2, ,5,7,3, , , ,6,1, ,2,1, , , ,20,1, ,3,1,30,7, , , , , , , , , ,119,6113,4, ,6,2,2,2,2,2,2,2,2,2,2,2,1,11,1,2,3,1,1,20, , , , , , , , , , , ,5, , , , ,200,0,2, , , , ,2, ,2, ,2, ,2, ,2, ,2, , , , , , , , , , , , , , ,1,1722,"36,2316296250588",4,200.0,"190,75",2,1, ,1,6,1,17,6,0,0,170250903301,1702509033010510203,17025090330105102103,1702509033010510210703,202503,3
1,170150,170150,67,6,1,3,2,29,3,1,10,6,2, ,2,9,4, ,1,30320101,6,1, ,1,1, , , ,40, ,1,4, , , , , , , , , , , , ,1392,2432,2, ,2,2,2,2,1,2,1,2,2,2,1,1,3,1,1,20,1,1,1,40, , , , , , , , , , , ,1, , , , ,1010,60,2, , , , ,2, ,2, ,2, ,2, ,2, ,2, , , , , , , , , , , , , , ,1,2511,"16,2956882454248",5,1070.0,"913,333333333333",1,1, ,1,2,3,17,1,0,0,170150183102,1701501831020670609,17015018310206706109,1701501831020670610309,202509,9
2,170454,170454,65,6,1,4,2,21,4,10,10,5,2, ,15,7,3, , , ,1,1, ,4,2,12,2, , , , , , , , , ,11, ,9, ,4, , , , , , , , , , , , , , , , , , , , , , , , , , , , , , , , , , , , , , ,5, , , , , , , , , , , ,2, ,2, ,2, ,2, ,2, ,2, , , , , , , , , , , , , , ,1,1721,"37,9116872656716",4,0.0,"380,8",9, , , , , ,17,6,0,0,170454901102,1704549011020650604,17045490110206506104,1704549011020650610404,202504,4
1,170150,170150,57,4,1,3,2,23,3,10,10,6,2, ,2,9,4, ,1,30110201,6,1, ,3,2,12,2, , , , , , , , , ,1,8, , , ,2, , , , , , , , , , , , , , , , , , , , , , , , , , , , , , , , , , , , , ,5, , , , , , , , , , , ,2, ,2, ,2, ,2, ,2, ,2, ,2,2,2,1,1,2,2,2,2,2,2,2,8,1,2512,"50,7321237473597",5,0.0,310,7, ,1, , , ,17,1,0,0,170150386202,1701503862020570408,17015038620205704108,1701503862020570410308,202508,8
1,170150,170150,62,1,1,2,1,25,3,10,10,6,1,5, ,9,1, ,2, ,6,1, ,3,1, , , ,8,1, ,4, , , , , , , , , , , , ,6820,5153,2, ,2,2,2,2,2,2,2,2,2,2,2,2,1,1,1,3,3,2,1,8, , , , , , , , , , , ,5, , , , ,100,0,2, , , , ,2, ,2, ,2, ,2, ,2, ,2, , , , , , , , , , , , , , ,1,2511,"51,0355057112987",5,100.0,250,4,1, ,2,5,12,17,1,0,0,170150162103,1701501621030620101,17015016210306201101,1701501621030620110201,202501,1
2,170156,170156,52,7,1,3,2,26,3,10,10,6,2, ,3,7,3, , , ,1,1, ,1,1, , , ,20,1, ,3,1,20,4,4, , , , , , , , ,9700,9111,10, ,3,1,2,2,2,2,2,2,2,2,2,2,1,8,1,1, , ,1,20, , , , , , , , , , , ,5, , , , ,230,0,1,50, , , ,2, ,2, ,2, ,2, ,2, ,2, , , , , , , , , , , , , , ,1,1723,"55,2617625536295",4,280.0,193,2,1, ,3,9,20,17,6,0,0,170156900902,1701569009020520701,17015690090205207101,1701569009020520710301,202501,1
1,170150,170150,64,4,1,1,2,26,1,1,10,6,2, ,5,7,3, , , ,6,2,120550,1,1, , , ,40, ,1,4, , , , , , , , , , , , ,8291,4214,2, ,3,2,2,2,1,2,1,2,2,2,1,1,2,1,1,24,1,1,1,40, , , , , , , , , , , ,1, , , , ,435,35,2, , , , ,2, ,2, ,2, ,2, ,2, ,2, , , , , , , , , , , , , , ,1,2512,"47,3500020201271",4,470.0,235,1,1, ,1,4,14,17,1,0,0,170150313203,1701503132030640406,17015031320306404106,1701503132030640410106,202506,6
2,170550,170550,71,7,1,3,1,19,3,10,10,6,2, ,11,7,3, , , ,6,1, ,2,2,12,2, , , , , , , , , ,8,52, , , ,2, , , , , , , , , , , , , , , , , , , , , , , , , , , , , , , , , , , , , ,5, , , , , , , , , , , ,2, ,2, ,2, ,2, ,2, ,2, ,2,2,1,1,1,2,2,2,2,2,2,2,8,1,1722,"54,7600787794529",4,0.0,"109,25",7, ,1, , , ,17,6,0,0,170550902002,1705509020020710707,17055090200207107107,1705509020020710710307,202507,7
2,170153,170153,73,4,1,3,2,26,3,10,10,6,2, ,3,7,3, , , ,6,1, ,3,1, , , ,10,9, , , , , , , , , , , , , , ,146,9212,7, , , , , , , , , , , , , ,8,9,1,2,3,2,1,10, , , , , , , , , , , ,5, , , , , , , , , , , ,2, ,2, ,2, ,2, ,2, ,2, , , , , , , , , , , , , , ,1,1722,"25,405440389544",4,0.0,76,5,1, ,2,9,1,17,6,1,0,170153001504,1701530015040730409,17015300150407304109,1701530015040730410309,202509,9
1,170150,170150,56,7,1,6,1,24,4,1,10,5,2, ,2,9,5, ,1,31010402,6,1, ,2,1, , , ,30,8, ,4, , , , , , , , , , , , ,8411,3332,1, ,3,2,2,1,1,1,1,2,2,2,1,1,1,1,2, , , ,1,40, , , , , , , , , , , ,1, , , , ,700,70,1,35, , , ,2, ,2, ,2, ,2, ,2, ,2, , , , , , , , , , , , , , ,1,2511,"37,3628922645842",5,805.0,"230,555555555556",1,1, ,1,3,15,17,1,0,0,170150229802,1701502298020560705,17015022980205607105,1701502298020560710605,202505,5
1,170150,170150,56,8,1,2,1,24,3,10,10,5,2, ,3,7,3, , , ,6,1, ,1,1, , , ,20,3, ,3,1,20,3,4, , , , , , , , ,7310,3339,6,2, , , , , , , , , , , , ,2,9,1,1,3,2,1,25, , , , , , , , , , , ,5,280,2, ,20, , , , , , , ,2, ,2, ,2, ,2, ,2, ,2, , , , , , , , , , , , , , ,1,2512,"22,40773964653",4,260.0,114,2,1, ,2,3,13,17,1,0,0,170150230604,1701502306040560805,17015023060405608105,1701502306040560810205,202505,5
1,170155,170155,64,6,1,2,2,26,3,10,10,6,2, ,2,8,2, ,1,10910301,6,1, ,3,1, , , ,30,2, ,1,1,10,1,1, , , , , , , , ,9700,3221,10, ,3,2,2,2,2,2,2,2,2,2,2,2,0,8,1,2, , ,1,30, , , , , , , , , , , ,5, , , , ,230,0,2, , , , ,2, ,2, ,2, ,2, ,2, ,2, , , , , , , , , , , , , , ,1,1713,"32,3712031687462",5,230.0,"223,75",2,1, ,3,3,20,17,6,0,0,170155020703,1701550207030640603,17015502070306406103,1701550207030640610203,202503,3
1,170150,170150,60,7,1,4,1,21,3,5,10,6,1,1, ,8,2, ,2, ,6,1, ,2,2,12,2, , , , , , , , , ,11, ,9, ,3, , , , , , , , , , , , , , , , , , , , , , , , , , , , , , , , , , , , , , ,5, , , , , , , , , , , ,2, ,2, ,2, ,2, ,2, ,2, , , , , , , , , , , , , , ,1,2513,"26,2047468547646",5,0.0,399,9, , , , , ,17,1,0,0,170150246201,1701502462010600709,17015024620106007109,1701502462010600710409,202509,9
1,170150,170150,51,1,1,3,2,21,3,1,10,6,2, ,17,7,3, , , ,6,1, ,1,1, , , ,40, ,1,4, , , , , , , , , , , , ,1071,5223,2, ,2,2,2,1,1,1,1,2,2,2,1,1,1,1,2, , , ,1,40, , , , , , , , , , , ,1, , , , ,426,44,1,56, , , ,2, ,2, ,2, ,2, ,2, ,2, , , , , , , , , , , , , , ,1,2511,"74,6379911557571",4,526.0,"602,4",1,1, ,1,5,3,17,1,0,0,170150147502,1701501475020510103,17015014750205101103,1701501475020510110303,202503,3
1,170150,170150,58,6,1,4,2,21,3,4,10,6,2, ,7,9,1, ,2, ,6,1, ,2,2,12,2, , , , , , , , , ,11, ,11, ,5, , , , , , , , , , , , , , , , , , , , , , , , , , , , , , , , , , , , , , ,5, , , , , , , , , , , ,2, ,2, ,2, ,2, ,2, ,2, , , , , , , , , , , , , , ,1,2511,"7,98802094714914",5,0.0,1325,9, , , , , ,17,1,0,0,170150137305,1701501373050580603,17015013730505806103,1701501373050580610403,202503,3
1,170150,170150,69,9,1,6,1,18,7,10,10,6,2, ,6,7,3, , , ,6,3,862,1,2,12,2, , , , , , , , , ,11, ,9, ,3, , , , , , , , , , , , , , , , , , , , , , , , , , , , , , , , , , , , , , ,5, , , , , , , , , , , ,2, ,2, ,2, ,2, ,2, ,2, , , , , , , , , , , , , , ,1,2511,"56,1010308612608",4,0.0,"160,333333333333",9, , , , , ,17,1,0,0,170150199201,1701501992010690908,17015019920106909108,1701501992010690910608,202508,8
1,170150,170150,53,4,1,4,1,22,3,10,10,6,1,5, ,9,1, ,2, ,6,2,180150,2,2,12,2, , , , , , , , , ,11, ,9, ,3, , , , , , , , , , , , , , , , , , , , , , , , , , , , , , , , , , , , , , ,5, , , , , , , , , , , ,2, ,2, ,2, ,2, ,2, ,2, , , , , , , , , , , , , , ,1,2511,"10,204896154391",5,0.0,120,9, , , , , ,17,1,0,0,170150142305,1701501423050530404,17015014230505304104,1701501423050530410404,202504,4
1,170150,170150,64,3,1,3,2,18,3,10,10,6,2, ,15,7,3, , , ,6,1, ,2,2,12,2, , , , , , , , , ,11, ,10, ,4, , , , , , , , , , , , , , , , , , , , , , , , , , , , , , , , , , , , , , ,5, , , , , , , , , , , ,2, ,2, ,1,50,2, ,1,55,2, , , , , , , , , , , , , , ,1,2512,"47,3500020201271",4,0.0,"343,75",9, , , , , ,17,1,0,0,170150313203,1701503132030640306,17015031320306403106,1701503132030640310306,202506,6
1,170150,170150,54,5,1,3,1,29,3,1,10,6,2, ,2,9,5, ,1,30710801,6,1, ,1,1, , , ,40, ,1,4, , , , , , , , , , , , ,5914,5230,2, ,2,1,2,2,1,1,1,2,2,2,1,1,0,1,2, , , ,1,40, , , , , , , , , , , ,1, , , , ,423,47,1,75, , , ,2, ,2, ,2, ,2, ,2, ,2, , , , , , , , , , , , , , ,1,2513,"31,1069589352884",5,545.0,315,1,1, ,1,5,10,17,1,0,0,170150168602,1701501686020540507,17015016860205405107,1701501686020540510307,202507,7
1,170155,170155,55,9,1,2,2,19,3,10,10,6,1,1, ,7,3, , , ,6,1, ,1,2,12,2, , , , , , , , , ,11, ,9, ,3, , , , , , , , , , , , , , , , , , , , , , , , , , , , , , , , , , , , , , ,5, , , , , , , , , , , ,2, ,2, ,1,300,2, ,2, ,2, , , , , , , , , , , , , , ,1,1712,"29,0553771574993",4,0.0,200,9, , , , , ,17,6,0,0,170155023512,1701550235120550911,17015502351205509111,1701550235120550910211,202511,11
1,170150,170150,62,1,1,3,1,21,3,10,10,6,2, ,3,7,3, , , ,1,1, ,3,2,12,2, , , , , , , , , ,9,2, , , ,1,5,12,4100,7112,4, , , , , , , , , , , , , , , , , , , , , , , , , , , , , , , , ,5, , , , , , , , , , , ,2, ,2, ,2, ,2, ,2, ,2, ,2,2,1,1,1,2,2,2,2,2,2,2,2,1,2513,"21,8770959790535",4,0.0,269,7, ,1, , , ,17,1,0,0,170150085601,1701500856010620104,17015008560106201104,1701500856010620110304,202504,4
1,170150,170150,40,1,1,2,2,20,3,10,10,6,1,6, ,9,1, ,2, ,6,1, ,1,2,12,1,1,40, ,1,4, , , , , , , , , , , , ,4772,5223,2, ,2,1,2,1,2,2,2,2,2,2,2,2,1,1,1,3,3,1,1,40, , , , , , , , , , , ,5, , , , ,350,0,1,75, , , ,2, ,2, ,2, ,2, ,2, ,2, , , , , , , , , , , , , , ,1,2512,"94,1701445199027",5,425.0,407,4,1, ,1,5,7,17,1,0,0,170150019701,1701500197010400101,17015001970104001101,1701500197010400110201,202501,1
1,170180,170180,62,2,1,3,2,24,3,1,10,6,2, ,3,7,3, , , ,6,2,111350,2,1, , , ,40, ,1,4, , , , , , , , , , , , ,4649,4321,2, ,2,2,2,2,1,1,1,2,2,2,1,1,1,1,2, , , ,1,40, , , , , , , , , , , ,1, , , , ,470,70,1,5, , , ,2, ,2, ,2, ,2, ,2, ,2, , , , , , , , , , , , , , ,1,1713,"57,9879687389431",4,545.0,"330,4",1,1, ,1,4,7,17,6,0,0,170180119601,1701801196010620204,17018011960106202104,1701801196010620210304,202504,4
1,170155,170155,47,5,1,2,1,22,9,10,10,6,2, ,3,7,3, , , ,4,2,100150,1,2,12,2, , , , , , , , , ,8,12, , , ,1,5,48,5914,9112,2, , , , , , , , , , , , , , , , , , , , , , , , , , , , , , , , ,5, , , , , , , , , , , ,2, ,2, ,2, ,2, ,2, ,2, ,2,2,1,1,1,2,2,2,2,2,2,2,2,1,1713,"81,5953595668855",4,0.0,365,7, ,1, , , ,17,6,0,0,170155026703,1701550267030470502,17015502670304705102,1701550267030470510202,202502,2
1,170150,170150,47,5,1,2,2,29,2,10,10,5,2, ,15,7,3, , , ,6,2,20155,2,2,12,2, , , , , , , , , ,11, ,9, ,4, , , , , , , , , , , , , , , , , , , , , , , , , , , , , , , , , , , , , , ,5, , , , , , , , , , , ,2, ,2, ,2, ,2, ,2, ,2, , , , , , , , , , , , , , ,1,2511,"36,5162015688927",4,0.0,"233,333333333333",9, , , , , ,17,1,0,0,170150227403,1701502274030470502,17015022740304705102,1701502274030470510202,202502,2
1,170150,170150,72,4,1,2,2,23,3,10,10,6,1,5, ,9,2, ,2, ,6,1, ,3,2,12,2, , , , , , , , , ,11, ,9, ,3, , , , , , , , , , , , , , , , , , , , , , , , , , , , , , , , , , , , , , ,5, , , , , , , , , , , ,2, ,2, ,2, ,2, ,2, ,2, , , , , , , , , , , , , , ,1,2513,"49,6251482108872",5,0.0,"973,333333333333",9, , , , , ,17,1,0,0,170150025202,1701500252020720408,17015002520207204108,1701500252020720410208,202508,8
2,170454,170454,62,4,1,3,2,22,3,10,10,6,1,1, ,9,3, ,2, ,6,1, ,2,2,12,2, , , , , , , , , ,11, ,9, ,3, , , , , , , , , , , , , , , , , , , , , , , , , , , , , , , , , , , , , , ,5, , , , , , , , , , , ,2, ,2, ,2, ,2, ,2, ,2, , , , , , , , , , , , , , ,1,1722,"25,3738160063984",5,0.0,"746,666666666667",9, , , , , ,17,6,0,0,170454024801,1704540248010620401,17045402480106204101,1704540248010620410301,202501,1
1,170150,170150,54,7,1,2,2,21,2,10,10,5,2, ,3,7,3, , , ,6,1, ,2,2,12,2, , , , , , , , , ,11, ,9, ,4, , , , , , , , , , , , , , , , , , , , , , , , , , , , , , , , , , , , , , ,5, , , , , , , , , , , ,2, ,2, ,2, ,2, ,2, ,2, , , , , , , , , , , , , , ,1,2512,"102,968206272603",4,0.0,"156,666666666667",9, , , , , ,17,1,0,0,170150143601,1701501436010540704,17015014360105407104,1701501436010540710204,202504,4
2,170184,170184,69,5,1,3,2,26,3,10,10,6,2, ,3,7,3, , , ,6,1, ,2,2,12,2, , , , , , , , , ,8,52, , , ,1,2,52,1702,3343,2, , , , , , , , , , , , , , , , , , , , , , , , , , , , , , , , ,5, , , , , , , , , , , ,2, ,2, ,2, ,2, ,2, ,2, ,2,2,2,1,1,2,2,2,2,2,2,2,1,1,1723,"27,0253664533862",4,0.0,125,7, ,1, , , ,17,6,0,0,170184904201,1701849042010690511,17018490420106905111,1701849042010690510311,202511,11
2,170157,170157,55,7,1,5,1,19,7,10,10,6,2, ,13,7,3, , , ,6,2,170150,2,2,12,2, , , , , , , , , ,8,4, , , ,2, , , , , , , , , , , , , , , , , , , , , , , , , , , , , , , , , , , , , ,5, , , , , , , , , , , ,2, ,2, ,2, ,2, ,2, ,2, ,2,1,2,1,1,2,2,2,2,2,2,2,8,1,1723,"151,254256320111",4,0.0,"156,666666666667",7, ,1, , , ,17,6,0,0,170157900206,1701579002060550702,17015790020605507102,1701579002060550710502,202502,2
1,170150,170150,58,1,1,2,2,23,3,10,10,6,1,1, ,9,2, ,2, ,6,1, ,1,2,12,2, , , , , , , , , ,11, ,9, ,3, , , , , , , , , , , , , , , , , , , , , , , , , , , , , , , , , , , , , , ,5, , , , , , , , , , , ,2, ,2, ,2, ,2, ,2, ,2, , , , , , , , , , , , , , ,1,2512,"43,3969831116944",5,0.0,205,9, , , , , ,17,1,0,0,170150392003,1701503920030580103,17015039200305801103,1701503920030580110203,202503,3
1,170150,170150,47,2,1,5,1,27,3,1,10,6,2, ,5,8,3, ,1,20410304,6,1, ,3,1, , , ,40, ,1,4, , , , , , , , , , , , ,4791,3257,2, ,2,2,2,2,1,2,1,2,2,2,1,1,1,1,2, , , ,1,40, , , , , , , , , , , ,1, , , , ,500,50,2, , , , ,2, ,2, ,2, ,2, ,2, ,2, , , , , , , , , , , , , , ,1,2511,"21,9112158068699",5,550.0,390,1,1, ,1,3,7,17,1,0,0,170150041603,1701500416030470202,17015004160304702102,1701500416030470210502,202502,2
1,170155,170155,55,3,1,2,1,27,3,10,10,6,2, ,3,7,3, , , ,6,2,71350,1,1, , , ,16,1, ,1,1,20,1,1, , , , , , , , ,4923,9333,2, ,2,1,2,2,2,2,2,2,2,2,2,2,0,3,1,2,2,1,1,16, , , , , , , , , , , ,5, , , , ,100,0,1,24, , , ,2, ,2, ,2, ,2, ,2, ,2, , , , , , , , , , , , , , ,1,1713,"54,1305132814416",4,124.0,124,2,1, ,1,9,8,17,6,0,0,170155045802,1701550458020550302,17015504580205503102,1701550458020550310202,202502,2
1,170150,170150,57,4,1,3,1,22,3,10,10,6,1,1, ,8,2, ,2, ,6,1, ,2,1, , , ,20,1, ,4, , , , , , , , , , , , ,2511,7222,2, ,3,2,2,2,2,2,2,2,2,2,2,2,0,1,1,3,2,1,1,20, , , , , , , , , , , ,5, , , , ,150,0,2, , , , ,2, ,2, ,2, ,2, ,2, ,2, , , , , , , , , , , , , , ,1,2513,"13,9066081280071",5,150.0,214,4,1, ,1,7,3,17,1,0,0,170150395601,1701503956010570405,17015039560105704105,1701503956010570410305,202505,5
2,170151,170151,72,2,1,4,1,24,3,10,10,6,2, ,5,7,3, , , ,6,1, ,1,1, , , ,24,1, ,4, , , , , , , , , , , , ,4100,9313,4, ,6,2,2,2,2,2,2,2,2,2,2,2,4,2,1,3,3,2,1,24, , , , , , , , , , , ,5, , , , ,120,0,2, , , , ,2, ,2, ,2, ,2, ,2, ,2, , , , , , , , , , , , , , ,1,1722,"78,6601985983576",4,120.0,135,4,1, ,2,9,6,17,6,0,0,170151901602,1701519016020720211,17015190160207202111,1701519016020720210411,202511,11
1,170150,170150,65,6,1,5,2,22,9,10,10,6,2, ,3,7,3, , , ,6,1, ,1,1, , , ,40, ,1,4, , , , , , , , , , , , ,1410,8153,2, ,3,2,2,2,2,2,2,2,2,2,2,2,7,1,1,30,1,1,1,40, , , , , , , , , , , ,5, , , , ,423,47,2, , , , ,2, ,2, ,2, ,2, ,2, ,2, , , , , , , , , , , , , , ,1,2512,"2137,34807330572",4,470.0,173,1,1, ,1,8,3,17,1,0,0,170150178401,1701501784010650607,17015017840106506107,1701501784010650610507,202507,7
2,170550,170550,71,7,1,3,1,19,3,10,10,6,2, ,13,7,3, , , ,6,1, ,1,2,12,2, , , , , , , , , ,11, ,8, ,6, , , , , , , , , , , , , , , , , , , , , , , , , , , , , , , , , , , , , , ,5, , , , , , , , , , , ,2, ,2, ,2, ,2, ,2, ,2, , , , , , , , , , , , , , ,1,1722,"42,0967176678583",4,0.0,39,9, , , , , ,17,6,1,1,170550902002,1705509020020710710,17055090200207107110,1705509020020710710310,202510,10
2,170175,170175,64,2,1,2,1,21,3,1,10,6,2, ,3,7,3, , , ,6,1, ,1,1, , , ,40, ,1,4, , , , , , , , , , , , ,3830,8141,2, ,3,1,2,2,1,1,1,2,2,2,1,1,2,1,1,10,1,1,1,40, , , , , , , , , , , ,1, , , , ,420,50,1,80, , , ,2, ,2, ,2, ,2, ,2, ,2, , , , , , , , , , , , , , ,1,1722,"64,894156567514",4,550.0,"143,4",1,1, ,1,8,5,17,6,0,0,170175900801,1701759008010640206,17017590080106402106,1701759008010640210206,202506,6
1,170180,170180,70,1,1,3,1,23,3,10,10,6,2, ,11,7,3, , , ,6,2,170150,3,1, , , ,20,2, ,1,1,20,7, , , , , , , , , ,7310,3521,6,2, , , , , , , , , , , , ,2,9,1,1,3,2,1,20, , , , , , , , , , , ,5,220,2, ,50, , , , , , , ,2, ,2, ,2, ,2, ,2, ,2, , , , , , , , , , , , , , ,1,1713,"63,0377098390867",4,170.0,268,2,1, ,2,3,13,17,6,0,0,170180115702,1701801157020700109,17018011570207001109,1701801157020700110309,202509,9
2,170155,170155,47,1,1,3,1,18,3,10,10,6,1,5, ,7,3, , , ,6,2,100150,2,2,12,2, , , , , , , , , ,11, ,9, ,3, , , , , , , , , , , , , , , , , , , , , , , , , , , , , , , , , , , , , , ,5, , , , , , , , , , , ,2, ,2, ,2, ,2, ,2, ,2, , , , , , , , , , , , , , ,1,1722,"231,180857820169",4,0.0,152,9, , , , , ,17,6,0,0,170155900104,1701559001040470102,17015590010404701102,1701559001040470110302,202502,2
2,170178,170178,75,9,1,4,2,20,3,10,10,6,1,6, ,7,3, , , ,6,2,170163,2,1, , , ,40, ,1,4, , , , , , , , , , , , ,8890,5311,6,2, , , , , , , , , , , , ,0,8,1,1,3,2,1,40, , , , , , , , , , , ,5,50,2, ,45, , , , , , , ,2, ,2, ,2, ,2, ,2, ,2, , , , , , , , , , , , , , ,1,1722,"60,912290546959",4,5.0,"228,125",4,1, ,2,5,17,17,6,0,0,170178900201,1701789002010750911,17017890020107509111,1701789002010750910411,202511,11
1,170150,170150,76,8,1,2,1,20,3,10,10,6,2, ,17,7,3, , , ,2,1, ,1,2,12,2, , , , , , , , , ,11, ,9, ,3, , , , , , , , , , , , , , , , , , , , , , , , , , , , , , , , , , , , , , ,5, , , , , , , , , , , ,2, ,2, ,2, ,2, ,2, ,2, , , , , , , , , , , , , , ,1,2513,"89,5206514350642",4,0.0,"164,666666666667",9, , , , , ,17,1,0,0,170150036902,1701500369020760812,17015003690207608112,1701500369020760810212,202512,12
1,170179,170179,68,10,1,2,1,29,2,10,10,5,2, ,2,9,5, ,1,30330101,6,2,170150,1,1, , , ,40, ,1,4, , , , , , , , , , , , ,6910,2611,6,2, , , , , , , , , , , , ,5,6,1,1,2,1,1,40, , , , , , , , , , , ,5,2000,2, ,400, , , , , , , ,2, ,2, ,2, ,2, ,2, ,2, , , , , , , , , , , , , , ,1,1713,"162,131992359596",5,1600.0,1200,1,1, ,1,2,13,17,6,0,0,170179102303,1701791023030681010,17017910230306810110,1701791023030681010210,202510,10
1,170150,170150,67,6,1,3,1,22,3,10,10,6,1,6, ,8,2, ,2, ,6,1, ,2,2,12,2, , , , , , , , , ,2,12, , , ,2, , , , , , , , , , , , , , , , , , , , , , , , , , , , , , , , , , , , , ,5, , , , , , , , , , , ,2, ,2, ,2, ,2, ,2, ,2, ,2,2,2,1,1,2,2,2,2,2,2,2,8,1,2513,"32,4671690361934",5,0.0,100,7, ,1, , , ,17,1,0,0,170150323902,1701503239020670609,17015032390206706109,1701503239020670610309,202509,9
1,170150,170150,56,5,1,3,1,26,3,1,10,6,2, ,2,9,5, ,1,30710503,6,1, ,1,1, , , ,40, ,1,4, , , , , , , , , , , , ,8129,9129,2, ,2,2,2,2,1,2,1,2,2,2,1,1,1,1,1,10,4,1,1,40, , , , , , , , , , , ,1, , , , ,470,65,2, , , , ,2, ,2, ,2, ,2, ,2, ,2, , , , , , , , , , , , , , ,1,2513,"8,93162343060169",5,535.0,"550,6",1,1, ,1,9,14,17,1,0,0,170150121003,1701501210030560502,17015012100305605102,1701501210030560510302,202502,2
1,170150,170150,51,1,1,3,2,20,3,1,10,6,1,1, ,9,2, ,2, ,6,1, ,2,2,12,2, , , , , , , , , ,11, ,9, ,3, , , , , , , , , , , , , , , , , , , , , , , , , , , , , , , , , , , , , , ,1, , , , , , , , , , , ,2, ,2, ,2, ,2, ,2, ,2, , , , , , , , , , , , , , ,1,2511,"28,1679735362335",5,0.0,625,9, , , , , ,17,1,0,0,170150285003,1701502850030510103,17015028500305101103,1701502850030510110303,202503,3
1,170150,170150,68,1,1,2,1,25,7,10,10,6,2, ,5,7,1, , , ,1,2,210150,1,1, , , ,40, ,1,4, , , , , , , , , , , , ,321,6221,2, ,2,1,1,2,2,2,2,2,2,2,2,2,4,11,1,5,2,1,1,40, , , , , , , , , , , ,5, , , , ,470,0,1,140, , , ,2, ,2, ,2, ,2, ,2, ,2, , , , , , , , , , , , , , ,1,2512,"86,4487636950307",4,610.0,610,1,1, ,1,6,1,17,1,0,0,170150333902,1701503339020680107,17015033390206801107,1701503339020680110207,202507,7
1,170155,170155,56,4,1,3,1,18,3,10,10,6,1,2, ,7,2, , , ,6,1, ,1,2,12,2, , , , , , , , , ,11, ,9, ,3, , , , , , , , , , , , , , , , , , , , , , , , , , , , , , , , , , , , , , ,5, , , , , , , , , , , ,2, ,2, ,1,5,2, ,2, ,2, , , , , , , , , , , , , , ,1,1713,"158,28742310381",4,0.0,"432,6",9, , , , , ,17,6,0,0,170155014901,1701550149010560402,17015501490105604102,1701550149010560410302,202502,2
1,170150,170150,68,3,1,4,2,21,3,1,10,6,1,6, ,8,1, ,2, ,6,2,10150,1,1, , , ,40, ,1,4, , , , , , , , , , , , ,7410,3118,2, ,2,2,2,2,1,2,1,2,2,2,1,1,3,1,1,10,1,1,1,40, , , , , , , , , , , ,1, , , , ,425,45,2, , , , ,2, ,2, ,2, ,2, ,2, ,2, , , , , , , , , , , , , , ,1,2512,"23,6090306541171",5,470.0,"372,5",1,1, ,1,3,13,17,1,0,0,170150294402,1701502944020680307,17015029440206803107,1701502944020680310407,202507,7
2,170165,170165,58,7,1,2,2,22,3,10,10,6,1,1, ,8,1, ,2, ,6,1, ,1,2,12,2, , , , , , , , , ,11, ,9, ,3, , , , , , , , , , , , , , , , , , , , , , , , , , , , , , , , , , , , , , ,5, , , , , , , , , , , ,2, ,2, ,2, ,2, ,2, ,2, , , , , , , , , , , , , , ,1,1723,"12,9346862824968",5,0.0,"188,333333333333",9, , , , , ,17,6,0,0,170165900703,1701659007030580703,17016590070305807103,1701659007030580710203,202503,3
1,170150,170150,76,10,1,1,1,27,1,10,10,5,2, ,5,7,3, , , ,6,1, ,2,1, , , ,50, ,1,4, , , , , , , , , , , , ,5610,9412,2, ,2,2,2,2,2,2,2,2,2,2,2,2,0,1,1,3,3,2,1,50, , , , , , , , , , , ,5, , , , ,470,0,2, , , , ,2, ,2, ,2, ,2, ,2, ,2, , , , , , , , , , , , , , ,1,2511,"11,6584158219976",4,470.0,235,1,1, ,2,9,9,17,1,0,0,170150104803,1701501048030761012,17015010480307610112,1701501048030761010112,202512,12
1,170150,170150,65,5,1,4,1,23,3,10,10,6,1,2, ,8,2, ,2, ,6,1, ,2,1, , , ,20,1, ,4, , , , , , , , , , , , ,8530,3118,2, ,3,1,2,2,2,2,2,2,2,2,2,2,0,1,2, , , ,1,20, , , , , , , , , , , ,5, , , , ,150,0,1,40, , , ,2, ,2, ,2, ,2, ,2, ,2, , , , , , , , , , , , , , ,1,2511,"29,6064340460777",5,190.0,132,4,1, ,1,3,16,17,1,0,0,170150040901,1701500409010650507,17015004090106505107,1701500409010650510407,202507,7
1,170150,170150,63,2,1,2,2,25,2,10,10,5,2, ,8,7,3, , , ,6,1, ,1,2,12,2, , , , , , , , , ,11, ,9, ,4, , , , , , , , , , , , , , , , , , , , , , , , , , , , , , , , , , , , , , ,5, , , , , , , , , , , ,2, ,2, ,2, ,2, ,2, ,2, , , , , , , , , , , , , , ,1,2513,"40,4495504948262",4,0.0,"178,333333333333",9, , , , , ,17,1,0,0,170150232204,1701502322040630205,17015023220406302105,1701502322040630210205,202505,5
1,170150,170150,74,5,1,5,2,26,7,10,10,6,2, ,11,7,3, , , ,6,2,20250,1,2,12,2, , , , , , , , , ,9,3, , , ,1,2,4,4100,9313,4, , , , , , , , , , , , , , , , , , , , , , , , , , , , , , , , ,5, , , , , , , , , , , ,2, ,2, ,2, ,2, ,2, ,2, ,2,2,2,1,1,2,2,2,2,2,2,2,1,1,2512,"44,3110641378479",4,0.0,110,7, ,1, , , ,17,1,0,0,170150087104,1701500871040740510,17015008710407405110,1701500871040740510510,202510,10
2,170454,170454,65,8,1,2,2,27,2,1,10,5,2, ,2,9,4, ,1,30410302,6,1, ,1,1, , , ,40, ,1,4, , , , , , , , , , , , ,119,2411,2, ,2,1,2,2,1,2,1,2,2,2,1,1,0,1,1,60,1,1,1,40, , , , , , , , , , , ,1, , , , ,500,45,1,60, , , ,2, ,2, ,2, ,2, ,2, ,2, , , , , , , , , , , , , , ,1,1721,"37,9116872656716",5,605.0,"451,666666666667",1,1, ,1,2,1,17,6,0,0,170454901102,1704549011020650804,17045490110206508104,1704549011020650810204,202504,4
1,170150,170150,72,8,1,4,1,21,3,10,10,6,1,1, ,9,3, ,2, ,6,1, ,1,2,12,2, , , , , , , , , ,11, ,9, ,3, , , , , , , , , , , , , , , , , , , , , , , , , , , , , , , , , , , , , , ,5, , , , , , , , , , , ,2, ,2, ,2, ,2, ,2, ,2, , , , , , , , , , , , , , ,1,2512,"23,6566594221063",5,0.0,328,9, , , , , ,17,1,0,0,170150093901,1701500939010720811,17015009390107208111,1701500939010720810411,202511,11
1,170150,170150,71,10,1,2,1,27,3,10,10,6,1,2, ,7,3, , , ,6,1, ,1,1, , , ,20,1, ,4, , , , , , , , , , , , ,4922,8322,6,2, , , , , , , , , , , , ,0,3,1,1,3,2,1,20, , , , , , , , , , , ,5,200,1,25,80, , , , , , , ,2, ,2, ,2, ,2, ,2, ,2, , , , , , , , , , , , , , ,1,2511,"42,2505621046406",4,145.0,"374,333333333333",4,1, ,2,8,8,17,1,0,0,170150308603,1701503086030711010,17015030860307110110,1701503086030711010210,202510,10
1,170152,170152,71,4,1,2,2,18,3,10,10,6,1,1, ,8,1, ,2, ,6,1, ,1,2,12,2, , , , , , , , , ,11, ,9, ,3, , , , , , , , , , , , , , , , , , , , , , , , , , , , , , , , , , , , , , ,5, , , , , , , , , , , ,2, ,2, ,2, ,2, ,2, ,2, , , , , , , , , , , , , , ,1,1713,"59,9859074196787",5,0.0,"64,3333333333333",9, , , , , ,17,6,1,0,170152009203,1701520092030710410,17015200920307104110,1701520092030710410210,202510,10
1,170150,170150,68,4,1,3,2,22,3,10,10,6,1,3, ,9,3, ,2, ,6,2,20150,1,2,12,2, , , , , , , , , ,11, ,9, ,3, , , , , , , , , , , , , , , , , , , , , , , , , , , , , , , , , , , , , , ,5, , , , , , , , , , , ,2, ,2, ,2, ,2, ,2, ,2, , , , , , , , , , , , , , ,1,2511,"13,3850974769743",5,0.0,"1683,33333333333",9, , , , , ,17,1,0,0,170150091503,1701500915030680410,17015009150306804110,1701500915030680410310,202510,10
1,170150,170150,72,5,1,3,1,22,3,5,10,6,1,1, ,9,3, ,2, ,6,1, ,2,2,12,2, , , , , , , , , ,11, ,9, ,3, , , , , , , , , , , , , , , , , , , , , , , , , , , , , , , , , , , , , , ,5, , , , , , , , , , , ,2, ,2, ,2, ,2, ,2, ,2, , , , , , , , , , , , , , ,1,2512,"44,6653983373255",5,0.0,"1087,5",9, , , , , ,17,1,0,0,170150300803,1701503008030720511,17015030080307205111,1701503008030720510311,202511,11
1,170150,170150,67,4,1,5,1,25,7,10,10,6,2, ,3,7,3, , , ,6,2,110150,1,1, , , ,50, ,1,4, , , , , , , , , , , , ,8010,5414,2, ,3,2,2,2,2,2,2,2,2,2,2,2,0,1,1,40,1,1,1,50, , , , , , , , , , , ,5, , , , ,470,0,2, , , , ,2, ,2, ,2, ,2, ,2, ,2, , , , , , , , , , , , , , ,1,2512,"120,967501803116",4,470.0,608,1,1, ,1,5,14,17,1,0,0,170150264602,1701502646020670406,17015026460206704106,1701502646020670410506,202506,6
1,170151,170151,65,6,1,4,2,24,3,10,10,6,2, ,2,9,5, ,1,30730301,6,1, ,1,2,12,2, , , , , , , , , ,9,50, , , ,2, , , , , , , , , , , , , , , , , , , , , , , , , , , , , , , , , , , , , ,5, , , , , , , , , , , ,2, ,2, ,2, ,2, ,2, ,2, ,2,1,1,1,2,2,2,2,2,2,2,2,8,1,1712,"19,9011551153904",5,0.0,640,7, ,1, , , ,17,6,0,0,170151004003,1701510040030650607,17015100400306506107,1701510040030650610407,202507,7
1,170150,170150,66,3,1,2,1,28,3,1,10,1,2, ,2,8,3, ,1,20710404,6,2,90150,1,1, , , ,60, ,1,4, , , , , , , , , , , , ,4711,9321,2, ,3,1,2,1,1,1,1,2,2,1,1,1,0,1,2, , , ,1,60, , , , , , , , , , , ,1, , , , ,500,50,1,160, , , ,2, ,2, ,2, ,2, ,2, ,2, , , , , , , , , , , , , , ,1,2513,"127,206908231627",5,710.0,"316,25",1,1, ,1,9,7,17,1,0,0,170150242701,1701502427010660308,17015024270106603108,1701502427010660310208,202508,8
1,170750,170750,57,2,1,2,2,28,3,10,10,6,1,6, ,9,2, ,2, ,6,2,170150,1,1, , , ,16,1, ,2,1,34,4,4, , , , , , , , ,5610,5131,2, ,3,1,2,2,2,2,2,2,2,2,2,2,8,1,1,4,2,1,1,16, , , , , , , , , , , ,5, , , , ,120,0,1,20, , , ,2, ,2, ,2, ,2, ,2, ,2, , , , , , , , , , , , , , ,1,1711,"36,8992023988659",5,140.0,"172,5",2,1, ,1,5,9,17,6,0,0,170750000706,1707500007060570205,17075000070605702105,1707500007060570210205,202505,5
1,170157,170157,64,8,1,3,1,22,3,5,10,6,1,1, ,9,2, ,2, ,6,2,170150,1,2,12,2, , , , , , , , , ,11, ,9, ,3, , , , , , , , , , , , , , , , , , , , , , , , , , , , , , , , , , , , , , ,5, , , , , , , , , , , ,2, ,2, ,2, ,2, ,2, ,2, , , , , , , , , , , , , , ,1,1712,"31,0086640052667",5,0.0,"1113,33333333333",9, , , , , ,17,6,0,0,170157067701,1701570677010640803,17015706770106408103,1701570677010640810303,202503,3
1,170155,170155,72,8,1,3,1,25,3,1,10,6,2, ,5,5,10,1, , ,6,1, ,2,1, , , ,24,1, ,1,1,16,7, , , , , , , , , ,5320,4412,2, ,2,2,2,2,1,1,1,2,2,2,1,1,2,1,2, , , ,1,24, , , , , , , , , , , ,1, , , , ,300,40,1,5, , , ,2, ,2, ,2, ,2, ,2, ,2, , , , , , , , , , , , , , ,1,1713,"66,1322882191863",3,345.0,259,2,1, ,1,4,8,17,6,0,0,170155022410,1701550224100720811,17015502241007208111,1701550224100720810311,202511,11
1,170250,170250,63,1,1,3,1,22,3,10,10,6,1,1, ,7,3, , , ,6,1, ,4,2,12,2, , , , , , , , , ,11, ,9, ,3, , , , , , , , , , , , , , , , , , , , , , , , , , , , , , , , , , , , , , ,5, , , , , , , , , , , ,2, ,2, ,2, ,2, ,2, ,2, , , , , , , , , , , , , , ,1,1711,"94,1124529430422",4,0.0,473,9, , , , , ,17,6,0,0,170250001901,1702500019010630102,17025000190106301102,1702500019010630110302,202502,2
1,170150,170150,59,2,1,1,1,25,1,10,10,6,1,3, ,9,3, ,2, ,6,2,120550,1,2,12,1,6,5,1, ,3,1,35,2,4, , , , , , , , ,6920,2411,6,2, , , , , , , , , , , , ,3,9,1,1,3,2,1,5, , , , , , , , , , , ,5,0,2, ,0, , , , , , , ,1,100,2, ,1,200,2, ,2, ,2, , , , , , , , , , , , , , ,1,2511,"25,6005543409381",5,0.0,"412,5",2,1, ,2,2,13,17,1,0,0,170150135302,1701501353020590203,17015013530205902103,1701501353020590210103,202503,3
1,170155,170155,66,6,1,4,1,18,3,10,10,6,2, ,13,7,3, , , ,6,1, ,2,2,12,2, , , , , , , , , ,11, ,9, ,6, , , , , , , , , , , , , , , , , , , , , , , , , , , , , , , , , , , , , , ,5, , , , , , , , , , , ,2, ,2, ,2, ,2, ,2, ,2, , , , , , , , , , , , , , ,1,1713,"205,825618620931",4,0.0,"238,333333333333",9, , , , , ,17,6,0,0,170155041503,1701550415030660608,17015504150306606108,1701550415030660610408,202508,8
1,170150,170150,71,9,1,3,2,26,7,10,10,6,2, ,3,9,4, ,2, ,6,1, ,3,2,12,2, , , , , , , , , ,11, ,9, ,4, , , , , , , , , , , , , , , , , , , , , , , , , , , , , , , , , , , , , , ,5, , , , , , , , , , , ,2, ,2, ,2, ,2, ,2, ,2, , , , , , , , , , , , , , ,1,2511,"18,6073590146326",5,0.0,"87,5",9, , , , , ,17,1,1,0,170150114803,1701501148030710907,17015011480307109107,1701501148030710910307,202507,7
1,170150,170150,66,8,1,3,1,26,3,10,10,6,2, ,2,8,3, ,1,21020301,6,1, ,1,1, , , ,40, ,1,4, , , , , , , , , , , , ,4711,5223,2, ,2,2,2,2,2,2,2,2,2,2,2,2,3,1,1,2,2,1,1,40, , , , , , , , , , , ,5, , , , ,150,0,2, , , , ,2, ,2, ,2, ,2, ,2, ,2, , , , , , , , , , , , , , ,1,2513,"36,345991631541",5,150.0,307,4,1, ,1,5,7,17,1,0,0,170150124503,1701501245030660805,17015012450306608105,1701501245030660810305,202505,5
1,170150,170150,40,1,1,4,1,23,3,10,10,6,1,6, ,7,3, , , ,6,1, ,4,2,12,2, , , , , , , , , ,11, ,9, ,3, , , , , , , , , , , , , , , , , , , , , , , , , , , , , , , , , , , , , , ,5, , , , , , , , , , , ,2, ,2, ,2, ,2, ,2, ,2, , , , , , , , , , , , , , ,1,2512,"117,458772318994",4,0.0,"228,5",9, , , , , ,17,1,0,0,170150029203,1701500292030400101,17015002920304001101,1701500292030400110401,202501,1
1,170150,170150,75,2,1,1,2,27,1,10,10,6,2, ,3,9,1, ,2, ,6,1, ,1,1, , , ,60, ,1,4, , , , , , , , , , , , ,5610,5120,2, ,3,1,2,2,2,2,2,2,2,2,2,2,7,1,1,7,2,1,1,60, , , , , , , , , , , ,5, , , , ,450,0,1,60, , , ,2, ,1,120,2, ,2, ,2, ,2, , , , , , , , , , , , , , ,1,2513,"33,2821928552246",5,510.0,170,1,1, ,1,5,9,17,1,0,0,170150026902,1701500269020750211,17015002690207502111,1701500269020750210111,202511,11
1,170950,170950,55,8,1,3,2,27,3,10,10,6,2, ,3,7,3, , , ,6,1, ,3,1, , , ,8,2, ,3,1,32,3,4, , , , , , , , ,4520,7213,7, , , , , , , , , , , , , ,10,9,1,2,2,1,1,16, , , , , , , , , , , ,5, , , , , , , , , , , ,2, ,2, ,2, ,2, ,2, ,2, , , , , , , , , , , , , , ,1,1711,"48,025134713134",4,0.0,"117,5",2,1, ,1,7,7,17,6,0,0,170950001001,1709500010010550811,17095000100105508111,1709500010010550810311,202511,11
2,170250,170250,60,5,1,2,1,24,3,10,10,6,1,6, ,9,4, ,2, ,6,1, ,2,2,12,2, , , , , , , , , ,8,20, , , ,2, , , , , , , , , , , , , , , , , , , , , , , , , , , , , , , , , , , , , ,5, , , , , , , , , , , ,2, ,2, ,2, ,2, ,2, ,2, ,2,1,1,1,1,2,2,2,2,2,2,2,8,1,1722,"32,6617702292154",5,0.0,110,7, ,1, , , ,17,6,0,0,170250903301,1702509033010600509,17025090330106005109,1702509033010600510209,202509,9
1,170150,170150,56,5,1,4,2,20,3,10,10,6,1,5, ,7,3, , , ,6,1, ,2,2,12,2, , , , , , , , , ,11, ,9, ,3, , , , , , , , , , , , , , , , , , , , , , , , , , , , , , , , , , , , , , ,5, , , , , , , , , , , ,2, ,2, ,2, ,2, ,2, ,2, , , , , , , , , , , , , , ,1,2512,"39,5200378739826",4,0.0,"397,5",9, , , , , ,17,1,0,0,170150341902,1701503419020560505,17015034190205605105,1701503419020560510405,202505,5
1,170450,170450,52,5,1,4,1,19,3,10,10,6,2, ,13,7,3, , , ,6,2,100150,2,2,12,2, , , , , , , , , ,11, ,9, ,6, , , , , , , , , , , , , , , , , , , , , , , , , , , , , , , , , , , , , , ,5, , , , , , , , , , , ,2, ,2, ,2, ,2, ,2, ,2, , , , , , , , , , , , , , ,1,1711,"40,7148371498701",4,0.0,268,9, , , , , ,17,6,0,0,170450025102,1704500251020520510,17045002510205205110,1704500251020520510410,202510,10
2,170252,170252,63,4,1,9,2,23,4,10,10,5,2, ,3,5,7,1, , ,1,2,220158,9,2,12,2, , , , , , , , , ,11, ,10, ,4, , , , , , , , , , , , , , , , , , , , , , , , , , , , , , , , , , , , , , ,5, , , , , , , , , , , ,2, ,2, ,2, ,2, ,2, ,2, , , , , , , , , , , , , , ,1,1721,"466,95894308263",3,0.0,"185,9375",9, , , , , ,17,6,0,0,170252902001,1702529020010630405,17025290200106304105,1702529020010630410905,202505,5
1,170150,170150,68,4,1,5,2,18,3,1,10,6,2, ,5,7,3, , , ,6,1, ,4,1, , , ,40, ,1,4, , , , , , , , , , , , ,1071,5223,2, ,2,2,2,2,1,2,1,2,2,2,1,1,0,1,2, , , ,1,40, , , , , , , , , , , ,1, , , , ,425,45,2, , , , ,2, ,2, ,2, ,2, ,2, ,2, , , , , , , , , , , , , , ,1,2513,"24,0654809863638",4,470.0,285,1,1, ,1,5,3,17,1,0,0,170150369402,1701503694020680410,17015036940206804110,1701503694020680410510,202510,10
1,170150,170150,72,5,1,2,2,27,3,1,10,6,2, ,2,9,4, ,1,30410302,6,1, ,1,1, , , ,40, ,1,4, , , , , , , , , , , , ,6419,4222,2, ,2,2,2,2,1,1,1,2,2,2,1,1,0,1,2, , , ,1,40, , , , , , , , , , , ,1, , , , ,425,45,1,8, , , ,2, ,2, ,2, ,2, ,2, ,2, , , , , , , , , , , , , , ,1,2513,"9,19088272874852",5,478.0,"185,714285714286",1,1, ,1,4,11,17,1,0,0,170150245104,1701502451040720511,17015024510407205111,1701502451040720510211,202511,11
1,170150,170150,71,7,1,2,2,26,3,1,10,6,2, ,5,7,3, , , ,6,1, ,2,1, , , ,24,8, ,4, , , , , , , , , , , , ,6110,3322,1, ,1,2,2,1,1,2,1,2,2,1,1,1,7,1,2, , , ,1,40, , , , , , , , , , , ,1, , , , ,500,105,1,60, , , ,2, ,1,170,2, ,2, ,2, ,2, , , , , , , , , , , , , , ,1,2511,"42,2505621046406",4,665.0,"436,333333333333",1,1, ,1,3,10,17,1,0,0,170150308603,1701503086030710710,17015030860307107110,1701503086030710710210,202510,10
1,170150,170150,71,5,1,2,2,21,2,10,10,5,2, ,15,7,3, , , ,1,2,100150,2,2,12,2, , , , , , , , , ,11, ,9, ,4, , , , , , , , , , , , , , , , , , , , , , , , , , , , , , , , , , , , , , ,5, , , , , , , , , , , ,2, ,2, ,2, ,2, ,2, ,2, , , , , , , , , , , , , , ,1,2512,"39,3658666977501",4,0.0,100,9, , , , , ,17,1,0,0,170150130705,1701501307050710510,17015013070507105110,1701501307050710510210,202510,10
1,170150,170150,72,8,1,2,1,23,3,10,10,6,1,6, ,9,4, ,1,30310403,6,1, ,2,2,12,2, , , , , , , , , ,9,48, , , ,1,6,48,4722,5221,6, , , , , , , , , , , , , , , , , , , , , , , , , , , , , , , , ,5, , , , , , , , , , , ,2, ,2, ,1,834,2, ,2, ,2, ,2,1,1,1,1,2,2,2,2,2,2,2,5,1,2511,"24,8975271467775",5,0.0,336,7, ,1, , , ,17,1,0,0,170150165101,1701501651010720808,17015016510107208108,1701501651010720810208,202508,8
1,170150,170150,72,10,1,3,1,28,3,10,10,6,2, ,2,8,3, ,1,20610402,6,1, ,2,2,12,2, , , , , , , , , ,8,52, , , ,2, , , , , , , , , , , , , , , , , , , , , , , , , , , , , , , , , , , , , ,5, , , , , , , , , , , ,2, ,2, ,2, ,2, ,2, ,2, ,2,2,2,1,1,2,2,2,2,2,2,2,8,1,2511,"55,8140744978588",5,0.0,70,7, ,1, , , ,17,1,1,0,170150233201,1701502332010721011,17015023320107210111,1701502332010721010311,202511,11
1,170150,170150,72,4,1,4,2,28,3,10,10,6,1,6, ,9,1, ,2, ,6,1, ,1,2,12,2, , , , , , , , , ,9,8, , , ,1,2,8,8690,3211,2, , , , , , , , , , , , , , , , , , , , , , , , , , , , , , , , ,5, , , , , , , , , , , ,2, ,2, ,2, ,2, ,2, ,2, ,2,1,2,1,1,2,2,2,2,2,2,2,1,1,2511,"24,8975271467775",5,0.0,140,7, ,1, , , ,17,1,0,0,170150165101,1701501651010720408,17015016510107204108,1701501651010720410408,202508,8
1,170150,170150,68,10,1,3,1,29,3,10,10,6,2, ,5,9,5, ,1,30730201,6,2,200150,2,1, , , ,40, ,1,4, , , , , , , , , , , , ,4100,2142,6,2, , , , , , , , , , , , ,2,8,1,1,3,1,1,40, , , , , , , , , , , ,5,800,2, ,0, , , , , , , ,2, ,2, ,2, ,2, ,2, ,2, , , , , , , , , , , , , , ,1,2511,"38,5983699538095",5,800.0,"823,333333333333",1,1, ,1,2,6,17,1,0,0,170150164702,1701501647020681007,17015016470206810107,1701501647020681010307,202507,7
1,170353,170353,53,2,1,2,1,22,3,10,10,6,2, ,3,7,3, , , ,6,2,170150,2,2,12,2, , , , , , , , , ,2,4, , , ,1,5,4,4923,8332,2, , , , , , , , , , , , , , , , , , , , , , , , , , , , , , , , ,5, , , , , , , , , , , ,2, ,2, ,2, ,2, ,2, ,2, ,2,2,1,1,1,2,2,2,2,2,2,2,2,1,1711,"106,176231307366",4,0.0,195,7, ,1, , , ,17,6,0,0,170353017401,1703530174010530201,17035301740105302101,1703530174010530210201,202501,1
1,170150,170150,47,1,1,2,2,25,2,10,10,1,2, ,8,7,3, , , ,1,1, ,1,2,12,2, , , , , , , , , ,11, ,9, ,4, , , , , , , , , , , , , , , , , , , , , , , , , , , , , , , , , , , , , , ,5, , , , , , , , , , , ,2, ,2, ,2, ,2, ,2, ,2, , , , , , , , , , , , , , ,1,2513,"58,3098779029927",4,0.0,"181,666666666667",9, , , , , ,17,1,0,0,170150072102,1701500721020470102,17015007210204701102,1701500721020470110202,202502,2
1,170150,170150,73,4,1,2,2,18,3,5,10,6,2, ,13,7,3, , , ,6,1, ,1,2,12,2, , , , , , , , , ,11, ,8, ,6, , , , , , , , , , , , , , , , , , , , , , , , , , , , , , , , , , , , , , ,5, , , , , , , , , , , ,2, ,2, ,2, ,2, ,2, ,2, , , , , , , , , , , , , , ,1,2511,"17,6981484232737",4,0.0,340,9, , , , , ,17,1,0,0,170150000401,1701500004010730412,17015000040107304112,1701500004010730410212,202512,12
1,170150,170150,71,7,1,3,2,27,3,1,6,6,2, ,2,9,5, ,1,30330101,6,1, ,2,1, , , ,40, ,1,4, , , , , , , , , , , , ,6419,4211,2, ,2,2,2,2,1,1,1,1,2,1,1,1,1,1,2, , , ,1,40, , , , , , , , , , , ,1, , , , ,500,100,1,23, , , ,2, ,2, ,2, ,2, ,2, ,2, , , , , , , , , , , , , , ,1,2512,"18,7483478723871",5,623.0,"406,6",1,1, ,1,4,11,17,1,0,0,170150103701,1701501037010710707,17015010370107107107,1701501037010710710307,202507,7
1,170150,170150,68,8,1,5,2,24,3,10,10,6,2, ,2,9,5, ,1,30730201,6,1, ,2,2,12,2, , , , , , , , , ,8,8, , , ,2, , , , , , , , , , , , , , , , , , , , , , , , , , , , , , , , , , , , , ,5, , , , , , , , , , , ,2, ,2, ,2, ,2, ,2, ,2, ,2,2,2,1,1,2,2,2,2,2,2,2,8,1,2511,"13,1214900080779",5,0.0,250,7, ,1, , , ,17,1,0,0,170150193402,1701501934020680807,17015019340206808107,1701501934020680810507,202507,7
2,170184,170184,72,7,1,3,2,25,3,10,10,6,2, ,7,7,3, , , ,6,2,131250,2,2,12,2, , , , , , , , , ,11, ,11, ,5, , , , , , , , , , , , , , , , , , , , , , , , , , , , , , , , , , , , , , ,5, , , , , , , , , , , ,2, ,2, ,2, ,2, ,2, ,2, , , , , , , , , , , , , , ,1,1723,"24,0712252211492",4,0.0,"111,666666666667",9, , , , , ,17,6,0,0,170184901601,1701849016010720711,17018490160107207111,1701849016010720710311,202511,11
1,170150,170150,59,5,1,2,1,28,2,10,10,5,2, ,5,7,3, , , ,6,3,862,1,1, , , ,26,1, ,3,1,10,7, , , , , , , , , ,5610,9411,6,2, , , , , , , , , , , , ,0,4,1,2,3,2,1,26, , , , , , , , , , , ,5,800,1,50,450, , , , , , , ,2, ,2, ,2, ,2, ,2, ,2, , , , , , , , , , , , , , ,1,2513,"311,128361015565",4,400.0,"66,6666666666667",2,1, ,2,9,9,17,1,1,0,170150105401,1701501054010590503,17015010540105905103,1701501054010590510203,202503,3
1,170150,170150,62,8,1,2,2,28,3,1,10,6,1,2, ,9,4, ,2, ,6,1, ,2,1, , , ,30,1, ,4, , , , , , , , , , , , ,6110,3512,2, ,3,2,2,2,1,2,1,2,2,2,1,1,1,1,2, , , ,1,30, , , , , , , , , , , ,1, , , , ,620,80,2, , , , ,2, ,2, ,2, ,2, ,2, ,2, , , , , , , , , , , , , , ,1,2511,"37,3577558362778",5,700.0,"491,833333333333",1,1, ,1,3,10,17,1,0,0,170150192902,1701501929020620801,17015019290206208101,1701501929020620810201,202501,1
1,170150,170150,68,3,1,3,1,18,3,10,10,6,2, ,6,7,3, , , ,4,1, ,2,2,12,2, , , , , , , , , ,11, ,8, ,6, , , , , , , , , , , , , , , , , , , , , , , , , , , , , , , , , , , , , , ,5, , , , , , , , , , , ,2, ,2, ,2, ,2, ,2, ,2, , , , , , , , , , , , , , ,1,2512,"41,8444180512978",4,0.0,"240,5",9, , , , , ,17,1,0,0,170150371102,1701503711020680307,17015037110206803107,1701503711020680310307,202507,7
1,170150,170150,54,4,1,2,2,23,2,10,10,5,2, ,15,7,3, , , ,6,1, ,2,2,12,2, , , , , , , , , ,11, ,9, ,4, , , , , , , , , , , , , , , , , , , , , , , , , , , , , , , , , , , , , , ,5, , , , , , , , , , , ,2, ,2, ,1,20,2, ,2, ,2, , , , , , , , , , , , , , ,1,2513,"37,8548104915456",4,0.0,"353,333333333333",9, , , , , ,17,1,0,0,170150148401,1701501484010540407,17015014840105404107,1701501484010540410207,202507,7
1,170150,170150,56,2,1,4,1,24,3,10,10,6,1,5, ,9,1, ,2, ,6,1, ,1,2,12,2, , , , , , , , , ,11, ,9, ,3, , , , , , , , , , , , , , , , , , , , , , , , , , , , , , , , , , , , , , ,5, , , , , , , , , , , ,2, ,2, ,2, ,2, ,2, ,2, , , , , , , , , , , , , , ,1,2513,"44,5115746041963",5,0.0,570,9, , , , , ,17,1,0,0,170150100203,1701501002030560205,17015010020305602105,1701501002030560210405,202505,5
1,170156,170156,59,6,1,3,2,25,3,1,5,6,2, ,2,9,4, ,1,30410102,6,2,170150,2,1, , , ,40, ,1,4, , , , , , , , , , , , ,6920,2411,2, ,2,2,2,2,1,2,1,1,2,2,1,1,4,1,2, , , ,1,40, , , , , , , , , , , ,1, , , , ,650,150,1,30, , , ,2, ,2, ,2, ,2, ,2, ,2, , , , , , , , , , , , , , ,1,1712,"75,7032144238457",5,830.0,"395,75",1,1, ,1,2,13,17,6,0,0,170156051901,1701560519010590606,17015605190105906106,1701560519010590610306,202506,6
1,170150,170150,71,7,1,2,2,21,2,10,10,5,1,2, ,9,3, ,2, ,6,1, ,1,2,12,2, , , , , , , , , ,11, ,9, ,3, , , , , , , , , , , , , , , , , , , , , , , , , , , , , , , , , , , , , , ,5, , , , , , , , , , , ,2, ,2, ,2, ,2, ,2, ,2, , , , , , , , , , , , , , ,1,2511,"41,0989815624303",5,0.0,"507,5",9, , , , , ,17,1,0,0,170150221302,1701502213020710710,17015022130207107110,1701502213020710710210,202510,10
2,170168,170168,53,1,1,2,2,27,2,10,10,5,2, ,3,7,3, , , ,2,2,150150,2,2,12,2, , , , , , , , , ,11, ,9, ,4, , , , , , , , , , , , , , , , , , , , , , , , , , , , , , , , , , , , , , ,5, , , , , , , , , , , ,2, ,2, ,2, ,2, ,2, ,2, , , , , , , , , , , , , , ,1,1722,"54,6391228818191",4,0.0,154,9, , , , , ,17,6,0,0,170168900603,1701689006030530101,17016890060305301101,1701689006030530110201,202501,1
1,170150,170150,52,1,1,2,1,21,5,2,10,6,2, ,5,7,3, , , ,6,1, ,1,1, , , ,40, ,1,4, , , , , , , , , , , , ,4773,5221,6,2, , , , , , , , , , , , ,0,6,1,1,2,1,1,40, , , , , , , , , , , ,2,1000,1,80,200, , , , , , , ,2, ,2, ,2, ,2, ,2, ,2, , , , , , , , , , , , , , ,1,2512,"56,687038344594",4,880.0,1740,1,1, ,1,5,7,17,1,0,0,170150201603,1701502016030520101,17015020160305201101,1701502016030520110201,202501,1
1,170150,170150,72,5,1,6,1,23,7,1,10,6,2, ,5,7,3, , , ,6,1, ,2,1, , , ,40, ,1,4, , , , , , , , , , , , ,5610,9112,2, ,2,1,2,2,1,2,1,2,2,2,1,1,1,1,2, , , ,1,40, , , , , , , , , , , ,1, , , , ,700,65,1,50, , , ,2, ,2, ,2, ,2, ,2, ,2, , , , , , , , , , , , , , ,1,2512,"20,9839499516549",4,815.0,"219,166666666667",1,1, ,1,9,9,17,1,0,0,170150239101,1701502391010720508,17015023910107205108,1701502391010720510608,202508,8
1,170550,170550,62,6,1,3,2,18,3,10,10,6,2, ,13,7,3, , , ,6,2,170150,1,2,12,2, , , , , , , , , ,11, ,9, ,4, , , , , , , , , , , , , , , , , , , , , , , , , , , , , , , , , , , , , , ,5, , , , , , , , , , , ,2, ,2, ,2, ,2, ,2, ,2, , , , , , , , , , , , , , ,1,1712,"24,7650028628206",4,0.0,125,9, , , , , ,17,6,0,0,170550039601,1705500396010620601,17055003960106206101,1705500396010620610301,202501,1
1,170155,170155,55,2,1,3,2,18,3,10,10,6,2, ,3,7,3, , , ,6,1, ,1,2,12,2, , , , , , , , , ,11, ,8, ,6, , , , , , , , , , , , , , , , , , , , , , , , , , , , , , , , , , , , , , ,5, , , , , , , , , , , ,2, ,2, ,1,60,2, ,2, ,2, , , , , , , , , , , , , , ,1,1712,"29,0553771574993",4,0.0,80,9, , , , , ,17,6,1,0,170155023512,1701550235120550211,17015502351205502111,1701550235120550210311,202511,11
1,170150,170150,58,6,1,3,2,24,3,1,10,6,2, ,3,9,4, ,2, ,6,1, ,3,1, , , ,4,1, ,4, , , , , , , , , , , , ,5221,4311,2, ,2,2,2,2,1,2,1,2,2,2,1,1,1,1,2, , , ,1,40, , , , , , , , , , , ,1, , , , ,500,45,2, , , , ,2, ,2, ,2, ,2, ,2, ,2, , , , , , , , , , , , , , ,1,2512,"33,919424635521",5,545.0,"294,25",1,1, ,1,4,8,17,1,0,0,170150277304,1701502773040580603,17015027730405806103,1701502773040580610303,202503,3
1,170150,170150,55,6,1,2,2,19,3,10,10,6,2, ,13,7,3, , , ,6,1, ,2,2,12,2, , , , , , , , , ,8,20, , , ,1,5,20,4719,5223,2, , , , , , , , , , , , , , , , , , , , , , , , , , , , , , , , ,5, , , , , , , , , , , ,2, ,2, ,2, ,2, ,2, ,2, ,2,2,1,1,1,2,2,2,2,2,2,2,2,1,2512,"56,2627199682636",4,0.0,"218,333333333333",7, ,1, , , ,17,1,0,0,170150036802,1701500368020550611,17015003680205506111,1701500368020550610211,202511,11
1,170150,170150,66,2,1,6,2,24,9,10,10,5,2, ,3,9,5, ,2, ,6,2,130350,1,2,12,2, , , , , , , , , ,11, ,9, ,4, , , , , , , , , , , , , , , , , , , , , , , , , , , , , , , , , , , , , , ,5, , , , , , , , , , , ,2, ,2, ,2, ,2, ,2, ,2, , , , , , , , , , , , , , ,1,2511,"32,3265043842086",5,0.0,"328,571428571429",9, , , , , ,17,1,0,0,170150254402,1701502544020660205,17015025440206602105,1701502544020660210605,202505,5
1,170150,170150,56,5,1,3,1,27,3,10,10,6,2, ,3,8,3, ,2, ,6,1, ,1,1, , , ,40, ,1,4, , , , , , , , , , , , ,8129,9129,2, ,3,2,2,2,2,1,2,2,2,2,2,2,0,1,1,5,3,2,1,40, , , , , , , , , , , ,5, , , , ,470,0,1,6, , , ,2, ,2, ,2, ,2, ,2, ,2, , , , , , , , , , , , , , ,1,2513,"11,1042059719143",5,476.0,"576,4",1,1, ,2,9,14,17,1,0,0,170150121003,1701501210030560505,17015012100305605105,1701501210030560510305,202505,5
1,170150,170150,65,1,1,3,2,23,7,10,10,6,2, ,5,7,3, , , ,6,2,132250,1,1, , , ,40, ,1,2,1,10,7, , , , , , , , , ,5610,9412,2, ,3,1,2,2,2,2,2,2,2,2,2,2,2,1,1,3,3,1,1,40, , , , , , , , , , , ,5, , , , ,220,0,1,60, , , ,2, ,2, ,2, ,2, ,2, ,2, , , , , , , , , , , , , , ,1,2512,"176,410097012622",4,280.0,200,3,1, ,1,9,9,17,1,0,0,170150259305,1701502593050650104,17015025930506501104,1701502593050650110304,202504,4
1,170150,170150,66,5,1,4,2,23,3,10,10,6,1,2, ,9,3, ,2, ,6,1, ,4,2,12,2, , , , , , , , , ,11, ,9, ,3, , , , , , , , , , , , , , , , , , , , , , , , , , , , , , , , , , , , , , ,5, , , , , , , , , , , ,2, ,2, ,2, ,2, ,2, ,2, , , , , , , , , , , , , , ,1,2511,"22,7729237020738",5,0.0,522,9, , , , , ,17,1,0,0,170150263203,1701502632030660508,17015026320306605108,1701502632030660510408,202508,8
1,170150,170150,52,6,1,2,2,27,3,10,10,6,2, ,5,8,3, ,1,20910902,6,1, ,3,1, , , ,60, ,1,4, , , , , , , , , , , , ,5610,5131,2, ,3,2,2,2,2,2,2,2,2,2,2,2,0,1,1,4,2,1,1,60, , , , , , , , , , , ,5, , , , ,300,0,2, , , , ,2, ,2, ,1,50,2, ,2, ,2, , , , , , , , , , , , , , ,1,2512,"18,6367280475927",5,300.0,410,4,1, ,1,5,9,17,1,0,0,170150060401,1701500604010520601,17015006040105206101,1701500604010520610201,202501,1
1,170159,170159,65,6,1,1,1,22,1,10,10,6,2, ,3,7,3, , , ,1,1, ,1,1, , , ,40, ,1,4, , , , , , , , , , , , ,4752,5223,2, ,3,1,2,2,2,1,2,2,2,2,2,2,2,1,1,3,1,1,1,40, , , , , , , , , , , ,5, , , , ,470,0,1,65, , , ,2, ,2, ,1,150,2, ,2, ,2, , , , , , , , , , , , , , ,1,1711,"66,4695906360665",4,535.0,685,1,1, ,1,5,7,17,6,0,0,170159000604,1701590006040650604,17015900060406506104,1701590006040650610104,202504,4
1,170150,170150,55,7,1,3,1,28,3,10,10,6,2, ,5,7,3, , , ,1,1, ,1,1, , , ,40, ,1,4, , , , , , , , , , , , ,4781,5211,6,2, , , , , , , , , , , , ,2,6,1,1,3,2,1,40, , , , , , , , , , , ,5,700,1,60,400, , , , , , , ,2, ,2, ,2, ,2, ,2, ,2, , , , , , , , , , , , , , ,1,2512,"117,96518163141",4,360.0,"393,333333333333",4,1, ,2,5,7,17,1,0,0,170150392303,1701503923030550702,17015039230305507102,1701503923030550710302,202502,2
1,170150,170150,56,5,1,2,2,27,2,10,10,5,2, ,11,5,7,1, , ,6,1, ,1,1, , , ,30,1, ,3,1,10,7, , , , , , , , , ,4799,9520,6,2, , , , , , , , , , , , ,10,3,1,1,3,2,1,30, , , , , , , , , , , ,5,100,2, ,25, , , , , , , ,2, ,2, ,2, ,2, ,1,55,2, , , , , , , , , , , , , , ,1,2513,"32,5445018210963",3,75.0,45,2,1, ,2,9,7,17,1,1,1,170150219701,1701502197010560502,17015021970105605102,1701502197010560510202,202502,2
1,170155,170155,75,3,1,3,1,23,3,10,10,6,2, ,3,7,3, , , ,6,1, ,1,2,12,2, , , , , , , , , ,8,52, , , ,2, , , , , , , , , , , , , , , , , , , , , , , , , , , , , , , , , , , , , ,5, , , , , , , , , , , ,2, ,2, ,2, ,2, ,2, ,2, ,2,2,1,1,1,2,2,2,2,2,2,2,8,1,1713,"331,09734691214",4,0.0,"38,75",7, ,1, , , ,17,6,1,1,170155022204,1701550222040750311,17015502220407503111,1701550222040750310311,202511,11
1,170150,170150,65,7,1,3,1,19,3,5,10,6,1,1, ,7,3, , , ,6,1, ,1,2,12,2, , , , , , , , , ,11, ,9, ,3, , , , , , , , , , , , , , , , , , , , , , , , , , , , , , , , , , , , , , ,5, , , , , , , , , , , ,2, ,2, ,2, ,2, ,2, ,2, , , , , , , , , , , , , , ,1,2511,"90,4214373810429",4,0.0,560,9, , , , , ,17,1,0,0,170150216303,1701502163030650704,17015021630306507104,1701502163030650710304,202504,4
1,170150,170150,54,2,1,3,1,27,3,10,10,6,2, ,2,9,5, ,1,30710405,6,2,100150,3,1, , , ,40, ,1,2,1,10,7, , , , , , , , , ,6020,3521,6,2, , , , , , , , , , , , ,2,8,1,1,3,1,1,40, , , , , , , , , , , ,5,990,2, ,0, , , , , , , ,2, ,2, ,2, ,2, ,2, ,2, , , , , , , , , , , , , , ,1,2512,"41,5209671581743",5,990.0,"1106,66666666667",1,1, ,1,3,10,17,1,0,0,170150191803,1701501918030540204,17015019180305402104,1701501918030540210304,202504,4
2,170156,170156,52,4,1,2,1,23,3,10,10,6,2, ,7,7,3, , , ,6,1, ,1,2,12,2, , , , , , , , , ,11, ,11, ,5, , , , , , , , , , , , , , , , , , , , , , , , , , , , , , , , , , , , , , ,5, , , , , , , , , , , ,2, ,2, ,2, ,2, ,2, ,2, , , , , , , , , , , , , , ,1,1723,"82,5435974395762",4,0.0,60,9, , , , , ,17,6,1,0,170156900902,1701569009020520410,17015690090205204110,1701569009020520410210,202510,10
2,170176,170176,52,4,1,4,1,27,3,10,10,6,2, ,3,7,3, , , ,1,1, ,4,1, , , ,40, ,1,2,1,15,1,4, , , , , , , , ,4711,5223,2, ,3,1,2,2,2,2,2,2,2,2,2,2,1,1,1,4,2,1,1,40, , , , , , , , , , , ,5, , , , ,460,0,1,72, , , ,2, ,2, ,2, ,2, ,2, ,2, , , , , , , , , , , , , , ,1,1721,"45,9511127676384",4,532.0,"526,4",1,1, ,1,5,7,17,6,0,0,170176902802,1701769028020520401,17017690280205204101,1701769028020520410401,202501,1
1,170251,170251,51,7,1,3,2,19,3,10,10,6,1,1, ,9,1, ,2, ,6,2,170250,3,2,12,2, , , , , , , , , ,11, ,9, ,3, , , , , , , , , , , , , , , , , , , , , , , , , , , , , , , , , , , , , , ,5, , , , , , , , , , , ,2, ,2, ,2, ,2, ,2, ,2, , , , , , , , , , , , , , ,1,1711,"21,3860480038069",5,0.0,272,9, , , , , ,17,6,0,0,170251006301,1702510063010510703,17025100630105107103,1702510063010510710303,202503,3
1,170150,170150,56,8,1,5,1,22,3,10,10,6,1,1, ,9,4, ,2, ,6,1, ,1,2,12,2, , , , , , , , , ,11, ,9, ,3, , , , , , , , , , , , , , , , , , , , , , , , , , , , , , , , , , , , , , ,5, , , , , , , , , , , ,2, ,2, ,2, ,2, ,2, ,2, , , , , , , , , , , , , , ,1,2511,"33,264609693643",5,0.0,590,9, , , , , ,17,1,0,0,170150098301,1701500983010560805,17015009830105608105,1701500983010560810505,202505,5
1,170156,170156,70,1,1,4,1,19,3,10,10,6,1,1, ,9,1, ,2, ,6,2,170150,2,2,12,2, , , , , , , , , ,11, ,9, ,3, , , , , , , , , , , , , , , , , , , , , , , , , , , , , , , , , , , , , , ,5, , , , , , , , , , , ,2, ,2, ,2, ,2, ,2, ,2, , , , , , , , , , , , , , ,1,1712,"24,3297348131595",5,0.0,"568,5",9, , , , , ,17,6,0,0,170156061702,1701560617020700112,17015606170207001112,1701560617020700110412,202512,12
1,170150,170150,69,7,1,5,2,23,4,1,10,5,2, ,5,7,3, , , ,6,1, ,1,1, , , ,40, ,1,4, , , , , , , , , , , , ,8220,4222,2, ,2,2,2,2,1,2,1,2,2,2,1,1,2,1,1,30,4,1,1,40, , , , , , , , , , , ,1, , , , ,460,60,2, , , , ,2, ,2, ,2, ,2, ,2, ,2, , , , , , , , , , , , , , ,1,2511,"11,409454619677",4,520.0,480,1,1, ,1,4,14,17,1,0,0,170150286101,1701502861010690708,17015028610106907108,1701502861010690710508,202508,8
1,170150,170150,68,4,1,6,1,19,5,10,10,6,1,6, ,9,1, ,2, ,6,1, ,3,2,12,2, , , , , , , , , ,11, ,9, ,3, , , , , , , , , , , , , , , , , , , , , , , , , , , , , , , , , , , , , , ,5, , , , , , , , , , , ,2, ,2, ,2, ,2, ,2, ,2, , , , , , , , , , , , , , ,1,2512,"37,1398392803335",5,0.0,"484,166666666667",9, , , , , ,17,1,0,0,170150264906,1701502649060680410,17015026490606804110,1701502649060680410610,202510,10
1,170150,170150,56,7,1,3,2,23,3,1,10,6,2, ,2,9,5, ,1,30410302,6,1, ,1,1, , , ,40, ,1,4, , , , , , , , , , , , ,4210,1120,2, ,3,1,2,2,1,1,1,2,2,2,1,1,0,1,2, , , ,1,40, , , , , , , , , , , ,1, , , , ,700,70,1,60, , , ,2, ,2, ,2, ,2, ,2, ,2, , , , , , , , , , , , , , ,1,2512,"75,837756156238",5,830.0,266,1,1, ,1,1,6,17,1,0,0,170150326102,1701503261020560702,17015032610205607102,1701503261020560710302,202502,2
1,170150,170150,76,10,1,3,2,27,3,1,10,6,1,6, ,9,4, ,1,30110406,6,1, ,1,1, , , ,20,1, ,4, , , , , , , , , , , , ,8521,2342,2, ,2,2,2,2,1,1,1,2,2,1,1,1,2,1,1,20,1,1,1,20, , , , , , , , , , , ,1, , , , ,400,30,1,15, , , ,2, ,2, ,2, ,2, ,2, ,2, , , , , , , , , , , , , , ,1,2512,"34,4155947961221",5,445.0,375,4,1, ,1,2,16,17,1,0,0,170150357202,1701503572020761012,17015035720207610112,1701503572020761010312,202512,12
1,170150,170150,59,7,1,4,2,19,3,10,10,6,1,1, ,7,3, , , ,1,1, ,2,2,12,2, , , , , , , , , ,11, ,9, ,3, , , , , , , , , , , , , , , , , , , , , , , , , , , , , , , , , , , , , , ,5, , , , , , , , , , , ,2, ,2, ,2, ,2, ,2, ,2, , , , , , , , , , , , , , ,1,2512,"61,3648812222685",4,0.0,127,9, , , , , ,17,1,0,0,170150324802,1701503248020590706,17015032480205907106,1701503248020590710406,202506,6
1,170177,170177,67,3,1,1,1,28,1,10,10,5,2, ,5,5,8,1, , ,6,2,80150,2,1, , , ,50, ,1,4, , , , , , , , , , , , ,5610,9412,2, ,3,1,2,2,1,1,2,2,2,2,2,2,3,1,1,5,2,3,1,50, , , , , , , , , , , ,5, , , , ,470,0,1,80, , , ,2, ,2, ,2, ,2, ,2, ,2, , , , , , , , , , , , , , ,1,1713,"268,291275697011",3,550.0,"137,5",1,1, ,4,9,9,17,6,0,0,170177091903,1701770919030670306,17017709190306703106,1701770919030670310106,202506,6
1,170150,170150,69,1,1,3,1,26,3,10,10,6,2, ,5,7,3, , , ,6,1, ,2,1, , , ,30,1, ,3,1,10,1,4, , , , , , , , ,5320,8321,2, ,3,2,2,2,2,2,2,2,2,2,2,2,5,1,1,6,4,3,1,30, , , , , , , , , , , ,5, , , , ,400,0,2, , , , ,2, ,2, ,2, ,2, ,2, ,2, , , , , , , , , , , , , , ,1,2512,"18,1685180432893",4,400.0,"222,4",2,1, ,4,8,8,17,1,0,0,170150257206,1701502572060690108,17015025720606901108,1701502572060690110308,202508,8
1,170150,170150,57,6,1,3,1,27,3,4,10,6,2, ,11,7,3, , , ,6,1, ,1,1, , , ,40, ,1,4, , , , , , , , , , , , ,8422,210,1, ,1,2,2,2,1,2,1,2,2,2,1,1,8,1,2, , , ,1,40, , , , , , , , , , , ,4, , , , ,950,100,2, , , , ,2, ,2, ,2, ,2, ,2, ,2, , , , , , , , , , , , , , ,1,2512,"87,6607628495422",4,1050.0,"387,5",1,1, ,1,10,15,17,1,0,0,170150344903,1701503449030570605,17015034490305706105,1701503449030570610305,202505,5
1,170150,170150,64,4,1,2,2,18,3,2,10,6,2, ,17,7,3, , , ,6,1, ,1,2,12,2, , , , , , , , , ,8,20, , , ,1,6,20,6920,2411,6, , , , , , , , , , , , , , , , , , , , , , , , , , , , , , , , ,2, , , , , , , , , , , ,2, ,2, ,2, ,2, ,2, ,2, ,2,1,1,1,1,2,2,2,2,2,2,2,5,1,2512,"14,5518466782591",4,0.0,"176,666666666667",7, ,1, , , ,17,1,0,0,170150120203,1701501202030640406,17015012020306404106,1701501202030640410206,202506,6
1,170150,170150,71,10,1,3,2,29,3,1,5,6,2, ,5,9,5, ,1,30410603,6,1, ,3,1, , , ,40, ,1,4, , , , , , , , , , , , ,2100,3331,2, ,2,1,2,1,1,2,1,1,2,1,1,1,8,1,2, , , ,1,40, , , , , , , , , , , ,1, , , , ,1600,200,1,120, , , ,2, ,2, ,2, ,2, ,2, ,2, , , , , , , , , , , , , , ,1,2511,"18,6073590146326",5,1920.0,905,1,1, ,1,3,3,17,1,0,0,170150114803,1701501148030711007,17015011480307110107,1701501148030711010307,202507,7
1,170150,170150,71,3,1,3,1,21,3,4,10,6,1,1, ,7,3, , , ,6,1, ,1,2,12,2, , , , , , , , , ,11, ,9, ,3, , , , , , , , , , , , , , , , , , , , , , , , , , , , , , , , , , , , , , ,5, , , , , , , , , , , ,2, ,2, ,1,300,2, ,2, ,2, , , , , , , , , , , , , , ,1,2512,"26,6671044250605",4,0.0,"283,333333333333",9, , , , , ,17,1,0,0,170150353802,1701503538020710310,17015035380207103110,1701503538020710310310,202510,10
2,170950,170950,52,6,1,3,1,21,3,10,10,6,2, ,3,5,9,1, , ,6,1, ,1,1, , , ,48, ,1,4, , , , , , , , , , , , ,127,6112,4, ,6,1,2,2,2,2,2,2,2,2,2,2,10,11,1,5,3,2,2,40,8,0,150,9211,7, ,10,1,4,3,2,5, , , , ,300,0,1,60, , , ,2, ,2, ,2, ,2, ,2, ,2, , , , , , , , , , , , , , ,1,1721,"58,4978659571565",3,360.0,284,4,1, ,2,6,1,17,6,0,0,170950903601,1709509036010520601,17095090360105206101,1709509036010520610301,202501,1
1,170150,170150,53,8,1,4,2,28,4,1,10,5,2, ,2,9,5, ,1,30330101,6,1, ,4,1, , , ,40, ,1,4, , , , , , , , , , , , ,6910,3342,2, ,2,2,2,2,1,2,1,2,2,2,1,1,4,1,1,12,1,1,1,40, , , , , , , , , , , ,1, , , , ,600,100,2, , , , ,2, ,2, ,2, ,2, ,2, ,2, , , , , , , , , , , , , , ,1,2513,"27,2052132988638",5,700.0,"632,75",1,1, ,1,3,13,17,1,0,0,170150357601,1701503576010530804,17015035760105308104,1701503576010530810404,202504,4
1,170150,170150,51,4,1,3,1,27,3,10,10,6,2, ,3,7,3, , , ,6,1, ,1,1, , , ,16,1, ,3,1,20,1,4, , , , , , , , ,1071,7512,2, ,3,1,2,2,2,2,2,2,2,2,2,2,0,1,1,3,2,1,1,16, , , , , , , , , , , ,5, , , , ,240,0,1,24, , , ,2, ,2, ,2, ,2, ,2, ,2, , , , , , , , , , , , , , ,1,2513,"35,4789091799167",4,264.0,"244,666666666667",2,1, ,1,7,3,17,1,0,0,170150038801,1701500388010510403,17015003880105104103,1701500388010510410303,202503,3
1,170150,170150,63,4,1,3,2,28,3,10,10,6,2, ,3,7,3, , , ,6,1, ,3,2,12,2, , , , , , , , , ,9,4, , , ,1,3,4,5610,5230,2, , , , , , , , , , , , , , , , , , , , , , , , , , , , , , , , ,5, , , , , , , , , , , ,2, ,2, ,2, ,2, ,2, ,2, ,2,2,2,1,1,2,2,2,2,2,2,2,3,1,2512,"37,1310111064226",4,0.0,90,7, ,1, , , ,17,1,1,0,170150287602,1701502876020630402,17015028760206304102,1701502876020630410302,202502,2
1,170150,170150,75,7,1,2,1,25,3,5,10,6,1,6, ,9,5, ,1,30730301,6,1, ,1,2,12,2, , , , , , , , , ,11, ,9, ,3, , , , , , , , , , , , , , , , , , , , , , , , , , , , , , , , , , , , , , ,5, , , , , , , , , , , ,2, ,2, ,2, ,2, ,2, ,2, , , , , , , , , , , , , , ,1,2511,"29,7553723957018",5,0.0,655,9, , , , , ,17,1,0,0,170150166403,1701501664030750711,17015016640307507111,1701501664030750710211,202511,11
1,170150,170150,53,4,1,3,2,25,7,1,10,6,2, ,2,9,4, ,1,31010402,6,1, ,2,1, , , ,40, ,1,4, , , , , , , , , , , , ,7911,2149,2, ,3,2,2,2,1,2,1,2,2,2,1,1,2,1,1,15,1,1,1,40, , , , , , , , , , , ,1, , , , ,800,200,2, , , , ,2, ,2, ,2, ,2, ,2, ,2, , , , , , , , , , , , , , ,1,2511,"36,6732040330408",5,1000.0,"1216,66666666667",1,1, ,1,2,14,17,1,0,0,170150161502,1701501615020530404,17015016150205304104,1701501615020530410304,202504,4
1,170150,170150,57,6,1,4,1,20,3,10,10,6,2, ,13,7,3, , , ,6,1, ,1,2,12,2, , , , , , , , , ,11, ,9, ,6, , , , , , , , , , , , , , , , , , , , , , , , , , , , , , , , , , , , , , ,5, , , , , , , , , , , ,2, ,2, ,2, ,2, ,2, ,2, , , , , , , , , , , , , , ,1,2513,"13,9066081280071",4,0.0,"155,25",9, , , , , ,17,1,0,0,170150395601,1701503956010570605,17015039560105706105,1701503956010570610405,202505,5
1,170150,170150,56,3,1,2,1,29,3,1,10,6,2, ,2,9,4, ,1,30410302,6,1, ,1,1, , , ,40, ,1,3,1,5,2,3, , , , , , , , ,7110,2411,2, ,3,2,2,2,1,1,1,2,2,1,1,1,4,1,2, , , ,1,40, , , , , , , , , , , ,1, , , , ,600,50,1,100, , , ,2, ,2, ,2, ,2, ,2, ,2, , , , , , , , , , , , , , ,1,2511,"14,8674291767321",5,750.0,"312,5",1,1, ,1,2,13,17,1,0,0,170150130202,1701501302020560305,17015013020205603105,1701501302020560310205,202505,5
2,170151,170151,69,2,1,2,2,22,3,1,10,6,2, ,3,7,3, , , ,6,1, ,1,1, , , ,44, ,1,4, , , , , , , , , , , , ,8291,4214,2, ,3,2,2,2,1,2,1,2,2,2,1,1,1,1,1,10,1,1,1,44, , , , , , , , , , , ,1, , , , ,470,44,2, , , , ,2, ,2, ,2, ,2, ,2, ,2, , , , , , , , , , , , , , ,1,1722,"17,4568386019321",4,514.0,477,1,1, ,1,4,14,17,6,0,0,170151901403,1701519014030690208,17015190140306902108,1701519014030690210208,202508,8
2,170450,170450,54,4,1,1,2,29,1,1,10,2,2, ,5,7,3, , , ,6,1, ,1,1, , , ,40, ,1,4, , , , , , , , , , , , ,119,6113,2, ,2,1,2,2,1,1,1,2,2,2,1,1,6,11,2, , , ,1,40, , , , , , , , , , , ,1, , , , ,410,60,1,70, , , ,2, ,2, ,1,120,2, ,2, ,2, , , , , , , , , , , , , , ,1,1721,"45,4024855943464",4,540.0,337,1,1, ,1,6,1,17,6,0,0,170450900902,1704509009020540404,17045090090205404104,1704509009020540410104,202504,4
1,170150,170150,58,5,1,4,1,18,5,10,10,6,2, ,17,7,3, , , ,6,1, ,2,2,12,2, , , , , , , , , ,11, ,9, ,6, , , , , , , , , , , , , , , , , , , , , , , , , , , , , , , , , , , , , , ,5, , , , , , , , , , , ,2, ,2, ,2, ,2, ,2, ,2, , , , , , , , , , , , , , ,1,2513,"97,7869142467334",4,0.0,50,9, , , , , ,17,1,1,1,170150364603,1701503646030580512,17015036460305805112,1701503646030580510412,202512,12
1,170150,170150,74,7,1,1,1,27,1,1,10,5,2, ,5,9,1, ,2, ,6,1, ,2,1, , , ,40, ,1,4, , , , , , , , , , , , ,1040,4321,2, ,2,2,2,2,1,1,1,2,2,2,1,1,2,1,2, , , ,1,40, , , , , , , , , , , ,1, , , , ,500,40,1,12, , , ,2, ,2, ,2, ,2, ,2, ,2, , , , , , , , , , , , , , ,1,2513,"37,1480120980815",5,552.0,184,1,1, ,1,4,3,17,1,0,0,170150318901,1701503189010740710,17015031890107407110,1701503189010740710110,202510,10
1,170150,170150,64,7,1,3,2,29,3,10,10,6,2, ,5,7,3, , , ,6,1, ,1,1, , , ,25,3, ,3,1,20,2,4, , , , , , , , ,4789,5211,6,2, , , , , , , , , , , , ,2,9,1,1,3,2,1,40, , , , , , , , , , , ,5,300,1,30,60, , , , , , , ,2, ,2, ,2, ,2, ,2, ,2, , , , , , , , , , , , , , ,1,2512,"20,9149804532958",4,270.0,"206,666666666667",2,1, ,2,5,7,17,1,0,0,170150243402,1701502434020640706,17015024340206407106,1701502434020640710306,202506,6
1,170156,170156,62,4,1,5,1,27,3,10,10,6,2, ,3,7,3, , , ,6,2,170550,1,1, , , ,32,3, ,1,1,16,7, , , , , , , , , ,2511,7222,2, ,3,2,2,2,2,2,2,2,2,2,2,2,2,1,1,3,2,1,1,40, , , , , , , , , , , ,5, , , , ,250,0,2, , , , ,2, ,2, ,2, ,2, ,2, ,2, , , , , , , , , , , , , , ,1,1712,"72,2635133589943",4,250.0,"310,571428571429",2,1, ,1,7,3,17,6,0,0,170156063702,1701560637020620401,17015606370206204101,1701560637020620410501,202501,1
2,170175,170175,59,5,1,3,1,22,3,1,10,6,2, ,5,5,9,1, , ,6,1, ,2,1, , , ,60, ,1,4, , , , , , , , , , , , ,4620,4321,2, ,2,2,2,2,1,1,1,2,2,2,1,1,0,1,2, , , ,1,60, , , , , , , , , , , ,1, , , , ,416,56,1,30, , , ,2, ,2, ,2, ,2, ,2, ,2, , , , , , , , , , , , , , ,1,1722,"93,5341353447863",3,502.0,"248,4",1,1, ,1,4,7,17,6,0,0,170175902201,1701759022010590506,17017590220105905106,1701759022010590510306,202506,6
1,170150,170150,63,2,1,3,2,20,3,10,10,6,1,1, ,9,1, ,2, ,6,1, ,1,2,12,2, , , , , , , , , ,11, ,8, ,3, , , , , , , , , , , , , , , , , , , , , , , , , , , , , , , , , , , , , , ,5, , , , , , , , , , , ,2, ,2, ,2, ,2, ,2, ,2, , , , , , , , , , , , , , ,1,2513,"105,220966019092",5,0.0,"249,75",9, , , , , ,17,1,0,0,170150062402,1701500624020630205,17015006240206302105,1701500624020630210305,202505,5
1,170150,170150,65,10,1,3,1,23,3,10,10,6,1,1, ,9,3, ,2, ,6,1, ,1,2,12,2, , , , , , , , , ,11, ,9, ,3, , , , , , , , , , , , , , , , , , , , , , , , , , , , , , , , , , , , , , ,5, , , , , , , , , , , ,2, ,2, ,2, ,2, ,2, ,2, , , , , , , , , , , , , , ,3,2512,"1120,41541860031",5,0.0,184,9, , , , , ,17,1,0,0,170150178401,1701501784010651004,17015017840106510104,1701501784010651010304,202504,4
1,170150,170150,71,1,1,5,1,21,4,10,10,5,2, ,5,7,3, , , ,6,1, ,1,1, , , ,50, ,1,4, , , , , , , , , , , , ,4922,8331,2, ,3,2,2,2,2,2,2,2,2,2,2,2,1,3,1,2,4,1,1,50, , , , , , , , , , , ,5, , , , ,200,0,2, , , , ,2, ,2, ,2, ,2, ,2, ,2, , , , , , , , , , , , , , ,1,2512,"35,0639122047546",4,200.0,"75,8333333333333",4,1, ,1,8,8,17,1,1,0,170150103003,1701501030030710110,17015010300307101110,1701501030030710110510,202510,10
1,170950,170950,55,1,1,2,1,22,7,10,10,6,1,3, ,7,3, , , ,6,2,80455,1,1, , , ,40, ,1,4, , , , , , , , , , , , ,4741,5223,2, ,2,2,2,2,2,1,2,2,2,2,2,2,3,1,1,4,2,1,1,40, , , , , , , , , , , ,5, , , , ,470,0,1,2, , , ,2, ,2, ,2, ,2, ,2, ,2, , , , , , , , , , , , , , ,1,1711,"48,025134713134",4,472.0,461,1,1, ,1,5,7,17,6,0,0,170950001001,1709500010010550111,17095000100105501111,1709500010010550110211,202511,11
1,170251,170251,71,10,1,2,2,20,2,10,10,5,2, ,3,7,3, , , ,1,2,150158,2,2,12,2, , , , , , , , , ,11, ,10, ,4, , , , , , , , , , , , , , , , , , , , , , , , , , , , , , , , , , , , , , ,5, , , , , , , , , , , ,2, ,2, ,2, ,2, ,2, ,2, , , , , , , , , , , , , , ,1,1711,"33,731872137177",4,0.0,"198,333333333333",9, , , , , ,17,6,0,0,170251006902,1702510069020711007,17025100690207110107,1702510069020711010207,202507,7
1,170150,170150,64,4,1,3,2,26,3,10,10,6,2, ,2,9,4, ,1,30910401,6,1, ,1,1, , , ,40, ,1,4, , , , , , , , , , , , ,8690,2265,6,2, , , , , , , , , , , , ,1,8,1,1,3,1,1,40, , , , , , , , , , , ,5,600,2, ,0, , , , , , , ,2, ,2, ,2, ,2, ,2, ,2, , , , , , , , , , , , , , ,1,2512,"20,9149804532958",5,600.0,"748,666666666667",1,1, ,1,2,17,17,1,0,0,170150243402,1701502434020640406,17015024340206404106,1701502434020640410306,202506,6
2,170152,170152,40,6,1,3,2,23,3,10,10,6,2, ,5,8,3, ,1,20910301,6,2,170150,1,1, , , ,20,1, ,2,1,20,7, , , , , , , , , ,8620,3221,2, ,3,2,2,2,2,2,2,2,2,2,2,2,0,1,1,3,2,1,1,20, , , , , , , , , , , ,5, , , , ,0,0,2, , , , ,2, ,2, ,2, ,2, ,2, ,2, , , , , , , , , , , , , , ,1,1722,"75,8071339878132",5,0.0,"283,333333333333",2,1, ,1,3,17,17,6,0,0,170152900301,1701529003010400601,17015290030104006101,1701529003010400610301,202501,1
1,170150,170150,59,2,1,2,2,18,2,10,10,5,2, ,3,7,3, , , ,6,3,862,2,1, , , ,40, ,1,4, , , , , , , , , , , , ,5610,9411,7, , , , , , , , , , , , , ,1,4,1,2,3,2,1,40, , , , , , , , , , , ,5, , , , , , , , , , , ,2, ,2, ,2, ,2, ,2, ,2, , , , , , , , , , , , , , ,2,2512,"107,570933735588",4,0.0,100,5,1, ,2,9,9,17,1,0,0,170150284002,1701502840020590203,17015028400205902103,1701502840020590210203,202503,3
1,170150,170150,72,8,1,2,2,20,3,10,10,6,1,1, ,9,1, ,2, ,6,1, ,1,2,12,2, , , , , , , , , ,11, ,9, ,3, , , , , , , , , , , , , , , , , , , , , , , , , , , , , , , , , , , , , , ,5, , , , , , , , , , , ,2, ,2, ,2, ,2, ,2, ,2, , , , , , , , , , , , , , ,1,2511,"37,2437138202866",5,0.0,292,9, , , , , ,17,1,0,0,170150288902,1701502889020720808,17015028890207208108,1701502889020720810208,202508,8
1,170150,170150,65,8,1,4,2,21,3,10,10,6,1,1, ,9,1, ,2, ,6,1, ,1,2,12,2, , , , , , , , , ,11, ,9, ,3, , , , , , , , , , , , , , , , , , , , , , , , , , , , , , , , , , , , , , ,5, , , , , , , , , , , ,2, ,2, ,2, ,2, ,2, ,2, , , , , , , , , , , , , , ,1,2512,"263,112213804454",5,0.0,"61,25",9, , , , , ,17,1,1,0,170150259305,1701502593050650807,17015025930506508107,1701502593050650810407,202507,7
1,170150,170150,56,3,1,3,2,19,3,10,10,6,2, ,3,7,3, , , ,6,1, ,3,2,12,2, , , , , , , , , ,11, ,9, ,4, , , , , , , , , , , , , , , , , , , , , , , , , , , , , , , , , , , , , , ,5, , , , , , , , , , , ,2, ,2, ,2, ,2, ,2, ,2, , , , , , , , , , , , , , ,1,2513,"37,2376063902672",4,0.0,146,9, , , , , ,17,1,0,0,170150100203,1701501002030560302,17015010020305603102,1701501002030560310302,202502,2
1,170150,170150,57,2,1,2,2,25,3,1,10,6,2, ,2,9,5, ,1,30330101,6,1, ,1,1, , , ,40, ,1,4, , , , , , , , , , , , ,8890,2611,2, ,2,2,2,2,1,2,1,2,2,1,1,1,0,1,1,80,1,1,1,40, , , , , , , , , , , ,1, , , , ,470,44,1,100, , , ,2, ,2, ,2, ,2, ,2, ,2, , , , , , , , , , , , , , ,1,2511,"12,1313668027279",5,614.0,"434,25",1,1, ,1,2,17,17,1,0,0,170150196607,1701501966070570208,17015019660705702108,1701501966070570210208,202508,8
2,170168,170168,53,2,1,2,2,24,2,10,10,5,2, ,8,7,3, , , ,6,2,111050,1,1, , , ,40, ,1,4, , , , , , , , , , , , ,127,6112,4, ,6,2,2,2,2,2,2,2,2,2,2,2,3,11,1,4,3,1,1,40, , , , , , , , , , , ,5, , , , ,300,0,2, , , , ,2, ,2, ,2, ,2, ,2, ,2, , , , , , , , , , , , , , ,1,1722,"69,5257836635829",4,300.0,"236,666666666667",4,1, ,1,6,1,17,6,0,0,170168900603,1701689006030530204,17016890060305302104,1701689006030530210204,202504,4
1,170150,170150,59,5,1,1,2,25,1,10,10,5,2, ,3,7,3, , , ,6,2,130350,1,1, , , ,20,9, , , , , , , , , , , , , , ,5610,5120,2, ,3,1,2,2,2,2,2,2,2,2,2,2,0,1,1,2,2,2,1,20, , , , , , , , , , , ,5, , , , ,200,0,1,40, , , ,2, ,2, ,2, ,2, ,2, ,2, , , , , , , , , , , , , , ,1,2513,"35,5428078436208",4,240.0,"173,333333333333",4,1, ,2,5,9,17,1,0,0,170150168601,1701501686010590503,17015016860105905103,1701501686010590510103,202503,3
1,170750,170750,57,5,1,3,1,25,3,10,10,5,2, ,5,7,3, , , ,6,2,220154,5,1, , , ,45, ,1,4, , , , , , , , , , , , ,2511,7412,2, ,3,2,2,2,2,2,2,2,2,2,2,2,3,1,1,3,4,1,1,45, , , , , , , , , , , ,5, , , , ,400,0,2, , , , ,2, ,2, ,2, ,2, ,2, ,2, , , , , , , , , , , , , , ,1,1711,"36,8992023988659",4,400.0,111,4,1, ,1,7,3,17,6,0,0,170750000706,1707500007060570505,17075000070605705105,1707500007060570510305,202505,5
1,170150,170150,65,8,1,1,2,26,1,10,10,4,2, ,11,7,3, , , ,6,1, ,1,2,12,2, , , , , , , , , ,11, ,9, ,4, , , , , , , , , , , , , , , , , , , , , , , , , , , , , , , , , , , , , , ,5, , , , , , , , , , , ,2, ,2, ,2, ,2, ,2, ,2, , , , , , , , , , , , , , ,1,2513,"56,9691075377313",4,0.0, ,9, , , , , ,17,1, , ,170150121005,1701501210050650807,17015012100506508107,1701501210050650810107,202507,7
1,170150,170150,62,3,1,3,1,22,3,10,10,6,1,1, ,9,1, ,2, ,1,1, ,2,2,12,2, , , , , , , , , ,11, ,9, ,3, , , , , , , , , , , , , , , , , , , , , , , , , , , , , , , , , , , , , , ,5, , , , , , , , , , , ,2, ,2, ,2, ,2, ,2, ,2, , , , , , , , , , , , , , ,1,2513,"35,8881137082507",5,0.0,"113,8",9, , , , , ,17,1,0,0,170150110902,1701501109020620304,17015011090206203104,1701501109020620310304,202504,4
1,170150,170150,65,3,1,3,1,25,3,1,10,6,2, ,5,9,4, ,1,30410203,6,1, ,4,1, , , ,20,1, ,4, , , , , , , , , , , , ,1702,3339,2, ,3,2,2,2,1,2,1,2,2,2,1,1,0,9,1,20,1,1,1,20, , , , , , , , , , , ,1, , , , ,400,40,2, , , , ,2, ,2, ,2, ,2, ,2, ,2, , , , , , , , , , , , , , ,1,2511,"29,1103206915201",5,440.0,360,4,1, ,1,3,3,17,1,0,0,170150065705,1701500657050650304,17015006570506503104,1701500657050650310304,202504,4
1,170150,170150,64,2,1,2,2,28,3,10,10,6,2, ,3,7,3, , , ,6,2,100150,4,1, , , ,30,1, ,4, , , , , , , , , , , , ,4922,5112,2, ,3,2,2,2,2,2,2,2,2,2,2,2,1,3,1,2,3,1,1,30, , , , , , , , , , , ,5, , , , ,300,0,2, , , , ,2, ,1,120,2, ,2, ,2, ,2, , , , , , , , , , , , , , ,1,2513,"55,3316911086479",4,300.0,"129,833333333333",4,1, ,1,5,8,17,1,0,0,170150337002,1701503370020640206,17015033700206402106,1701503370020640210206,202506,6
2,170255,170255,57,7,1,1,1,27,1,1,10,6,1,6, ,9,2, ,2, ,6,1, ,1,1, , , ,40, ,1,4, , , , , , , , , , , , ,119,3142,2, ,2,1,2,1,1,1,1,2,2,2,1,1,10,11,2, , , ,1,40, , , , , , , , , , , ,1, , , , ,500,45,1,96, , , ,2, ,2, ,2, ,2, ,2, ,2, , , , , , , , , , , , , , ,1,1722,"80,6036880295048",5,641.0,641,1,1, ,1,3,1,17,6,0,0,170255901102,1702559011020570708,17025590110205707108,1702559011020570710108,202508,8
1,170550,170550,62,3,1,4,1,23,3,10,10,6,1,1, ,9,1, ,2, ,6,1, ,1,2,12,2, , , , , , , , , ,11, ,9, ,3, , , , , , , , , , , , , , , , , , , , , , , , , , , , , , , , , , , , , , ,5, , , , , , , , , , , ,2, ,2, ,2, ,2, ,2, ,2, , , , , , , , , , , , , , ,1,1712,"24,7650028628206",5,0.0,"941,25",9, , , , , ,17,6,0,0,170550039601,1705500396010620301,17055003960106203101,1705500396010620310401,202501,1
1,170150,170150,64,2,1,3,1,22,3,10,10,6,1,3, ,8,2, ,2, ,6,1, ,4,2,12,2, , , , , , , , , ,11, ,9, ,3, , , , , , , , , , , , , , , , , , , , , , , , , , , , , , , , , , , , , , ,5, , , , , , , , , , , ,2, ,2, ,2, ,2, ,2, ,2, , , , , , , , , , , , , , ,1,2513,"49,232009292589",5,0.0,"132,857142857143",9, , , , , ,17,1,0,0,170150337002,1701503370020640203,17015033700206402103,1701503370020640210303,202503,3
2,170155,170155,66,2,1,7,2,24,4,10,10,5,2, ,3,7,3, , , ,6,2,160150,5,1, , , ,40, ,1,4, , , , , , , , , , , , ,3100,9329,2, ,3,2,2,2,2,2,2,2,2,2,2,2,1,1,1,5,2,1,1,40, , , , , , , , , , , ,5, , , , ,250,0,2, , , , ,2, ,2, ,2, ,2, ,2, ,2, , , , , , , , , , , , , , ,1,1722,"76,6401888977579",4,250.0,"192,857142857143",4,1, ,1,9,3,17,6,0,0,170155901102,1701559011020660208,17015590110206602108,1701559011020660210708,202508,8
1,170150,170150,71,7,1,2,2,27,2,10,10,5,2, ,11,7,3, , , ,6,1, ,1,2,12,2, , , , , , , , , ,11, ,2,1, ,2, , , , , , , , , , , , , , , , , , , , , , , , , , , , , , , , , , , , , ,5, , , , , , , , , , , ,2, ,2, ,2, ,2, ,2, ,2, ,2,2,1,1,2,2,2,2,2,2,2,2,8,1,2512,"141,819109327381",4,0.0,30,8, ,1, , , ,17,1,1,1,170150056803,1701500568030710710,17015005680307107110,1701500568030710710210,202510,10
1,170150,170150,47,3,1,4,1,24,5,10,10,6,2, ,11,7,3, , , ,6,1, ,2,2,12,2, , , , , , , , , ,8,12, , , ,1,5,12,3100,7522,2, , , , , , , , , , , , , , , , , , , , , , , , , , , , , , , , ,5, , , , , , , , , , , ,2, ,2, ,2, ,2, ,2, ,2, ,2,2,1,1,1,2,2,2,2,2,2,2,2,1,2512,"104,899580961424",4,0.0,"77,5",7, ,1, , , ,17,1,1,0,170150335001,1701503350010470302,17015033500104703102,1701503350010470310402,202502,2
1,170150,170150,60,4,1,5,2,19,3,10,10,6,2, ,2,8,3, ,1,20910201,6,1, ,5,2,12,2, , , , , , , , , ,8,4, , , ,2, , , , , , , , , , , , , , , , , , , , , , , , , , , , , , , , , , , , , ,5, , , , , , , , , , , ,2, ,2, ,2, ,2, ,2, ,2, ,2,2,2,1,1,2,2,2,2,2,2,2,8,1,2512,"35,1689297984651",5,0.0,385,7, ,1, , , ,17,1,0,0,170150377203,1701503772030600409,17015037720306004109,1701503772030600410509,202509,9
2,170180,170180,56,4,1,3,2,18,3,10,10,6,1,1, ,7,2, , , ,6,2,170150,1,2,12,2, , , , , , , , , ,11, ,9, ,3, , , , , , , , , , , , , , , , , , , , , , , , , , , , , , , , , , , , , , ,5, , , , , , , , , , , ,2, ,2, ,1,4,2, ,2, ,2, , , , , , , , , , , , , , ,1,1722,"59,4230269581409",4,0.0,"323,6",9, , , , , ,17,6,0,0,170180900401,1701809004010560405,17018090040105604105,1701809004010560410305,202505,5
1,170150,170150,70,4,1,3,1,27,3,10,10,6,2, ,3,7,3, , , ,6,1, ,1,2,12,2, , , , , , , , , ,9,52, , , ,2, , , , , , , , , , , , , , , , , , , , , , , , , , , , , , , , , , , , , ,5, , , , , , , , , , , ,2, ,2, ,2, ,2, ,2, ,2, ,2,2,1,1,1,2,2,2,2,2,2,2,8,1,2511,"31,2908730487908",4,0.0,"506,666666666667",7, ,1, , , ,17,1,0,0,170150316003,1701503160030700412,17015031600307004112,1701503160030700410312,202512,12
1,170181,170181,73,6,1,6,2,20,5,10,10,6,1,1, ,9,1, ,2, ,6,1, ,6,2,12,2, , , , , , , , , ,11, ,9, ,3, , , , , , , , , , , , , , , , , , , , , , , , , , , , , , , , , , , , , , ,5, , , , , , , , , , , ,2, ,2, ,1,80,2, ,2, ,2, , , , , , , , , , , , , , ,1,1711,"97,7745973781156",5,0.0,"567,666666666667",9, , , , , ,17,6,0,0,170181110303,1701811103030730609,17018111030307306109,1701811103030730610609,202509,9
1,170150,170150,62,3,1,4,2,23,3,10,10,6,2, ,2,9,5, ,1,30710201,6,1, ,4,1, , , ,32,1, ,2,1,20,1,3, , , , , , , , ,4711,5223,7, , , , , , , , , , , , , ,2,9,1,3,3,1,1,32, , , , , , , , , , , ,5, , , , , , , , , , , ,2, ,2, ,2, ,2, ,2, ,2, , , , , , , , , , , , , , ,1,2513,"20,1115499276435",5,0.0,100,2,1, ,1,5,7,17,1,0,0,170150388601,1701503886010620304,17015038860106203104,1701503886010620310404,202504,4
1,170150,170150,64,4,1,2,2,22,7,10,10,6,1,5, ,9,2, ,2, ,6,2,50150,1,2,12,2, , , , , , , , , ,11, ,9, ,3, , , , , , , , , , , , , , , , , , , , , , , , , , , , , , , , , , , , , , ,5, , , , , , , , , , , ,2, ,2, ,1,300,2, ,2, ,2, , , , , , , , , , , , , , ,1,2511,"24,8076818079707",5,0.0,1180,9, , , , , ,17,1,0,0,170150198801,1701501988010640406,17015019880106404106,1701501988010640410206,202506,6
1,170150,170150,73,7,1,2,1,24,3,10,10,6,1,1, ,9,1, ,2, ,6,1, ,1,2,12,2, , , , , , , , , ,2,1, , , ,2, , , , , , , , , , , , , , , , , , , , , , , , , , , , , , , , , , , , , ,5, , , , , , , , , , , ,2, ,2, ,2, ,2, ,2, ,2, ,2,2,2,1,1,2,2,2,2,2,2,2,8,1,2512,"53,2341138023994",5,0.0,"193,333333333333",7, ,1, , , ,17,1,0,0,170150298003,1701502980030730709,17015029800307307109,1701502980030730710209,202509,9
1,170150,170150,64,8,1,1,2,26,1,1,10,6,1,3, ,9,5, ,1,30720101,6,2,40550,1,1, , , ,40, ,1,4, , , , , , , , , , , , ,8521,2330,2, ,3,2,2,2,1,2,1,2,2,1,1,1,0,1,1,60,1,1,1,40, , , , , , , , , , , ,1, , , , ,550,50,1,15, , , ,2, ,2, ,2, ,2, ,2, ,2, , , , , , , , , , , , , , ,1,2513,"15,1771653654889",5,615.0,615,1,1, ,1,2,16,17,1,0,0,170150175506,1701501755060640803,17015017550606408103,1701501755060640810103,202503,3
1,170184,170184,60,4,1,1,1,28,1,10,10,5,2, ,5,7,3, , , ,1,1, ,2,1, , , ,40, ,1,4, , , , , , , , , , , , ,4520,7231,2, ,2,2,2,2,2,2,2,2,2,2,2,2,2,1,1,5,4,3,1,40, , , , , , , , , , , ,5, , , , ,470,0,2, , , , ,2, ,2, ,2, ,2, ,2, ,2, , , , , , , , , , , , , , ,1,1713,"57,6594064750657",4,470.0,"156,666666666667",1,1, ,4,7,7,17,6,0,0,170184107603,1701841076030600409,17018410760306004109,1701841076030600410109,202509,9
2,170454,170454,62,5,1,3,2,25,3,1,10,5,2, ,5,7,3, , , ,1,1, ,4,1, , , ,40, ,1,4, , , , , , , , , , , , ,119,6113,2, ,2,1,2,1,1,1,1,2,2,2,1,1,5,11,2, , , ,1,40, , , , , , , , , , , ,1, , , , ,470,60,1,85, , , ,2, ,2, ,2, ,2, ,2, ,2, , , , , , , , , , , , , , ,1,1722,"35,0073425925205",4,615.0,"463,6",1,1, ,1,6,1,17,6,0,0,170454024801,1704540248010620504,17045402480106205104,1704540248010620510304,202504,4
1,170150,170150,58,1,1,2,1,20,3,10,10,6,2, ,7,7,3, , , ,6,1, ,1,2,12,2, , , , , , , , , ,11, ,4,1, ,2, , , , , , , , , , , , , , , , , , , , , , , , , , , , , , , , , , , , , ,5, , , , , , , , , , , ,2, ,2, ,1,400,2, ,2, ,2, ,2,2,2,2,1,2,2,2,2,2,2,2,8,1,2512,"28,7099990400014",4,0.0,"301,666666666667",8, ,1, , , ,17,1,0,0,170150286602,1701502866020580103,17015028660205801103,1701502866020580110203,202503,3
1,170150,170150,67,5,1,4,2,22,3,10,10,6,2, ,2,8,3, ,1,20910201,6,1, ,1,2,12,2, , , , , , , , , ,2,52, , , ,2, , , , , , , , , , , , , , , , , , , , , , , , , , , , , , , , , , , , , ,5, , , , , , , , , , , ,2, ,2, ,2, ,2, ,2, ,2, ,2,2,1,1,1,2,2,2,2,2,2,2,8,1,2513,"15,7629077571746",5,0.0,275,7, ,1, , , ,17,1,0,0,170150311802,1701503118020670506,17015031180206705106,1701503118020670510406,202506,6
1,170150,170150,73,5,1,3,2,27,3,1,10,6,2, ,5,7,3, , , ,6,1, ,1,1, , , ,40, ,1,4, , , , , , , , , , , , ,4711,5230,2, ,2,2,2,2,1,2,1,2,2,2,1,1,8,1,2, , , ,1,40, , , , , , , , , , , ,1, , , , ,425,45,2, , , , ,2, ,2, ,2, ,2, ,2, ,2, , , , , , , , , , , , , , ,1,2513,"233,519310325713",4,470.0,236,1,1, ,1,5,7,17,1,0,0,170150288703,1701502887030730512,17015028870307305112,1701502887030730510312,202512,12
2,170355,170355,70,8,1,2,2,29,2,3,10,5,2, ,3,5,7,1, , ,6,2,230150,2,1, , , ,15,1, ,4, , , , , , , , , , , , ,150,9213,7, , , , , , , , , , , , , ,15,10,1,3,3,2,1,15, , , , , , , , , , , ,5, , , , , , , , , , , ,2, ,2, ,2, ,2, ,1,100,2, , , , , , , , , , , , , , ,1,1721,"89,4582511086023",3,0.0,"73,2",5,1, ,2,9,1,17,6,1,0,170355900801,1703559008010700809,17035590080107008109,1703559008010700810209,202509,9
2,170184,170184,40,7,1,3,1,23,3,1,10,6,1,3, ,8,1, ,2, ,6,1, ,3,1, , , ,40, ,1,4, , , , , , , , , , , , ,4210,4321,1, ,3,1,2,1,1,1,1,2,2,2,1,1,0,1,2, , , ,1,40, , , , , , , , , , , ,1, , , , ,561,62,1,95, , , ,2, ,2, ,2, ,2, ,2, ,2, , , , , , , , , , , , , , ,1,1723,"49,6941624891491",5,718.0,"720,75",1,1, ,1,4,6,17,6,0,0,170184905702,1701849057020400701,17018490570204007101,1701849057020400710301,202501,1
2,170175,170175,60,5,1,6,1,21,3,10,10,6,1,1, ,9,3, ,2, ,6,2,170150,2,1, , , ,20,1, ,4, , , , , , , , , , , , ,5510,4224,2, ,3,2,2,2,2,2,2,2,2,2,2,2,1,1,1,4,2,1,1,20, , , , , , , , , , , ,5, , , , ,150,0,2, , , , ,2, ,2, ,2, ,2, ,2, ,2, , , , , , , , , , , , , , ,1,1722,"23,2787867758366",5,150.0,"346,666666666667",4,1, ,1,4,9,17,6,0,0,170175900602,1701759006020600509,17017590060206005109,1701759006020600510609,202509,9
1,170150,170150,64,10,1,3,2,22,3,10,10,5,2, ,3,7,3, , , ,6,1, ,1,2,12,2, , , , , , , , , ,2,8, , , ,1,2,52,4719,5223,2, , , , , , , , , , , , , , , , , , , , , , , , , , , , , , , , ,5, , , , , , , , , , , ,2, ,2, ,2, ,2, ,2, ,2, ,2,2,2,1,1,2,2,2,2,2,2,2,1,1,2512,"9,82788956427418",4,0.0,641,7, ,1, , , ,17,1,0,0,170150179203,1701501792030641003,17015017920306410103,1701501792030641010303,202503,3
1,170150,170150,55,3,1,3,1,19,3,2,10,6,1,1, ,9,1, ,2, ,6,1, ,1,2,12,2, , , , , , , , , ,11, ,8, ,3, , , , , , , , , , , , , , , , , , , , , , , , , , , , , , , , , , , , , , ,2, , , , , , , , , , , ,2, ,2, ,1,800,2, ,2, ,2, , , , , , , , , , , , , , ,1,2511,"23,7421180339748",5,0.0,1030,9, , , , , ,17,1,0,0,170150011701,1701500117010550311,17015001170105503111,1701500117010550310311,202511,11
2,170152,170152,76,7,1,1,2,29,1,10,10,5,2, ,5,7,3, , , ,6,1, ,1,1, , , ,32,1, ,4, , , , , , , , , , , , ,1410,7531,6,2, , , , , , , , , , , , ,4,9,1,1,3,2,1,32, , , , , , , , , , , ,5,240,2, ,0, , , , , , , ,2, ,2, ,2, ,2, ,2, ,2, , , , , , , , , , , , , , ,1,1723,"35,5953589631356",4,240.0,"181,333333333333",4,1, ,2,7,3,17,6,0,0,170152904201,1701529042010760712,17015290420107607112,1701529042010760710112,202512,12
1,170150,170150,66,5,1,3,2,25,3,10,10,6,2, ,3,7,3, , , ,6,1, ,1,2,12,2, , , , , , , , , ,11, ,9, ,4, , , , , , , , , , , , , , , , , , , , , , , , , , , , , , , , , , , , , , ,5, , , , , , , , , , , ,2, ,2, ,1,100,2, ,1,55,2, , , , , , , , , , , , , , ,1,2513,"36,345991631541",4,0.0,94,9, , , , , ,17,1,0,0,170150124503,1701501245030660505,17015012450306605105,1701501245030660510305,202505,5
1,170155,170155,75,8,1,3,2,23,3,10,10,6,1,1, ,9,3, ,2, ,6,1, ,3,2,12,2, , , , , , , , , ,11, ,9, ,3, , , , , , , , , , , , , , , , , , , , , , , , , , , , , , , , , , , , , , ,5, , , , , , , , , , , ,2, ,2, ,1,300,2, ,2, ,2, , , , , , , , , , , , , , ,1,1713,"331,09734691214",5,0.0,"307,5",9, , , , , ,17,6,0,0,170155022204,1701550222040750811,17015502220407508111,1701550222040750810311,202511,11
2,170254,170254,74,5,1,4,1,24,3,10,10,6,2, ,3,7,3, , , ,6,1, ,2,2,12,2, , , , , , , , , ,4,9, , , ,1,2,40,4669,3122,2, , , , , , , , , , , , , , , , , , , , , , , , , , , , , , , , ,5, , , , , , , , , , , ,2, ,2, ,2, ,2, ,2, ,2, ,2,1,1,1,2,2,2,2,2,2,2,2,1,1,1722,"31,8541266312843",4,0.0,238,7, ,1, , , ,17,6,0,0,170254900601,1702549006010740510,17025490060107405110,1702549006010740510410,202510,10
1,170150,170150,59,7,1,2,1,26,2,10,10,5,2, ,11,7,2, , , ,3,3,862,1,1, , , ,48, ,1,4, , , , , , , , , , , , ,4799,9520,6,2, , , , , , , , , , , , ,1,3,1,1,3,2,1,48, , , , , , , , , , , ,5,100,2, ,30, , , , , , , ,2, ,2, ,2, ,2, ,2, ,2, , , , , , , , , , , , , , ,2,2512,"27,869751528798",4,70.0,45,4,1, ,2,9,7,17,1,1,1,170150120201,1701501202010590706,17015012020105907106,1701501202010590710206,202506,6
1,170150,170150,71,8,1,3,1,21,3,10,10,6,1,4, ,9,4, ,2, ,6,2,50150,2,2,12,2, , , , , , , , , ,11, ,9, ,3, , , , , , , , , , , , , , , , , , , , , , , , , , , , , , , , , , , , , , ,5, , , , , , , , , , , ,2, ,2, ,2, ,2, ,2, ,2, , , , , , , , , , , , , , ,1,2511,"47,5712881737474",5,0.0,"436,666666666667",9, , , , , ,17,1,0,0,170150319401,1701503194010710810,17015031940107108110,1701503194010710810310,202510,10
1,170150,170150,67,4,1,2,2,22,3,10,10,6,1,2, ,8,1, ,2, ,6,1, ,2,2,12,2, , , , , , , , , ,11, ,9, ,3, , , , , , , , , , , , , , , , , , , , , , , , , , , , , , , , , , , , , , ,5, , , , , , , , , , , ,2, ,2, ,2, ,2, ,2, ,2, , , , , , , , , , , , , , ,1,2513,"52,4399286350322",5,0.0,70,9, , , , , ,17,1,1,0,170150367904,1701503679040670409,17015036790406704109,1701503679040670410209,202509,9
1,170150,170150,72,6,1,4,1,21,3,10,10,6,1,1, ,9,1, ,2, ,6,1, ,2,2,12,2, , , , , , , , , ,11, ,9, ,3, , , , , , , , , , , , , , , , , , , , , , , , , , , , , , , , , , , , , , ,5, , , , , , , , , , , ,2, ,2, ,2, ,2, ,2, ,2, , , , , , , , , , , , , , ,1,2511,"27,2345643214768",5,0.0,"518,75",9, , , , , ,17,1,0,0,170150092504,1701500925040720608,17015009250407206108,1701500925040720610408,202508,8
1,170185,170185,68,1,1,3,1,24,3,10,10,6,2, ,2,9,5, ,1,30840101,6,2,110150,2,1, , , ,56, ,1,4, , , , , , , , , , , , ,146,2250,2, ,3,1,2,1,2,2,2,2,2,2,2,2,0,1,1,6,1,1,1,56, , , , , , , , , , , ,5, , , , ,600,0,1,150, , , ,2, ,2, ,2, ,2, ,2, ,2, , , , , , , , , , , , , , ,1,1711,"49,6427570824102",5,750.0,"691,666666666667",1,1, ,1,2,1,17,6,0,0,170185104901,1701851049010680107,17018510490106801107,1701851049010680110307,202507,7
1,170150,170150,55,4,1,2,1,22,3,10,10,6,2, ,11,7,3, , , ,6,1, ,1,2,12,2, , , , , , , , , ,8,48, , , ,2, , , , , , , , , , , , , , , , , , , , , , , , , , , , , , , , , , , , , ,5, , , , , , , , , , , ,2, ,2, ,2, ,2, ,2, ,2, ,2,2,1,1,1,2,2,2,2,2,2,2,8,1,2513,"152,873591248145",4,0.0,210,7, ,1, , , ,17,1,0,0,170150388902,1701503889020550411,17015038890205504111,1701503889020550410211,202511,11
1,170150,170150,68,5,1,3,2,20,7,5,10,6,1,1, ,9,3, ,2, ,6,1, ,2,2,12,2, , , , , , , , , ,11, ,9, ,3, , , , , , , , , , , , , , , , , , , , , , , , , , , , , , , , , , , , , , ,5, , , , , , , , , , , ,2, ,2, ,2, ,2, ,2, ,2, , , , , , , , , , , , , , ,1,2511,"59,2336786424762",5,0.0,"1166,66666666667",9, , , , , ,17,1,0,0,170150065101,1701500651010680510,17015006510106805110,1701500651010680510310,202510,10
1,170150,170150,60,8,1,2,2,20,3,5,10,6,1,5, ,9,1, ,2, ,6,1, ,1,2,12,2, , , , , , , , , ,11, ,9, ,3, , , , , , , , , , , , , , , , , , , , , , , , , , , , , , , , , , , , , , ,5, , , , , , , , , , , ,2, ,2, ,2, ,2, ,2, ,2, , , , , , , , , , , , , , ,1,2511,"44,8774116949917",5,0.0,"1153,33333333333",9, , , , , ,17,1,0,0,170150187802,1701501878020600806,17015018780206008106,1701501878020600810206,202506,6
1,170150,170150,56,1,1,3,1,20,3,10,10,6,1,1, ,9,1, ,2, ,6,1, ,3,2,12,2, , , , , , , , , ,11, ,9, ,3, , , , , , , , , , , , , , , , , , , , , , , , , , , , , , , , , , , , , , ,5, , , , , , , , , , , ,2, ,2, ,2, ,2, ,2, ,2, , , , , , , , , , , , , , ,1,2511,"20,3894596736089",5,0.0,"430,75",9, , , , , ,17,1,0,0,170150040502,1701500405020560105,17015004050205601105,1701500405020560110305,202505,5
1,170150,170150,53,7,1,4,2,18,5,10,10,6,2, ,3,7,3, , , ,6,1, ,2,2,12,2, , , , , , , , , ,9,32, , , ,2, , , , , , , , , , , , , , , , , , , , , , , , , , , , , , , , , , , , , ,5, , , , , , , , , , , ,2, ,2, ,2, ,2, ,2, ,2, ,2,2,1,1,1,2,2,2,2,2,2,2,8,1,2513,"94,1107517534688",4,0.0,45,7, ,1, , , ,17,1,1,1,170150352603,1701503526030530701,17015035260305307101,1701503526030530710401,202501,1
2,170165,170165,58,7,1,3,1,20,7,10,10,6,1,6, ,9,1, ,2, ,6,1, ,3,2,12,2, , , , , , , , , ,11, ,9, ,3, , , , , , , , , , , , , , , , , , , , , , , , , , , , , , , , , , , , , , ,5, , , , , , , , , , , ,2, ,2, ,1,250,2, ,2, ,2, , , , , , , , , , , , , , ,1,1723,"10,8121839944334",5,0.0,"128,333333333333",9, , , , , ,17,6,0,0,170165900703,1701659007030580712,17016590070305807112,1701659007030580710312,202512,12
1,170150,170150,59,2,1,2,2,25,2,10,10,5,1,1, ,9,1, ,2, ,6,1, ,1,2,12,2, , , , , , , , , ,11, ,9, ,3, , , , , , , , , , , , , , , , , , , , , , , , , , , , , , , , , , , , , , ,5, , , , , , , , , , , ,2, ,2, ,1,250,2, ,2, ,2, , , , , , , , , , , , , , ,1,2512,"21,8333381366707",5,0.0,423,9, , , , , ,17,1,0,0,170150038702,1701500387020590206,17015003870205902106,1701500387020590210206,202506,6
1,170150,170150,55,6,1,3,2,27,3,5,10,6,2, ,2,9,4, ,1,30310304,6,1, ,3,1, , , ,40, ,1,4, , , , , , , , , , , , ,8890,3343,2, ,3,2,2,2,1,2,2,1,2,2,2,2,3,1,2, , , ,1,40, , , , , , , , , , , ,5, , , , ,870,0,1,150, , , ,2, ,2, ,2, ,2, ,2, ,2, , , , , , , , , , , , , , ,1,2511,"33,5417173911737",5,1020.0,"1276,66666666667",1,1, ,1,3,17,17,1,0,0,170150187501,1701501875010550602,17015018750105506102,1701501875010550610302,202502,2
1,170180,170180,70,1,1,3,1,23,3,10,10,6,2, ,5,7,3, , , ,6,1, ,3,1, , , ,20,1, ,1,1,20,1,4, , , , , , , , ,5911,3521,6,2, , , , , , , , , , , , ,2,9,1,1,3,2,1,20, , , , , , , , , , , ,5,200,2, ,40, , , , , , , ,2, ,2, ,2, ,2, ,2, ,2, , , , , , , , , , , , , , ,1,1713,"104,021621498036",4,160.0,"306,6",2,1, ,2,3,10,17,6,0,0,170180115702,1701801157020700112,17018011570207001112,1701801157020700110312,202512,12
1,170150,170150,74,9,1,6,2,20,7,10,10,6,1,2, ,9,2, ,2, ,6,1, ,1,2,12,2, , , , , , , , , ,11, ,9, ,3, , , , , , , , , , , , , , , , , , , , , , , , , , , , , , , , , , , , , , ,5, , , , , , , , , , , ,2, ,2, ,2, ,2, ,2, ,2, , , , , , , , , , , , , , ,1,2512,"53,6741581469681",5,0.0,68,9, , , , , ,17,1,1,0,170150025401,1701500254010740910,17015002540107409110,1701500254010740910610,202510,10
2,170351,170351,60,4,1,3,2,22,3,10,10,6,1,2, ,9,2, ,2, ,6,1, ,1,2,12,2, , , , , , , , , ,11, ,9, ,3, , , , , , , , , , , , , , , , , , , , , , , , , , , , , , , , , , , , , , ,5, , , , , , , , , , , ,2, ,2, ,1,100,2, ,1,55,2, , , , , , , , , , , , , , ,1,1721,"47,7944367857843",5,0.0,120,9, , , , , ,17,6,0,0,170351901001,1703519010010600406,17035190100106004106,1703519010010600410306,202506,6
1,170150,170150,64,1,1,5,2,23,4,10,10,5,1,6, ,9,3, ,2, ,6,1, ,1,1, , , ,40, ,1,4, , , , , , , , , , , , ,9700,9111,10, ,3,1,2,2,2,2,2,2,2,2,2,2,2,8,1,1, , ,1,40, , , , , , , , , , , ,5, , , , ,400,0,1,150, , , ,2, ,2, ,2, ,2, ,2, ,2, , , , , , , , , , , , , , ,1,2513,"49,232009292589",5,550.0,133,1,1, ,3,9,20,17,1,0,0,170150337002,1701503370020640103,17015033700206401103,1701503370020640110503,202503,3
1,170150,170150,66,2,1,2,2,28,2,10,10,5,2, ,11,7,3, , , ,6,1, ,2,2,12,2, , , , , , , , , ,11, ,9, ,4, , , , , , , , , , , , , , , , , , , , , , , , , , , , , , , , , , , , , , ,5, , , , , , , , , , , ,2, ,2, ,2, ,2, ,2, ,2, , , , , , , , , , , , , , ,1,2512,"187,250204790518",4,0.0,"91,5",9, , , , , ,17,1,1,0,170150359603,1701503596030660208,17015035960306602108,1701503596030660210208,202508,8
2,170151,170151,51,3,1,3,2,28,3,10,10,6,2, ,17,9,4, ,2, ,6,1, ,3,1, , , ,10,1, ,4, , , , , , , , , , , , ,9311,5230,2, ,3,2,2,2,2,2,2,2,2,2,2,2,1,1,1,3,4,3,1,10, , , , , , , , , , , ,5, , , , ,80,0,2, , , , ,2, ,2, ,2, ,2, ,2, ,2, , , , , , , , , , , , , , ,1,1723,"15,0551857037258",5,80.0,"211,142857142857",4,1, ,4,5,18,17,6,0,0,170151900501,1701519005010510303,17015190050105103103,1701519005010510310303,202503,3
1,170150,170150,69,6,1,3,2,19,3,10,10,6,1,6, ,7,3, , , ,6,1, ,3,2,12,2, , , , , , , , , ,11, ,9, ,3, , , , , , , , , , , , , , , , , , , , , , , , , , , , , , , , , , , , , , ,5, , , , , , , , , , , ,2, ,2, ,2, ,2, ,2, ,2, , , , , , , , , , , , , , ,1,2513,"118,012852064429",4,0.0,"353,333333333333",9, , , , , ,17,1,0,0,170150025102,1701500251020690611,17015002510206906111,1701500251020690610311,202511,11
1,170150,170150,71,2,1,4,2,25,4,10,10,5,1,3, ,8,2, ,2, ,4,1, ,2,2,12,2, , , , , , , , , ,11, ,9, ,3, , , , , , , , , , , , , , , , , , , , , , , , , , , , , , , , , , , , , , ,5, , , , , , , , , , , ,2, ,2, ,2, ,2, ,2, ,2, , , , , , , , , , , , , , ,1,2512,"134,055071132702",5,0.0,"231,25",9, , , , , ,17,1,0,0,170150056803,1701500568030710207,17015005680307102107,1701500568030710210407,202507,7
1,170150,170150,63,8,1,3,2,29,3,10,10,5,1,1, ,7,3, , , ,6,1, ,3,1, , , ,8,3, ,3,1,32,3,1, , , , , , , , ,6920,4414,6,2, , , , , , , , , , , , ,4,9,1,1,2,2,1,17, , , , , , , , , , , ,5,80,2, ,40, , , , , , , ,2, ,2, ,1,140,2, ,2, ,2, , , , , , , , , , , , , , ,1,2512,"169,210102105483",4,40.0,"145,7",2,1, ,2,4,13,17,1,0,0,170150234001,1701502340010630805,17015023400106308105,1701502340010630810305,202505,5
1,170150,170150,75,1,1,3,1,20,3,10,10,6,1,1, ,9,1, ,2, ,6,1, ,1,2,12,2, , , , , , , , , ,11, ,9, ,3, , , , , , , , , , , , , , , , , , , , , , , , , , , , , , , , , , , , , , ,5, , , , , , , , , , , ,2, ,2, ,2, ,2, ,2, ,2, , , , , , , , , , , , , , ,3,2512,"330,993702599896",5,0.0,270,9, , , , , ,17,1,0,0,170150361701,1701503617010750111,17015036170107501111,1701503617010750110311,202511,11
1,170151,170151,65,8,1,2,1,27,2,1,5,5,2, ,2,9,4, ,1,30210402,6,2,170150,1,1, , , ,70, ,1,4, , , , , , , , , , , , ,5110,5111,2, ,2,1,1,1,1,1,1,1,2,2,1,1,2,3,2, , , ,1,70, , , , , , , , , , , ,1, , , , ,1800,168,1,1000, , , ,2, ,2, ,2, ,2, ,2, ,2, , , , , , , , , , , , , , ,1,1712,"19,9011551153904",5,2968.0,"1438,75",1,1, ,1,5,8,17,6,0,0,170151004003,1701510040030650807,17015100400306508107,1701510040030650810207,202507,7
1,170250,170250,53,2,1,2,1,26,3,1,10,6,1,2, ,8,3, ,2, ,6,1, ,1,1, , , ,20,7, ,4, , , , , , , , , , , , ,4759,5223,2, ,3,2,2,2,1,2,1,2,2,2,1,1,2,1,1,3,2,1,1,20, , , , , , , , , , , ,1, , , , ,250,20,2, , , , ,2, ,2, ,2, ,2, ,2, ,2, , , , , , , , , , , , , , ,1,1711,"23,1400741532846",5,270.0,102,4,1, ,1,5,7,17,6,0,0,170250000201,1702500002010530201,17025000020105302101,1702500002010530210201,202501,1
1,170180,170180,72,4,1,1,2,28,1,10,10,6,2, ,3,7,3, , , ,6,1, ,1,1, , , ,20,1, ,2,2, , , , , , , , , , , ,7310,3118,2, ,3,2,2,2,2,2,2,2,2,2,2,2,0,1,1,4,2,1,1,20, , , , , , , , , , , ,5, , , , ,150,0,2, , , , ,2, ,2, ,1,150,2, ,2, ,2, , , , , , , , , , , , , , ,1,1713,"914,604765602963",4,150.0,"111,25",4,1, ,1,3,13,17,6,0,0,170180105303,1701801053030720408,17018010530307204108,1701801053030720410108,202508,8
1,170150,170150,66,2,1,3,1,27,9,1,10,6,2, ,5,7,3, , , ,6,2,130650,1,1, , , ,40, ,1,4, , , , , , , , , , , , ,5610,5131,2, ,2,1,2,2,1,2,1,2,2,2,1,1,10,1,1,8,2,1,1,40, , , , , , , , , , , ,1, , , , ,470,50,1,60, , , ,2, ,2, ,2, ,2, ,2, ,2, , , , , , , , , , , , , , ,1,2511,"32,3265043842086",4,580.0,"328,571428571429",1,1, ,1,5,9,17,1,0,0,170150254402,1701502544020660205,17015025440206602105,1701502544020660210305,202505,5
1,170150,170150,73,2,1,3,1,22,3,1,10,6,2, ,17,9,5, ,2, ,6,1, ,2,2,12,2, , , , , , , , , ,11, ,9, ,3, , , , , , , , , , , , , , , , , , , , , , , , , , , , , , , , , , , , , , ,1, , , , , , , , , , , ,2, ,2, ,2, ,2, ,2, ,2, , , , , , , , , , , , , , ,1,2511,"16,4540019856835",5,0.0,"1876,66666666667",9, , , , , ,17,1,0,0,170150141902,1701501419020730209,17015014190207302109,1701501419020730210309,202509,9
1,170150,170150,70,6,1,3,1,24,5,10,10,6,2, ,2,9,5, ,1,30530205,6,1, ,3,1, , , ,40, ,1,2,1,3,7, , , , , , , , , ,3510,2149,6,2, , , , , , , , , , , , ,0,8,1,1,3,1,1,40, , , , , , , , , , , ,5,650,2, ,0, , , , , , , ,2, ,2, ,2, ,2, ,2, ,2, , , , , , , , , , , , , , ,1,2512,"26,809707626363",5,650.0,350,1,1, ,1,2,4,17,1,0,0,170150265502,1701502655020700612,17015026550207006112,1701502655020700610312,202512,12
1,170150,170150,67,5,1,2,2,23,2,10,10,1,2, ,15,7,3, , , ,6,2,50150,2,2,12,2, , , , , , , , , ,11, ,9, ,4, , , , , , , , , , , , , , , , , , , , , , , , , , , , , , , , , , , , , , ,5, , , , , , , , , , , ,2, ,2, ,2, ,2, ,2, ,2, , , , , , , , , , , , , , ,1,2513,"52,4399286350322",4,0.0,"281,666666666667",9, , , , , ,17,1,0,0,170150367904,1701503679040670509,17015036790406705109,1701503679040670510209,202509,9
2,170184,170184,72,3,1,3,2,23,3,10,10,6,2, ,3,7,3, , , ,6,1, ,2,1, , , ,20,1, ,2,1,20,7, , , , , , , , , ,4752,5223,2, ,2,2,2,2,2,2,2,2,2,2,2,2,1,1,1,3,3,2,1,20, , , , , , , , , , , ,5, , , , ,250,0,2, , , , ,2, ,2, ,2, ,2, ,2, ,2, , , , , , , , , , , , , , ,1,1723,"18,9847010458335",4,250.0,200,2,1, ,2,5,7,17,6,0,0,170184904501,1701849045010720308,17018490450107203108,1701849045010720310308,202508,8
1,170150,170150,40,4,1,2,1,22,3,10,10,6,1,5, ,7,3, , , ,6,2,50150,1,2,12,2, , , , , , , , , ,11, ,9, ,3, , , , , , , , , , , , , , , , , , , , , , , , , , , , , , , , , , , , , , ,5, , , , , , , , , , , ,2, ,2, ,2, ,2, ,2, ,2, , , , , , , , , , , , , , ,1,2512,"25,0171379876682",4,0.0,130,9, , , , , ,17,1,0,0,170150380905,1701503809050400401,17015038090504004101,1701503809050400410201,202501,1
1,170150,170150,62,5,1,3,1,29,3,1,10,6,1,6, ,9,4, ,1,30410102,6,1, ,1,1, , , ,40, ,1,4, , , , , , , , , , , , ,4772,3313,2, ,2,1,2,1,1,2,1,2,2,2,1,1,2,1,2, , , ,1,40, , , , , , , , , , , ,1, , , , ,1000,100,1,130, , , ,2, ,2, ,2, ,2, ,2, ,2, , , , , , , , , , , , , , ,1,2511,"21,2483351803938",5,1230.0,"398,666666666667",1,1, ,1,3,7,17,1,0,0,170150273502,1701502735020620504,17015027350206205104,1701502735020620510304,202504,4
1,170150,170150,70,3,1,3,1,26,3,2,10,6,2, ,2,9,4, ,1,30910409,6,1, ,2,1, , , ,40, ,1,4, , , , , , , , , , , , ,8690,2267,6,2, , , , , , , , , , , , ,2,8,1,1,2,1,1,40, , , , , , , , , , , ,2,470,2, ,0, , , , , , , ,2, ,2, ,2, ,2, ,2, ,2, , , , , , , , , , , , , , ,1,2511,"19,4782677305202",5,470.0,"313,333333333333",1,1, ,1,2,17,17,1,0,0,170150170601,1701501706010700312,17015017060107003112,1701501706010700310312,202512,12
2,170172,170172,58,2,1,2,1,19,3,10,10,6,2, ,11,5,8,1, , ,6,1, ,1,1, , , ,10,3, ,1,1,20,7, , , , , , , , , ,114,6111,4, ,6,2,2,2,2,2,2,2,2,2,2,2,4,11,1,5,3,2,1,20, , , , , , , , , , , ,5, , , , ,160,0,2, , , , ,2, ,2, ,2, ,2, ,2, ,2, , , , , , , , , , , , , , ,1,1721,"26,2624049742023",3,160.0,"201,333333333333",2,1, ,2,6,1,17,6,0,0,170172901302,1701729013020580212,17017290130205802112,1701729013020580210212,202512,12
1,170150,170150,55,5,1,4,2,18,3,10,10,6,2, ,3,5,7,1, , ,6,1, ,2,2,12,2, , , , , , , , , ,11, ,8, ,4, , , , , , , , , , , , , , , , , , , , , , , , , , , , , , , , , , , , , , ,5, , , , , , , , , , , ,2, ,2, ,2, ,2, ,2, ,2, , , , , , , , , , , , , , ,1,2512,"38,7519842450567",3,0.0,"59,1111111111111",9, , , , , ,17,1,1,0,170150262101,1701502621010550511,17015026210105505111,1701502621010550510411,202511,11
1,170150,170150,70,6,1,3,1,19,3,10,10,6,2, ,17,7,3, , , ,6,1, ,1,2,12,2, , , , , , , , , ,11, ,9, ,3, , , , , , , , , , , , , , , , , , , , , , , , , , , , , , , , , , , , , , ,5, , , , , , , , , , , ,2, ,2, ,2, ,2, ,2, ,2, , , , , , , , , , , , , , ,1,2512,"188,031168873502",4,0.0,"299,2",9, , , , , ,17,1,0,0,170150334201,1701503342010700609,17015033420107006109,1701503342010700610309,202509,9
1,170184,170184,60,5,1,4,1,29,7,10,10,6,2, ,2,9,4, ,1,30410301,6,1, ,1,2,12,2, , , , , , , , , ,2,4, , , ,1,2,4,8412,3343,1, , , , , , , , , , , , , , , , , , , , , , , , , , , , , , , , ,5, , , , , , , , , , , ,2, ,2, ,2, ,2, ,2, ,2, ,2,2,1,1,1,2,2,2,2,2,2,2,1,1,1713,"57,6594064750657",5,0.0,501,7, ,1, , , ,17,6,0,0,170184107603,1701841076030600509,17018410760306005109,1701841076030600510409,202509,9
1,170185,170185,72,1,1,4,1,22,3,10,10,6,2, ,5,7,3, , , ,6,2,40153,1,1, , , ,30,1, ,1,1,10,1,4, , , , , , , , ,5224,9333,6,2, , , , , , , , , , , , ,3,4,1,1,3,2,2,24,6,0,9000,2656,6,2,8,1,1,3,2,5,250,2, ,0, , , , ,40,2, ,2, ,2, ,2, ,2, ,2, ,2, , , , , , , , , , , , , , ,1,1711,"105,213591612716",4,290.0,"257,5",2,1, ,2,9,8,17,6,0,0,170185104904,1701851049040720108,17018510490407201108,1701851049040720110408,202508,8
1,170150,170150,64,8,1,2,2,20,3,10,10,6,1,1, ,9,2, ,2, ,6,1, ,1,2,12,2, , , , , , , , , ,11, ,9, ,3, , , , , , , , , , , , , , , , , , , , , , , , , , , , , , , , , , , , , , ,5, , , , , , , , , , , ,2, ,2, ,2, ,2, ,2, ,2, , , , , , , , , , , , , , ,1,2512,"26,9126696588648",5,0.0,117,9, , , , , ,17,1,0,0,170150366604,1701503666040640806,17015036660406408106,1701503666040640810206,202506,6
1,170150,170150,70,8,1,3,1,26,3,10,10,6,2, ,2,9,4, ,1,30310403,6,1, ,1,2,12,2, , , , , , , , , ,8,12, , , ,1,5,12,6201,3322,2, , , , , , , , , , , , , , , , , , , , , , , , , , , , , , , , ,5, , , , , , , , , , , ,2, ,2, ,2, ,2, ,2, ,2, ,2,2,1,1,1,2,2,2,2,2,2,2,2,1,2512,"19,4341386727711",5,0.0,305,7, ,1, , , ,17,1,0,0,170150265502,1701502655020700809,17015026550207008109,1701502655020700810309,202509,9
1,170155,170155,66,10,1,4,2,19,3,10,10,6,1,2, ,7,2, , , ,6,1, ,1,2,12,2, , , , , , , , , ,11, ,9, ,3, , , , , , , , , , , , , , , , , , , , , , , , , , , , , , , , , , , , , , ,5, , , , , , , , , , , ,2, ,2, ,2, ,2, ,2, ,2, , , , , , , , , , , , , , ,1,1713,"208,823946814335",4,0.0,"95,6",9, , , , , ,17,6,0,0,170155041503,1701550415030661005,17015504150306610105,1701550415030661010405,202505,5
1,170150,170150,68,8,1,4,1,26,7,10,10,6,2, ,5,7,3, , , ,6,1, ,1,1, , , ,30,1, ,3,1,20,4,4, , , , , , , , ,1071,5223,2, ,4,2,2,2,2,2,2,2,2,2,2,2,0,1,1,4,4,1,1,30, , , , , , , , , , , ,5, , , , ,180,0,2, , , , ,2, ,2, ,2, ,2, ,2, ,2, , , , , , , , , , , , , , ,1,2512,"36,3971657895785",4,180.0,190,2,1, ,1,5,3,17,1,0,0,170150238304,1701502383040680807,17015023830406808107,1701502383040680810407,202507,7
1,170150,170150,53,2,1,4,1,24,3,1,10,6,1,1, ,9,2, ,2, ,6,1, ,1,1, , , ,20,1, ,4, , , , , , , , , , , , ,6201,3512,2, ,2,2,2,2,1,2,1,2,2,2,1,1,2,1,1,15,1,1,1,20, , , , , , , , , , , ,1, , , , ,1000,45,2, , , , ,2, ,2, ,2, ,2, ,2, ,2, , , , , , , , , , , , , , ,1,2512,"22,8172501411668",5,1045.0,1260,1,1, ,1,3,10,17,1,0,0,170150254504,1701502545040530201,17015025450405302101,1701502545040530210401,202501,1
1,170150,170150,55,7,1,3,1,20,7,10,10,6,1,5, ,9,1, ,2, ,6,1, ,1,2,12,2, , , , , , , , , ,11, ,9, ,3, , , , , , , , , , , , , , , , , , , , , , , , , , , , , , , , , , , , , , ,5, , , , , , , , , , , ,2, ,2, ,1,200,2, ,2, ,2, , , , , , , , , , , , , , ,1,2511,"135,352560775239",5,0.0,"431,666666666667",9, , , , , ,17,1,0,0,170150157601,1701501576010550711,17015015760105507111,1701501576010550710311,202511,11
1,170150,170150,40,5,1,3,1,20,3,10,10,6,2, ,5,7,3, , , ,6,1, ,4,1, , , ,32,8, ,1,1,8,7, , , , , , , , , ,9529,7531,6,2, , , , , , , , , , , , ,1,4,1,1,3,2,1,38, , , , , , , , , , , ,5,320,2, ,15, , , , , , , ,2, ,2, ,2, ,2, ,2, ,2, , , , , , , , , , , , , , ,1,2513,"35,6465098938959",4,305.0,192,2,1, ,2,7,19,17,1,0,0,170150148401,1701501484010400501,17015014840104005101,1701501484010400510301,202501,1
1,170150,170150,51,2,1,3,2,25,3,10,10,6,1,1, ,9,3, ,2, ,6,2,40150,2,2,12,2, , , , , , , , , ,11, ,9, ,3, , , , , , , , , , , , , , , , , , , , , , , , , , , , , , , , , , , , , , ,5, , , , , , , , , , , ,2, ,2, ,2, ,2, ,2, ,2, , , , , , , , , , , , , , ,1,2511,"37,4269318429892",5,0.0,834,9, , , , , ,17,1,0,0,170150043302,1701500433020510203,17015004330205102103,1701500433020510210303,202503,3
1,170150,170150,59,6,1,3,2,23,3,10,10,6,2, ,2,8,3, ,1,20711001,6,1, ,4,2,12,2, , , , , , , , , ,8,1, , , ,2, , , , , , , , , , , , , , , , , , , , , , , , , , , , , , , , , , , , , ,5, , , , , , , , , , , ,2, ,2, ,2, ,2, ,2, ,2, ,2,2,1,1,1,2,2,2,2,2,2,2,8,1,2513,"38,8653193246919",5,0.0,94,7, ,1, , , ,17,1,0,0,170150168601,1701501686010590606,17015016860105906106,1701501686010590610306,202506,6
1,170150,170150,62,8,1,3,1,25,3,1,10,5,2, ,5,7,3, , , ,6,1, ,1,1, , , ,40, ,1,4, , , , , , , , , , , , ,6110,7422,2, ,2,2,2,2,1,1,1,2,2,2,1,1,1,1,2, , , ,1,40, , , , , , , , , , , ,1, , , , ,877,43,1,4, , , ,2, ,2, ,2, ,2, ,2, ,2, , , , , , , , , , , , , , ,1,2512,"29,2041218042876",4,924.0,"340,285714285714",1,1, ,1,7,10,17,1,0,0,170150016306,1701500163060620801,17015001630606208101,1701500163060620810301,202501,1
1,170150,170150,67,7,1,4,1,19,7,10,10,6,2, ,3,5,8,1, , ,6,1, ,1,1, , , ,40, ,1,4, , , , , , , , , , , , ,4520,7212,2, ,3,1,2,1,2,1,2,2,2,2,2,2,1,1,1,2,3,2,1,40, , , , , , , , , , , ,5, , , , ,160,0,1,95, , , ,2, ,2, ,2, ,2, ,2, ,2, , , , , , , , , , , , , , ,1,2513,"78,2874101819497",3,255.0,"169,166666666667",4,1, ,2,7,7,17,1,0,0,170150389001,1701503890010670709,17015038900106707109,1701503890010670710409,202509,9
1,170150,170150,58,5,1,4,1,29,3,1,10,6,2, ,3,7,3, , , ,6,2,60250,5,1, , , ,40, ,1,4, , , , , , , , , , , , ,1709,8143,2, ,2,1,2,1,1,1,1,2,2,2,1,1,3,1,2, , , ,1,40, , , , , , , , , , , ,1, , , , ,700,72,1,210, , , ,2, ,2, ,2, ,2, ,2, ,2, , , , , , , , , , , , , , ,1,2512,"19,2096378012814",4,982.0,242,1,1, ,1,8,3,17,1,0,0,170150337903,1701503379030580503,17015033790305805103,1701503379030580510403,202503,3
2,170184,170184,72,3,1,2,1,25,7,10,10,6,2, ,2,9,5, ,1,30310402,6,2,230150,1,2,12,2, , , , , , , , , ,11, ,9, ,4, , , , , , , , , , , , , , , , , , , , , , , , , , , , , , , , , , , , , , ,5, , , , , , , , , , , ,2, ,2, ,2, ,2, ,2, ,2, , , , , , , , , , , , , , ,2,1723,"15,1648238198001",5,0.0,300,9, , , , , ,17,6,0,0,170184901601,1701849016010720308,17018490160107203108,1701849016010720310208,202508,8
1,170150,170150,72,4,1,2,1,25,3,10,10,6,2, ,3,7,3, , , ,6,1, ,1,1, , , ,20,1, ,3,1,20,7, , , , , , , , , ,4100,9313,4, ,6,2,2,2,2,2,2,2,2,2,2,2,4,2,1,3,4,3,1,20, , , , , , , , , , , ,5, , , , ,400,0,2, , , , ,2, ,2, ,2, ,2, ,2, ,2, , , , , , , , , , , , , , ,1,2513,"43,3284092607879",4,400.0,225,2,1, ,4,9,6,17,1,0,0,170150090803,1701500908030720411,17015009080307204111,1701500908030720410211,202511,11
1,170550,170550,64,10,1,3,1,20,7,6,10,6,2, ,17,7,3, , , ,6,3,862,2,2,12,2, , , , , , , , , ,11, ,9, ,6, , , , , , , , , , , , , , , , , , , , , , , , , , , , , , , , , , , , , , ,5, , , , , , , , , , , ,2, ,2, ,2, ,2, ,2, ,2, , , , , , , , , , , , , , ,1,1712,"85,5121516818852",4,0.0,"92,5",9, , , , , ,17,6,0,0,170550038404,1705500384040641003,17055003840406410103,1705500384040641010303,202503,3
1,170150,170150,57,2,1,3,2,23,3,1,10,6,1,5, ,9,5, ,1,30330101,6,1, ,1,1, , , ,40, ,1,4, , , , , , , , , , , , ,8423,2611,1, ,3,2,2,2,1,2,1,2,2,1,1,1,0,1,2, , , ,1,40, , , , , , , , , , , ,1, , , , ,650,100,1,100, , , ,2, ,2, ,2, ,2, ,2, ,2, , , , , , , , , , , , , , ,1,2511,"13,6517437459299",5,850.0,"1483,33333333333",1,1, ,1,2,15,17,1,0,0,170150187101,1701501871010570205,17015018710105702105,1701501871010570210305,202505,5
1,170550,170550,57,5,1,4,2,23,3,1,10,6,2, ,2,9,4, ,1,30410603,6,2,60250,2,1, , , ,32,8, ,4, , , , , , , , , , , , ,5229,3331,2, ,3,2,2,2,1,1,1,2,2,2,1,1,0,1,1,15,1,1,1,40, , , , , , , , , , , ,1, , , , ,800,70,1,5, , , ,2, ,2, ,2, ,2, ,2, ,2, , , , , , , , , , , , , , ,1,1712,"32,4637365762689",5,875.0,1559,1,1, ,1,3,8,17,6,0,0,170550040701,1705500407010570505,17055004070105705105,1705500407010570510405,202505,5
1,170150,170150,71,1,1,5,1,18,7,10,10,6,2, ,3,7,3, , , ,6,1, ,2,2,12,2, , , , , , , , , ,11, ,8, ,6, , , , , , , , , , , , , , , , , , , , , , , , , , , , , , , , , , , , , , ,5, , , , , , , , , , , ,2, ,2, ,2, ,2, ,2, ,2, , , , , , , , , , , , , , ,1,2513,"121,832325989729",4,0.0,"207,2",9, , , , , ,17,1,0,0,170150219803,1701502198030710107,17015021980307101107,1701502198030710110507,202507,7
1,170150,170150,57,5,1,2,2,28,2,1,10,1,2, ,5,7,3, , , ,6,1, ,2,1, , , ,42, ,5,4, , , , , , , , , , , , ,4921,5112,2, ,2,2,2,2,1,2,1,2,2,2,1,1,7,1,2, , , ,1,60, , , , , , , , , , , ,1, , , , ,470,48,2, , , , ,2, ,2, ,2, ,2, ,2, ,2, , , , , , , , , , , , , , ,1,2512,"51,1658928351624",4,518.0,306,1,1, ,1,5,8,17,1,0,0,170150386202,1701503862020570505,17015038620205705105,1701503862020570510205,202505,5
1,170155,170155,64,3,1,4,2,22,3,10,10,6,1,2, ,7,3, , , ,6,1, ,2,2,12,2, , , , , , , , , ,11, ,9, ,3, , , , , , , , , , , , , , , , , , , , , , , , , , , , , , , , , , , , , , ,5, , , , , , , , , , , ,2, ,2, ,2, ,2, ,2, ,2, , , , , , , , , , , , , , ,1,1713,"27,7126827830153",4,0.0,"279,25",9, , , , , ,17,6,0,0,170155020703,1701550207030640306,17015502070306403106,1701550207030640310406,202506,6
1,170150,170150,71,5,1,2,1,28,3,10,10,6,1,6, ,9,5, ,1,30330101,6,1, ,2,1, , , ,30,1, ,1,1,15,1,4, , , , , , , , ,6910,2611,6,2, , , , , , , , , , , , ,3,9,1,1,3,1,1,30, , , , , , , , , , , ,5,450,2, ,100, , , , , , , ,2, ,2, ,2, ,2, ,2, ,2, , , , , , , , , , , , , , ,1,2511,"42,353373895478",5,350.0,"361,75",2,1, ,1,2,13,17,1,0,0,170150308603,1701503086030710507,17015030860307105107,1701503086030710510207,202507,7
1,170150,170150,59,4,1,2,2,26,3,1,10,6,2, ,2,8,3, ,1,20410304,6,1, ,2,1, , , ,40, ,1,4, , , , , , , , , , , , ,9312,3313,2, ,2,2,2,2,1,2,1,2,2,2,1,1,3,1,1,5,2,1,1,40, , , , , , , , , , , ,1, , , , ,470,60,2, , , , ,2, ,2, ,2, ,2, ,2, ,2, , , , , , , , , , , , , , ,1,2511,"59,4257115957585",5,530.0,265,1,1, ,1,3,18,17,1,0,0,170150249203,1701502492030590406,17015024920305904106,1701502492030590410206,202506,6
1,170175,170175,56,5,1,2,1,27,3,1,10,6,1,6, ,9,1, ,2, ,6,2,230150,1,1, , , ,32,8, ,4, , , , , , , , , , , , ,5320,4321,2, ,2,2,2,2,1,1,1,2,2,2,1,1,2,1,2, , , ,1,40, , , , , , , , , , , ,1, , , , ,470,50,1,6, , , ,2, ,2, ,2, ,2, ,2, ,2, , , , , , , , , , , , , , ,1,1713,"82,0813004007267",5,526.0,616,1,1, ,1,4,8,17,6,0,0,170175087203,1701750872030560505,17017508720305605105,1701750872030560510205,202505,5
1,170150,170150,71,7,1,3,2,27,3,1,5,6,2, ,2,9,5, ,1,30330101,6,1, ,2,1, , , ,40, ,1,2,1,10,7, , , , , , , , , ,6419,4211,2, ,2,2,2,2,1,1,1,1,2,1,1,1,2,1,2, , , ,1,40, , , , , , , , , , , ,1, , , , ,425,60,1,80, , , ,2, ,2, ,2, ,2, ,2, ,2, , , , , , , , , , , , , , ,1,2512,"26,5331323259439",5,565.0,"332,6",1,1, ,1,4,11,17,1,0,0,170150103701,1701501037010710710,17015010370107107110,1701501037010710710310,202510,10
1,170150,170150,52,1,1,1,1,27,1,10,10,6,2, ,2,9,4, ,1,30210105,6,2,230150,1,1, , , ,20,1, ,1,1,20,7, , , , , , , , , ,7310,3521,2, ,3,2,2,2,2,2,2,2,2,2,2,2,2,1,1,5,2,1,1,20, , , , , , , , , , , ,5, , , , ,470,0,2, , , , ,2, ,2, ,2, ,2, ,2, ,2, , , , , , , , , , , , , , ,1,2511,"26,6743170307383",5,470.0,"513,333333333333",2,1, ,1,3,13,17,1,0,0,170150129910,1701501299100520110,17015012991005201110,1701501299100520110110,202510,10
1,170155,170155,70,5,1,3,2,18,3,10,10,6,2, ,13,7,3, , , ,6,1, ,2,2,12,2, , , , , , , , , ,11, ,7,1, ,2, , , , , , , , , , , , , , , , , , , , , , , , , , , , , , , , , , , , , ,5, , , , , , , , , , , ,2, ,2, ,2, ,2, ,2, ,2, ,2,2,2,2,1,2,2,2,2,2,2,2,8,1,1713,"42,3311558690458",4,0.0,256,8, ,1, , , ,17,6,0,0,170155039102,1701550391020700512,17015503910207005112,1701550391020700510312,202512,12
1,170150,170150,66,5,1,5,1,19,3,10,10,6,2, ,11,7,3, , , ,6,1, ,4,1, , , ,40, ,1,4, , , , , , , , , , , , ,4530,5223,2, ,3,1,2,2,2,2,2,2,2,2,2,2,1,1,1,5,1,1,1,40, , , , , , , , , , , ,5, , , , ,470,0,1,60, , , ,2, ,2, ,2, ,2, ,2, ,2, , , , , , , , , , , , , , ,1,2511,"22,7729237020738",4,530.0,522,1,1, ,1,5,7,17,1,0,0,170150263203,1701502632030660508,17015026320306605108,1701502632030660510508,202508,8
1,170150,170150,47,2,1,4,1,27,3,10,10,6,1,1, ,8,2, ,2, ,6,1, ,3,2,12,2, , , , , , , , , ,11, ,9, ,3, , , , , , , , , , , , , , , , , , , , , , , , , , , , , , , , , , , , , , ,5, , , , , , , , , , , ,2, ,2, ,2, ,2, ,2, ,2, , , , , , , , , , , , , , ,1,2511,"21,9112158068699",5,0.0,390,9, , , , , ,17,1,0,0,170150041603,1701500416030470202,17015004160304702102,1701500416030470210402,202502,2
1,170150,170150,57,2,1,1,1,23,1,1,10,1,1,6, ,8,3, ,1,20710303,6,1, ,2,1, , , ,32,8, ,4, , , , , , , , , , , , ,3510,3113,1, ,1,2,2,2,1,1,1,2,2,2,1,1,3,1,2, , , ,1,40, , , , , , , , , , , ,1, , , , ,750,70,1,30, , , ,2, ,2, ,2, ,2, ,2, ,2, , , , , , , , , , , , , , ,1,2513,"60,1782164407612",5,850.0,"283,333333333333",1,1, ,1,3,4,17,1,0,0,170150367903,1701503679030570205,17015036790305702105,1701503679030570210105,202505,5
2,170850,170850,69,1,1,5,2,21,9,10,10,6,2, ,3,5,7,1, , ,3,2,80455,2,2,12,2, , , , , , , , , ,11, ,9, ,4, , , , , , , , , , , , , , , , , , , , , , , , , , , , , , , , , , , , , , ,5, , , , , , , , , , , ,2, ,2, ,2, ,2, ,2, ,2, , , , , , , , , , , , , , ,1,1721,"250,055218974984",3,0.0,"115,6",9, , , , , ,17,6,0,0,170850901502,1708509015020690111,17085090150206901111,1708509015020690110511,202511,11
1,170150,170150,58,5,1,2,2,27,3,1,10,6,2, ,2,8,3, ,1,20910301,6,2,180850,1,1, , , ,40, ,1,1,1,15,1,4, , , , , , , , ,8610,3221,2, ,3,2,2,2,1,2,1,2,2,2,1,1,2,1,1,6,1,1,1,40, , , , , , , , , , , ,1, , , , ,470,45,2, , , , ,2, ,2, ,2, ,2, ,2, ,2, , , , , , , , , , , , , , ,1,2513,"18,5364705970129",5,515.0,"367,5",1,1, ,1,3,17,17,1,0,0,170150223105,1701502231050580503,17015022310505805103,1701502231050580510203,202503,3
2,170184,170184,69,4,1,2,2,22,2,1,10,5,2, ,5,7,3, , , ,6,2,130450,2,1, , , ,40, ,1,4, , , , , , , , , , , , ,5610,5131,2, ,3,2,2,2,1,2,1,2,2,2,1,1,2,1,2, , , ,1,40, , , , , , , , , , , ,1, , , , ,450,45,2, , , , ,2, ,2, ,2, ,2, ,2, ,2, , , , , , , , , , , , , , ,1,1723,"44,8869973324937",4,495.0,"529,5",1,1, ,1,5,9,17,6,0,0,170184904201,1701849042010690408,17018490420106904108,1701849042010690410208,202508,8
1,170251,170251,60,4,1,4,2,21,3,10,10,6,1,1, ,9,2, ,2, ,6,2,170150,1,2,12,2, , , , , , , , , ,11, ,9, ,3, , , , , , , , , , , , , , , , , , , , , , , , , , , , , , , , , , , , , , ,5, , , , , , , , , , , ,2, ,2, ,2, ,2, ,2, ,2, , , , , , , , , , , , , , ,1,1711,"44,4134866494841",5,0.0,372,9, , , , , ,17,6,0,0,170251006301,1702510063010600406,17025100630106004106,1702510063010600410406,202506,6
1,170155,170155,51,3,1,2,2,28,5,10,10,6,2, ,3,7,3, , , ,6,1, ,2,2,12,2, , , , , , , , , ,2,20, , , ,1,1,20,4759,5230,2, , , , , , , , , , , , , , , , , , , , , , , , , , , , , , , , ,5, , , , , , , , , , , ,2, ,2, ,2, ,2, ,2, ,2, ,2,2,2,1,1,2,2,2,2,2,2,2,4,1,1711,"36,5999815514371",4,0.0,59,7, ,1, , , ,17,6,1,0,170155040401,1701550404010510303,17015504040105103103,1701550404010510310203,202503,3
1,170150,170150,62,6,1,1,2,29,1,10,10,6,2, ,2,9,5, ,1,30910301,6,1, ,1,2,12,2, , , , , , , , , ,9,8, , , ,1,5,8,8620,2221,1, , , , , , , , , , , , , , , , , , , , , , , , , , , , , , , , ,5, , , , , , , , , , , ,2, ,1,270,1,50,2, ,2, ,2, ,2,2,1,1,1,2,2,2,2,2,2,2,2,1,2513,"103,248525545851",5,0.0,160,7, ,1, , , ,17,1,0,0,170150344501,1701503445010620601,17015034450106206101,1701503445010620610101,202501,1
1,170156,170156,60,2,1,4,2,19,3,10,10,6,1,5, ,7,3, , , ,6,1, ,4,2,12,2, , , , , , , , , ,11, ,9, ,3, , , , , , , , , , , , , , , , , , , , , , , , , , , , , , , , , , , , , , ,5, , , , , , , , , , , ,2, ,2, ,2, ,2, ,2, ,2, , , , , , , , , , , , , , ,1,1712,"43,9727021631882",4,0.0,"1482,5",9, , , , , ,17,6,0,0,170156061704,1701560617040600209,17015606170406002109,1701560617040600210409,202509,9
1,170150,170150,74,5,1,3,2,29,3,1,10,6,2, ,2,9,4, ,1,30310403,6,2,50150,2,1, , , ,40, ,1,4, , , , , , , , , , , , ,8530,2634,2, ,2,2,2,2,1,2,1,2,2,2,1,1,6,1,2, , , ,1,40, , , , , , , , , , , ,1, , , , ,600,60,2, , , , ,2, ,2, ,2, ,2, ,2, ,2, , , , , , , , , , , , , , ,1,2513,"15,3834651678224",5,660.0,495,1,1, ,1,2,16,17,1,0,0,170150011402,1701500114020740510,17015001140207405110,1701500114020740510310,202510,10
1,170150,170150,52,7,1,3,1,23,3,10,10,6,1,3, ,8,1, ,2, ,6,1, ,3,1, , , ,22,2, ,3,1,20,1,4, , , , , , , , ,3290,7317,2, ,3,2,2,2,2,2,2,2,2,2,2,2,0,1,1,5,4,3,1,22, , , , , , , , , , , ,5, , , , ,80,0,2, , , , ,2, ,2, ,2, ,2, ,2, ,2, , , , , , , , , , , , , , ,1,2513,"14,2304560736531",5,80.0,66,2,1, ,4,7,3,17,1,1,0,170150176103,1701501761030520710,17015017610305207110,1701501761030520710310,202510,10
1,170184,170184,51,7,1,1,1,27,1,1,10,5,2, ,5,7,3, , , ,6,1, ,2,1, , , ,40, ,1,4, , , , , , , , , , , , ,8010,5414,2, ,2,2,2,2,1,2,1,2,2,2,1,1,8,1,1,50,1,1,1,40, , , , , , , , , , , ,1, , , , ,500,50,2, , , , ,2, ,2, ,2, ,2, ,2, ,2, , , , , , , , , , , , , , ,1,1713,"187,595099303475",4,550.0,275,1,1, ,1,5,14,17,6,0,0,170184107603,1701841076030510703,17018410760305107103,1701841076030510710103,202503,3
2,170175,170175,71,5,1,3,2,23,7,10,10,6,2, ,2,8,3, ,1,11020301,6,1, ,1,2,12,2, , , , , , , , , ,2,24, , , ,2, , , , , , , , , , , , , , , , , , , , , , , , , , , , , , , , , , , , , ,5, , , , , , , , , , , ,2, ,2, ,2, ,2, ,2, ,2, ,2,2,2,1,1,2,2,2,2,2,2,2,8,1,1722,"27,9357526825906",5,0.0,295,7, ,1, , , ,17,6,0,0,170175901801,1701759018010710510,17017590180107105110,1701759018010710510310,202510,10
1,170155,170155,73,3,1,3,1,29,3,1,10,6,2, ,2,8,3, ,1,20610402,7,2,170150,1,1, , , ,40, ,1,4, , , , , , , , , , , , ,6201,3512,2, ,3,2,2,2,1,2,1,2,2,2,1,1,4,1,1,25,1,1,1,40, , , , , , , , , , , ,1, , , , ,940,45,2, , , , ,2, ,2, ,2, ,2, ,2, ,2, , , , , , , , , , , , , , ,1,1713,"57,0666071483021",5,985.0,"978,333333333333",1,1, ,1,3,10,17,6,0,0,170155020903,1701550209030730309,17015502090307303109,1701550209030730310309,202509,9
1,170150,170150,69,7,1,3,1,23,3,4,10,6,1,1, ,9,2, ,2, ,6,1, ,3,2,12,2, , , , , , , , , ,2,48, , , ,1,5,48,8550,2359,2, , , , , , , , , , , , , , , , , , , , , , , , , , , , , , , , ,5, , , , , , , , , , , ,2, ,2, ,2, ,2, ,2, ,2, ,2,1,1,1,1,2,2,2,2,2,2,2,2,1,2511,"16,2290139168545",5,0.0,370,7, ,1, , , ,17,1,0,0,170150002605,1701500026050690708,17015000260506907108,1701500026050690710308,202508,8
1,170150,170150,63,8,1,3,2,29,3,1,10,6,1,1, ,9,4, ,1,30110501,6,1, ,2,1, , , ,20,1, ,1,1,20,7, , , , , , , , , ,8521,2341,2, ,2,2,2,2,1,2,1,2,2,2,1,1,4,1,1,20,1,1,1,20, , , , , , , , , , , ,1, , , , ,470,45,2, , , , ,2, ,2, ,2, ,2, ,2, ,2, , , , , , , , , , , , , , ,1,2511,"24,6138491162617",5,515.0,305,2,1, ,1,2,16,17,1,0,0,170150313503,1701503135030630802,17015031350306308102,1701503135030630810302,202502,2
1,170150,170150,72,4,1,2,2,24,2,10,10,5,2, ,8,7,2, , , ,6,3,862,1,2,12,2, , , , , , , , , ,11, ,9, ,4, , , , , , , , , , , , , , , , , , , , , , , , , , , , , , , , , , , , , , ,5, , , , , , , , , , , ,2, ,2, ,2, ,2, ,2, ,2, , , , , , , , , , , , , , ,1,2512,"1658,50999011802",4,0.0,"79,3333333333333",9, , , , , ,17,1,1,0,170150338302,1701503383020720411,17015033830207204111,1701503383020720410211,202511,11
1,170251,170251,60,4,1,3,2,28,3,10,10,6,1,6, ,10,1, ,1,30910205,6,1, ,1,1, , , ,40, ,1,4, , , , , , , , , , , , ,8610,2211,6,2, , , , , , , , , , , , ,1,8,1,1,3,1,1,40, , , , , , , , , , , ,5,800,2, ,60, , , , , , , ,2, ,2, ,2, ,2, ,2, ,2, , , , , , , , , , , , , , ,1,1711,"43,5928679236486",5,740.0,1334,1,1, ,1,2,17,17,6,0,0,170251006301,1702510063010600409,17025100630106004109,1702510063010600410309,202509,9
1,170150,170150,73,2,1,3,2,19,3,10,10,6,1,2, ,7,3, , , ,6,1, ,1,2,12,2, , , , , , , , , ,11, ,9, ,3, , , , , , , , , , , , , , , , , , , , , , , , , , , , , , , , , , , , , , ,5, , , , , , , , , , , ,2, ,2, ,2, ,2, ,2, ,2, , , , , , , , , , , , , , ,1,2512,"90,0786873406686",4,0.0,"246,25",9, , , , , ,17,1,0,0,170150273803,1701502738030730212,17015027380307302112,1701502738030730210312,202512,12
1,170150,170150,55,7,1,3,1,21,3,1,10,6,2, ,5,7,3, , , ,6,1, ,1,1, , , ,40, ,1,4, , , , , , , , , , , , ,8010,5414,2, ,2,2,2,2,1,2,1,2,2,2,1,1,2,1,2, , , ,1,40, , , , , , , , , , , ,1, , , , ,425,45,2, , , , ,2, ,2, ,2, ,2, ,2, ,2, , , , , , , , , , , , , , ,1,2513,"51,9677965263019",4,470.0,"513,333333333333",1,1, ,1,5,14,17,1,0,0,170150364403,1701503644030550702,17015036440305507102,1701503644030550710302,202502,2
1,170150,170150,69,6,1,2,2,29,2,1,10,5,2, ,5,7,3, , , ,6,1, ,2,1, , , ,40, ,1,4, , , , , , , , , , , , ,4719,5223,2, ,3,2,2,2,1,2,1,2,2,2,1,1,2,1,2, , , ,1,40, , , , , , , , , , , ,1, , , , ,470,44,2, , , , ,2, ,2, ,2, ,2, ,2, ,2, , , , , , , , , , , , , , ,1,2511,"42,0953360963143",4,514.0,"146,857142857143",1,1, ,1,5,7,17,1,0,0,170150091603,1701500916030690611,17015009160306906111,1701500916030690610211,202511,11
1,170950,170950,40,3,1,2,1,23,5,10,10,6,2, ,5,7,3, , , ,6,1, ,1,1, , , ,30,3, ,1,1,8,7, , , , , , , , , ,4630,9321,2, ,6,2,2,2,2,2,2,2,2,2,2,2,0,1,1,10,3,2,1,30, , , , , , , , , , , ,5, , , , ,250,0,2, , , , ,2, ,2, ,2, ,2, ,2, ,2, , , , , , , , , , , , , , ,1,1711,"26,584851597187",4,250.0,"152,5",2,1, ,2,9,7,17,6,0,0,170950001102,1709500011020400301,17095000110204003101,1709500011020400310201,202501,1
2,170185,170185,65,6,1,2,2,18,3,10,10,6,1,1, ,7,2, , , ,6,2,50550,2,2,12,2, , , , , , , , , ,11, ,9, ,3, , , , , , , , , , , , , , , , , , , , , , , , , , , , , , , , , , , , , , ,5, , , , , , , , , , , ,2, ,2, ,1,5,2, ,2, ,2, , , , , , , , , , , , , , ,1,1722,"24,7930424329046",4,0.0,"302,5",9, , , , , ,17,6,0,0,170185903201,1701859032010650604,17018590320106506104,1701859032010650610204,202504,4
1,170150,170150,67,2,1,1,1,26,1,1,10,6,2, ,5,8,3, ,1,20710404,6,1, ,1,1, , , ,40, ,1,4, , , , , , , , , , , , ,1811,3114,2, ,2,1,2,1,1,2,1,2,2,2,1,1,2,1,2, , , ,1,40, , , , , , , , , , , ,1, , , , ,420,50,1,80, , , ,2, ,2, ,2, ,2, ,2, ,2, , , , , , , , , , , , , , ,1,2513,"155,568879712471",5,550.0,"183,333333333333",1,1, ,1,3,3,17,1,0,0,170150374401,1701503744010670206,17015037440106702106,1701503744010670210106,202506,6
1,170150,170150,64,2,1,3,2,19,7,10,10,6,1,3, ,7,1, , , ,3,1, ,2,2,12,2, , , , , , , , , ,11, ,9, ,3, , , , , , , , , , , , , , , , , , , , , , , , , , , , , , , , , , , , , , ,5, , , , , , , , , , , ,2, ,2, ,2, ,2, ,2, ,2, , , , , , , , , , , , , , ,1,2513,"91,4357632809366",4,0.0,198,9, , , , , ,17,1,0,0,170150044201,1701500442010640206,17015004420106402106,1701500442010640210306,202506,6
2,170252,170252,73,9,1,3,1,23,3,10,10,5,2, ,3,7,3, , , ,6,1, ,1,1, , , ,40, ,1,1,1,5,7, , , , , , , , , ,119,6113,2, ,3,1,2,2,2,2,2,2,2,2,2,2,1,11,1,60,1,1,1,40, , , , , , , , , , , ,5, , , , ,430,0,1,65, , , ,2, ,2, ,2, ,2, ,2, ,2, , , , , , , , , , , , , , ,1,1721,"34,3684931197245",4,495.0,"252,2",1,1, ,1,6,1,17,6,0,0,170252902202,1702529022020730909,17025290220207309109,1702529022020730910309,202509,9
1,170150,170150,60,8,1,2,1,25,3,10,10,6,1,1, ,8,2, ,2, ,6,1, ,2,1, , , ,32,7, ,4, , , , , , , , , , , , ,7410,3118,2, ,3,2,2,2,2,2,2,2,2,2,2,2,0,1,1,2,2,1,1,32, , , , , , , , , , , ,5, , , , ,250,0,2, , , , ,2, ,2, ,2, ,2, ,2, ,2, , , , , , , , , , , , , , ,1,2513,"44,229725891447",5,250.0,470,4,1, ,1,3,13,17,1,0,0,170150337802,1701503378020600806,17015033780206008106,1701503378020600810206,202506,6
1,170150,170150,55,4,1,3,1,29,3,1,10,6,2, ,2,9,5, ,1,30710102,6,1, ,1,1, , , ,40, ,1,4, , , , , , , , , , , , ,1104,2145,2, ,2,2,2,2,1,1,1,2,2,2,1,1,1,1,2, , , ,1,40, , , , , , , , , , , ,1, , , , ,900,100,1,12, , , ,2, ,2, ,2, ,2, ,2, ,2, , , , , , , , , , , , , , ,1,2512,"54,1737083012138",5,1012.0,"870,666666666667",1,1, ,1,2,3,17,1,0,0,170150262101,1701502621010550402,17015026210105504102,1701502621010550410302,202502,2
1,170150,170150,69,4,1,3,1,24,3,10,10,6,2, ,5,7,3, , , ,6,1, ,2,1, , , ,50, ,1,4, , , , , , , , , , , , ,4923,8322,6,2, , , , , , , , , , , , ,2,3,1,1,3,2,1,50, , , , , , , , , , , ,5,350,1,80,200, , , , , , , ,2, ,2, ,2, ,2, ,2, ,2, , , , , , , , , , , , , , ,1,2512,"18,3929060268677",4,230.0,430,4,1, ,2,8,8,17,1,0,0,170150319602,1701503196020690408,17015031960206904108,1701503196020690410308,202508,8
1,170150,170150,56,5,1,2,2,25,3,1,10,6,1,6, ,7,3, , , ,6,1, ,1,1, , , ,40, ,1,4, , , , , , , , , , , , ,5110,4416,2, ,2,2,2,1,1,1,1,2,2,2,1,1,6,1,2, , , ,1,40, , , , , , , , , , , ,1, , , , ,500,50,1,100, , , ,2, ,2, ,2, ,2, ,2, ,2, , , , , , , , , , , , , , ,1,2512,"26,0884983910434",4,650.0,405,1,1, ,1,4,8,17,1,0,0,170150247403,1701502474030560502,17015024740305605102,1701502474030560510202,202502,2
1,170150,170150,57,4,1,3,1,23,3,1,10,6,2, ,5,7,3, , , ,6,1, ,1,1, , , ,40, ,1,4, , , , , , , , , , , , ,4649,5223,2, ,3,2,2,2,1,1,1,2,2,2,1,1,2,1,1,30,1,1,1,40, , , , , , , , , , , ,1, , , , ,420,55,1,15, , , ,2, ,2, ,2, ,2, ,2, ,2, , , , , , , , , , , , , , ,1,2513,"21,5597012697633",4,490.0,"407,5",1,1, ,1,5,7,17,1,0,0,170150072102,1701500721020570405,17015007210205704105,1701500721020570410305,202505,5
1,170150,170150,59,2,1,4,1,22,3,10,10,6,1,1, ,9,1, ,2, ,6,1, ,4,2,12,2, , , , , , , , , ,11, ,9, ,3, , , , , , , , , , , , , , , , , , , , , , , , , , , , , , , , , , , , , , ,5, , , , , , , , , , , ,2, ,2, ,2, ,2, ,2, ,2, , , , , , , , , , , , , , ,1,2511,"26,5955498078169",5,0.0,"518,75",9, , , , , ,17,1,0,0,170150279903,1701502799030590203,17015027990305902103,1701502799030590210403,202503,3
1,170150,170150,73,1,1,2,1,20,3,10,10,6,2, ,13,7,3, , , ,6,2,130350,1,1, , , ,24,1, ,2,1,20,4,4, , , , , , , , ,1313,3118,2, ,3,2,2,2,2,2,2,2,2,2,2,2,0,1,1,2,3,2,1,24, , , , , , , , , , , ,5, , , , ,75,0,2, , , , ,2, ,2, ,2, ,2, ,2, ,2, , , , , , , , , , , , , , ,1,2511,"17,6981484232737",4,75.0,125,2,1, ,2,3,3,17,1,0,0,170150000401,1701500004010730112,17015000040107301112,1701500004010730110212,202512,12
1,170150,170150,62,10,1,3,1,26,3,1,10,6,2, ,2,8,3, ,1,20410304,6,1, ,2,1, , , ,58, ,1,4, , , , , , , , , , , , ,4772,5223,2, ,2,2,2,2,1,1,1,2,2,2,1,1,8,1,2, , , ,2,48,10,0,4719,5221,6,2,9,1,2,3,1,1, , , , ,1600,250,1,4,500,2, ,2, ,2, ,2, ,2, ,2, ,2, , , , , , , , , , , , , , ,1,2512,"70,3021125731598",5,2354.0,1593,1,1, ,1,5,7,17,1,0,0,170150074703,1701500747030621001,17015007470306210101,1701500747030621010301,202501,1
1,170150,170150,64,2,1,1,2,27,1,1,10,2,1,3, ,9,2, ,2, ,6,1, ,1,1, , , ,30,1, ,4, , , , , , , , , , , , ,9499,4222,2, ,2,2,2,2,1,2,1,2,2,1,1,1,1,1,1,60,1,1,1,30, , , , , , , , , , , ,1, , , , ,330,30,1,10, , , ,2, ,2, ,1,60,2, ,2, ,2, , , , , , , , , , , , , , ,1,2513,"37,2454193821753",5,370.0,219,4,1, ,1,4,19,17,1,0,0,170150350002,1701503500020640206,17015035000206402106,1701503500020640210106,202506,6
2,170355,170355,70,5,1,3,2,18,3,10,10,6,1,1, ,7,3, , , ,6,2,230151,2,2,5, , ,5,7, ,4, , , , , , , , , , , , ,5610,9412,7, , , , , , , , , , , , , ,3,9,1,2,3,2,1,5, , , , , , , , , , , ,5, , , , , , , , , , , ,2, ,2, ,2, ,2, ,2, ,2, , , , , , , , , , , , , , ,1,1721,"115,68323504015",4,0.0,"265,5",5,1, ,2,9,9,17,6,0,0,170355900801,1703559008010700512,17035590080107005112,1703559008010700510312,202512,12
1,170150,170150,56,5,1,2,2,25,2,1,10,5,2, ,5,7,3, , , ,6,2,100150,1,1, , , ,32,8, ,4, , , , , , , , , , , , ,5610,1412,2, ,3,1,2,1,1,1,1,2,2,1,1,1,0,1,2, , , ,1,40, , , , , , , , , , , ,1, , , , ,600,50,1,200, , , ,2, ,2, ,2, ,2, ,2, ,2, , , , , , , , , , , , , , ,1,2511,"20,3894596736089",4,850.0,"583,333333333333",1,1, ,1,1,9,17,1,0,0,170150040502,1701500405020560505,17015004050205605105,1701500405020560510205,202505,5
1,170150,170150,62,6,1,3,1,20,3,10,10,6,2, ,17,7,3, , , ,6,1, ,1,1, , , ,16,1, ,4, , , , , , , , , , , , ,3320,9629,7, , , , , , , , , , , , , ,2,8,1,2,3,1,1,16, , , , , , , , , , , ,5, , , , , , , , , , , ,2, ,2, ,2, ,2, ,2, ,2, , , , , , , , , , , , , , ,1,2512,"70,3021125731598",4,0.0,"51,25",5,1, ,1,9,3,17,1,1,0,170150074703,1701500747030620601,17015007470306206101,1701500747030620610301,202501,1
2,170171,170171,59,4,1,5,1,22,3,1,10,6,2, ,5,7,3, , , ,6,1, ,2,1, , , ,40, ,1,4, , , , , , , , , , , , ,5223,9331,2, ,3,2,2,1,1,1,1,2,2,2,1,1,1,1,2, , , ,1,40, , , , , , , , , , , ,1, , , , ,410,60,1,35, , , ,2, ,2, ,2, ,2, ,2, ,2, , , , , , , , , , , , , , ,1,1721,"65,2995200753452",4,505.0,"239,75",1,1, ,1,9,8,17,6,0,0,170171900501,1701719005010590403,17017190050105904103,1701719005010590410503,202503,3
1,170150,170150,59,6,1,3,1,29,3,10,10,6,1,6, ,9,4, ,2, ,6,1, ,2,1, , , ,28,1, ,4, , , , , , , , , , , , ,6910,9621,2, ,3,2,2,2,2,2,2,2,2,2,2,2,4,1,1,4,1,1,1,28, , , , , , , , , , , ,5, , , , ,200,0,2, , , , ,2, ,2, ,2, ,2, ,2, ,2, , , , , , , , , , , , , , ,1,2513,"28,9658894847284",5,200.0,"142,666666666667",4,1, ,1,9,13,17,1,0,0,170150024903,1701500249030590606,17015002490305906106,1701500249030590610306,202506,6
2,170151,170151,68,8,1,5,1,26,4,1,10,5,2, ,11,7,3, , , ,6,1, ,1,1, , , ,40, ,1,4, , , , , , , , , , , , ,5621,8332,2, ,3,1,2,2,1,1,1,2,2,1,1,1,1,1,1,8,2,1,1,40, , , , , , , , , , , ,1, , , , ,470,45,1,79, , , ,2, ,2, ,2, ,2, ,2, ,2, , , , , , , , , , , , , , ,1,1722,"62,866531985941",4,594.0,"183,428571428571",1,1, ,1,8,9,17,6,0,0,170151901402,1701519014020680810,17015190140206808110,1701519014020680810510,202510,10
2,170350,170350,40,3,1,4,1,28,3,10,10,6,2, ,3,7,3, , , ,6,1, ,1,1, , , ,16,8, ,2,1,30,4,4, , , , , , , , ,4799,9520,6,2, , , , , , , , , , , , ,3,3,1,1,3,2,1,40, , , , , , , , , , , ,5,200,2, ,100, , , , , , , ,2, ,2, ,2, ,2, ,2, ,2, , , , , , , , , , , , , , ,1,1722,"38,3114396176256",4,100.0,"122,5",2,1, ,2,9,7,17,6,0,0,170350900504,1703509005040400301,17035090050404003101,1703509005040400310401,202501,1
1,170150,170150,73,6,1,4,1,27,5,10,10,6,2, ,5,9,2, ,2, ,6,1, ,2,1, , , ,30,1, ,2,1,10,1,4, , , , , , , , ,6820,3334,6,2, , , , , , , , , , , , ,5,8,1,1,3,1,1,30, , , , , , , , , , , ,5,600,2, ,0, , , , , , , ,2, ,2, ,2, ,2, ,2, ,2, , , , , , , , , , , , , , ,1,2511,"18,4495515633904",5,600.0,425,2,1, ,1,3,12,17,1,0,0,170150074302,1701500743020730609,17015007430207306109,1701500743020730610409,202509,9
1,170150,170150,53,5,1,2,2,27,2,10,10,5,2, ,11,7,3, , , ,6,3,862,2,2,12,2, , , , , , , , , ,11, ,9, ,4, , , , , , , , , , , , , , , , , , , , , , , , , , , , , , , , , , , , , , ,5, , , , , , , , , , , ,2, ,2, ,2, ,2, ,2, ,2, , , , , , , , , , , , , , ,1,2512,"27,2346414693744",4,0.0,"328,75",9, , , , , ,17,1,0,0,170150254504,1701502545040530504,17015025450405305104,1701502545040530510204,202504,4
1,170150,170150,65,2,1,6,1,25,3,10,10,6,2, ,2,9,4, ,1,30410102,6,1, ,2,1, , , ,40, ,1,4, , , , , , , , , , , , ,2410,2411,2, ,3,1,2,2,2,1,2,2,2,2,2,2,0,1,2, , , ,1,40, , , , , , , , , , , ,5, , , , ,470,0,1,80, , , ,2, ,2, ,2, ,2, ,2, ,2, , , , , , , , , , , , , , ,1,2513,"33,9091356028778",5,550.0,"543,571428571429",1,1, ,1,2,3,17,1,0,0,170150222501,1701502225010650204,17015022250106502104,1701502225010650210604,202504,4
1,170150,170150,67,2,1,2,1,19,3,10,10,6,2, ,3,7,1, , , ,3,1, ,1,2,12,2, , , , , , , , , ,2,52, , , ,2, , , , , , , , , , , , , , , , , , , , , , , , , , , , , , , , , , , , , ,5, , , , , , , , , , , ,2, ,2, ,2, ,2, ,2, ,2, ,2,2,1,1,1,2,2,2,2,2,2,2,8,1,2513,"49,5940592642371",4,0.0,"212,6",7, ,1, , , ,17,1,0,0,170150000502,1701500005020670206,17015000050206702106,1701500005020670210206,202506,6
1,170175,170175,63,8,1,2,1,28,3,10,10,6,2, ,5,7,3, , , ,6,2,170150,2,1, , , ,40, ,1,4, , , , , , , , , , , , ,4100,9313,4, ,6,2,2,2,2,2,2,2,2,2,2,2,16,2,1,2,3,2,1,40, , , , , , , , , , , ,5, , , , ,300,0,2, , , , ,2, ,2, ,2, ,2, ,2, ,2, , , , , , , , , , , , , , ,1,1713,"717,572871273521",4,300.0,225,4,1, ,2,9,6,17,6,0,0,170175100903,1701751009030630802,17017510090306308102,1701751009030630810202,202502,2
1,170150,170150,52,9,1,1,1,25,1,10,10,5,2, ,3,7,1, , , ,6,3,862,2,1, , , ,60, ,1,4, , , , , , , , , , , , ,1010,9333,2, ,3,2,2,2,2,2,2,2,2,2,2,2,4,1,1,7,4,3,1,60, , , , , , , , , , , ,5, , , , ,320,0,2, , , , ,2, ,2, ,2, ,2, ,2, ,2, , , , , , , , , , , , , , ,2,2513,"498,025389971824",4,320.0,160,4,1, ,4,9,3,17,1,0,0,170150340002,1701503400020520901,17015034000205209101,1701503400020520910101,202501,1
1,170150,170150,59,3,1,3,1,26,3,10,10,6,2, ,2,8,2, ,1,10210208,6,1, ,1,2,12,2, , , , , , , , , ,2,52, , , ,1,1,52,7310,3118,2, , , , , , , , , , , , , , , , , , , , , , , , , , , , , , , , ,5, , , , , , , , , , , ,2, ,2, ,2, ,2, ,2, ,2, ,2,2,1,1,1,2,2,2,2,2,2,2,4,1,2511,"13,2553317091935",5,0.0,"127,5",7, ,1, , , ,17,1,0,0,170150000402,1701500004020590303,17015000040205903103,1701500004020590310303,202503,3
2,170950,170950,52,7,1,2,2,23,2,3,10,5,2, ,3,7,2, , , ,6,1, ,2,1, , , ,10,1, ,2,1,20,7, , , , , , , , , ,146,6320,6,2, , , , , , , , , , , , ,8,9,1,1,3,2,1,10, , , , , , , , , , , ,3,0,2, ,40, , , , , , , ,2, ,2, ,2, ,2, ,2, ,2, , , , , , , , , , , , , , ,1,1721,"57,3131901576433",4,-1.0,"74,3333333333333",2,1, ,2,6,1,17,6,1,0,170950903601,1709509036010520710,17095090360105207110,1709509036010520710210,202510,10
1,170150,170150,76,5,1,2,2,27,2,10,10,1,2, ,15,7,3, , , ,6,2,50351,1,2,12,2, , , , , , , , , ,11, ,9, ,4, , , , , , , , , , , , , , , , , , , , , , , , , , , , , , , , , , , , , , ,5, , , , , , , , , , , ,2, ,2, ,2, ,2, ,2, ,2, , , , , , , , , , , , , , ,1,2512,"34,4155947961221",4,0.0,"228,333333333333",9, , , , , ,17,1,0,0,170150357202,1701503572020760512,17015035720207605112,1701503572020760510212,202512,12
1,170150,170150,55,4,1,1,2,28,1,1,10,3,1,3, ,9,4, ,2, ,6,2,100150,1,1, , , ,40, ,1,4, , , , , , , , , , , , ,4923,4323,2, ,2,1,2,2,1,1,1,2,2,2,1,1,8,1,1,20,1,1,1,40, , , , , , , , , , , ,1, , , , ,600,55,1,70, , , ,2, ,2, ,2, ,2, ,2, ,2, , , , , , , , , , , , , , ,1,2511,"128,590428928084",5,725.0,"241,666666666667",1,1, ,1,4,8,17,1,0,0,170150157601,1701501576010550402,17015015760105504102,1701501576010550410102,202502,2
1,170177,170177,67,6,1,3,1,20,3,1,10,6,2, ,3,7,3, , , ,6,1, ,2,1, , , ,40, ,1,4, , , , , , , , , , , , ,1030,7514,2, ,2,2,2,2,1,1,1,2,2,2,1,1,0,1,1,6,3,1,1,40, , , , , , , , , , , ,1, , , , ,460,60,1,8, , , ,2, ,2, ,2, ,2, ,2, ,2, , , , , , , , , , , , , , ,1,1713,"268,291275697011",4,528.0,"210,8",1,1, ,1,7,3,17,6,0,0,170177091903,1701770919030670606,17017709190306706106,1701770919030670610306,202506,6
2,170184,170184,63,2,1,2,2,21,2,10,10,5,2, ,13,7,3, , , ,6,2,132250,1,2,12,2, , , , , , , , , ,11, ,10, ,4, , , , , , , , , , , , , , , , , , , , , , , , , , , , , , , , , , , , , , ,5, , , , , , , , , , , ,2, ,2, ,2, ,2, ,2, ,2, , , , , , , , , , , , , , ,1,1723,"36,3266949466106",4,0.0,"196,666666666667",9, , , , , ,17,6,0,0,170184900403,1701849004030630205,17018490040306302105,1701849004030630210205,202505,5
1,170150,170150,71,6,1,6,1,20,7,10,10,6,1,1, ,8,2, ,2, ,6,1, ,1,1, , , ,20,7, ,4, , , , , , , , , , , , ,5610,5131,7, , , , , , , , , , , , , ,2,6,1,5,2,1,1,20, , , , , , , , , , , ,5, , , , , , , , , , , ,2, ,2, ,2, ,2, ,2, ,2, , , , , , , , , , , , , , ,1,2512,"245,324718025195",5,0.0,"179,666666666667",5,1, ,1,5,9,17,1,0,0,170150337502,1701503375020710607,17015033750207106107,1701503375020710610607,202507,7
1,170152,170152,54,1,1,2,2,28,2,1,10,1,2, ,2,9,4, ,1,30320101,6,1, ,2,2,12,1,4,21,1, ,4, , , , , , , , , , , , ,8521,2341,2, ,2,2,2,2,1,2,1,2,2,2,1,1,9,1,1,12,1,1,1,21, , , , , , , , , , , ,1, , , , ,600,80,2, , , , ,2, ,2, ,2, ,2, ,2, ,2, , , , , , , , , , , , , , ,1,1713,"79,251551231941",5,680.0,"366,6",1,1, ,1,2,16,17,6,0,0,170152008701,1701520087010540107,17015200870105401107,1701520087010540110207,202507,7
1,170150,170150,73,6,1,3,2,24,7,1,10,6,2, ,5,9,4, ,1,30910503,6,1, ,1,1, , , ,40, ,1,4, , , , , , , , , , , , ,8610,2266,2, ,2,2,2,2,1,2,1,2,2,2,1,1,1,1,1,25,1,1,1,40, , , , , , , , , , , ,1, , , , ,500,50,2, , , , ,2, ,2, ,2, ,2, ,2, ,2, , , , , , , , , , , , , , ,1,2512,"69,8809968786616",5,550.0,"653,333333333333",1,1, ,1,2,17,17,1,0,0,170150363902,1701503639020730609,17015036390207306109,1701503639020730610309,202509,9
1,170150,170150,64,7,1,2,2,19,2,10,10,5,2, ,15,7,3, , , ,6,1, ,1,2,12,2, , , , , , , , , ,11, ,9, ,4, , , , , , , , , , , , , , , , , , , , , , , , , , , , , , , , , , , , , , ,5, , , , , , , , , , , ,2, ,2, ,2, ,2, ,1,55,2, , , , , , , , , , , , , , ,1,2512,"38,5522244161859",4,0.0,"83,3333333333333",9, , , , , ,17,1,1,0,170150264907,1701502649070640706,17015026490706407106,1701502649070640710206,202506,6
1,170150,170150,66,5,1,3,1,21,3,10,10,6,2, ,3,7,3, , , ,1,1, ,2,1, , , ,40, ,1,4, , , , , , , , , , , , ,1702,7322,2, ,3,2,2,2,2,2,2,2,2,2,2,2,0,1,1,25,1,1,1,40, , , , , , , , , , , ,5, , , , ,400,0,2, , , , ,2, ,2, ,2, ,2, ,2, ,2, , , , , , , , , , , , , , ,1,2513,"83,596527314181",4,400.0,"264,727272727273",4,1, ,1,7,3,17,1,0,0,170150027802,1701500278020660508,17015002780206605108,1701500278020660510308,202508,8
1,170150,170150,62,7,1,3,1,28,3,10,10,6,2, ,5,7,3, , , ,6,1, ,1,1, , , ,40, ,1,4, , , , , , , , , , , , ,4922,8322,2, ,2,2,2,2,2,2,2,2,2,2,2,2,1,3,1,2,3,2,1,40, , , , , , , , , , , ,5, , , , ,600,0,2, , , , ,2, ,2, ,2, ,2, ,2, ,2, , , , , , , , , , , , , , ,1,2511,"51,0355057112987",4,600.0,"516,666666666667",1,1, ,2,8,8,17,1,0,0,170150162103,1701501621030620701,17015016210306207101,1701501621030620710301,202501,1
1,170150,170150,68,5,1,3,2,21,3,10,10,6,1,1, ,7,3, , , ,6,2,50451,2,2,12,2, , , , , , , , , ,11, ,9, ,3, , , , , , , , , , , , , , , , , , , , , , , , , , , , , , , , , , , , , , ,5, , , , , , , , , , , ,2, ,2, ,2, ,2, ,2, ,2, , , , , , , , , , , , , , ,1,2513,"94,4864310673419",4,0.0,"142,5",9, , , , , ,17,1,0,0,170150375902,1701503759020680507,17015037590206805107,1701503759020680510307,202507,7
1,170150,170150,67,2,1,2,2,27,3,10,10,6,2, ,2,9,4, ,1,31010301,6,1, ,2,1, , , ,40, ,1,2,1,10,1,4, , , , , , , , ,8510,2341,6,2, , , , , , , , , , , , ,3,8,1,1,3,1,1,40, , , , , , , , , , , ,5,250,2, ,0, , , , , , , ,2, ,2, ,2, ,2, ,2, ,2, , , , , , , , , , , , , , ,1,2511,"39,0926810798537",5,250.0,425,3,1, ,1,2,16,17,1,0,0,170150283104,1701502831040670209,17015028310406702109,1701502831040670210209,202509,9
1,170150,170150,67,9,1,3,2,18,3,10,10,6,1,1, ,7,3, , , ,7,1, ,2,2,12,2, , , , , , , , , ,11, ,9, ,3, , , , , , , , , , , , , , , , , , , , , , , , , , , , , , , , , , , , , , ,5, , , , , , , , , , , ,2, ,2, ,2, ,2, ,2, ,2, , , , , , , , , , , , , , ,1,2511,"34,4957860715839",4,0.0,"327,5",9, , , , , ,17,1,0,0,170150218403,1701502184030670906,17015021840306709106,1701502184030670910306,202506,6
1,170150,170150,65,8,1,3,1,28,3,10,10,6,1,1, ,8,1, ,2, ,6,1, ,1,2,12,2, , , , , , , , , ,11, ,9, ,3, , , , , , , , , , , , , , , , , , , , , , , , , , , , , , , , , , , , , , ,5, , , , , , , , , , , ,2, ,2, ,2, ,2, ,2, ,2, , , , , , , , , , , , , , ,1,2512,"99,9788515617445",5,0.0,81,9, , , , , ,17,1,1,0,170150125201,1701501252010650804,17015012520106508104,1701501252010650810304,202504,4
1,170150,170150,66,5,1,2,1,20,7,10,10,6,1,5, ,9,1, ,2, ,6,1, ,2,2,12,2, , , , , , , , , ,11, ,9, ,3, , , , , , , , , , , , , , , , , , , , , , , , , , , , , , , , , , , , , , ,5, , , , , , , , , , , ,2, ,2, ,2, ,2, ,2, ,2, , , , , , , , , , , , , , ,1,2512,"160,325317249811",5,0.0,"448,5",9, , , , , ,17,1,0,0,170150359701,1701503597010660505,17015035970106605105,1701503597010660510205,202505,5
1,170150,170150,74,9,1,2,1,27,5,1,10,6,2, ,2,9,4, ,1,30210105,6,1, ,1,1, , , ,40, ,1,4, , , , , , , , , , , , ,7310,3521,2, ,3,2,2,2,1,2,1,2,2,2,1,1,1,1,1,25,1,1,1,40, , , , , , , , , , , ,1, , , , ,678,72,2, , , , ,2, ,2, ,2, ,2, ,2, ,2, , , , , , , , , , , , , , ,1,2511,"18,3610952936341",5,750.0,775,1,1, ,1,3,13,17,1,0,0,170150208202,1701502082020740910,17015020820207409110,1701502082020740910210,202510,10
2,170165,170165,71,3,1,4,1,25,3,10,10,6,2, ,2,8,3, ,1,20210107,6,1, ,4,1, , , ,48, ,4,4, , , , , , , , , , , , ,5911,3521,6,2, , , , , , , , , , , , ,8,8,1,1,3,1,1,48, , , , , , , , , , , ,5,1000,2, ,270, , , , , , , ,2, ,2, ,2, ,2, ,2, ,2, , , , , , , , , , , , , , ,1,1723,"21,3620417843738",5,730.0,"807,5",1,1, ,1,3,10,17,6,0,0,170165901502,1701659015020710307,17016590150207103107,1701659015020710310407,202507,7
1,170150,170150,69,5,1,3,2,26,3,10,10,6,2, ,3,7,3, , , ,6,2,230150,1,1, , , ,40, ,1,4, , , , , , , , , , , , ,5610,5230,2, ,3,2,2,2,2,2,2,2,2,2,2,2,0,1,1,3,2,1,1,40, , , , , , , , , , , ,5, , , , ,470,0,2, , , , ,2, ,2, ,2, ,2, ,2, ,2, , , , , , , , , , , , , , ,1,2512,"269,83532192899",4,470.0,188,1,1, ,1,5,9,17,1,0,0,170150038101,1701500381010690508,17015003810106905108,1701500381010690510308,202508,8
1,170150,170150,57,4,1,3,1,19,3,1,10,6,1,6, ,7,3, , , ,6,2,90150,1,1, , , ,48, ,1,4, , , , , , , , , , , , ,5610,5131,2, ,2,2,2,2,1,1,2,2,2,1,1,1,2,1,2, , , ,1,48, , , , , , , , , , , ,1, , , , ,470,45,1,36, , , ,2, ,2, ,2, ,2, ,2, ,2, , , , , , , , , , , , , , ,1,2511,"30,9640350011454",4,551.0,"489,333333333333",1,1, ,1,5,9,17,1,0,0,170150060802,1701500608020570408,17015006080205704108,1701500608020570410308,202508,8
1,170150,170150,52,2,1,2,1,18,3,10,10,6,1,2, ,7,2, , , ,6,1, ,1,2,12,2, , , , , , , , , ,11, ,9, ,3, , , , , , , , , , , , , , , , , , , , , , , , , , , , , , , , , , , , , , ,5, , , , , , , , , , , ,2, ,2, ,1,8,2, ,2, ,2, , , , , , , , , , , , , , ,1,2512,"42,354411295261",4,0.0,"178,666666666667",9, , , , , ,17,1,0,0,170150075202,1701500752020520201,17015007520205202101,1701500752020520210201,202501,1
1,170150,170150,65,2,1,2,2,19,3,10,10,6,1,1, ,7,3, , , ,6,1, ,2,2,12,2, , , , , , , , , ,11, ,9, ,3, , , , , , , , , , , , , , , , , , , , , , , , , , , , , , , , , , , , , , ,5, , , , , , , , , , , ,2, ,2, ,2, ,2, ,2, ,2, , , , , , , , , , , , , , ,1,2511,"35,349902246943",4,0.0,"166,666666666667",9, , , , , ,17,1,0,0,170150120901,1701501209010650207,17015012090106502107,1701501209010650210207,202507,7
2,170850,170850,72,4,1,4,2,27,3,10,10,6,2, ,11,7,3, , , ,6,1, ,1,1, , , ,60, ,1,4, , , , , , , , , , , , ,5610,5120,2, ,2,1,2,2,2,2,2,2,2,2,2,2,3,1,1,5,3,2,1,60, , , , , , , , , , , ,5, , , , ,470,0,1,50, , , ,2, ,2, ,2, ,2, ,2, ,2, , , , , , , , , , , , , , ,1,1721,"41,7825659064294",4,520.0,"231,666666666667",1,1, ,2,5,9,17,6,0,0,170850901701,1708509017010720408,17085090170107204108,1708509017010720410408,202508,8
1,170150,170150,75,8,1,2,2,23,3,10,10,6,1,1, ,9,2, ,2, ,6,1, ,1,2,12,2, , , , , , , , , ,11, ,9, ,3, , , , , , , , , , , , , , , , , , , , , , , , , , , , , , , , , , , , , , ,5, , , , , , , , , , , ,2, ,2, ,2, ,2, ,2, ,2, , , , , , , , , , , , , , ,1,2513,"32,5590412510727",5,0.0,180,9, , , , , ,17,1,0,0,170150341104,1701503411040750811,17015034110407508111,1701503411040750810211,202511,11
1,170150,170150,70,7,1,2,2,24,3,1,10,6,2, ,2,9,5, ,1,30711001,6,1, ,1,1, , , ,40, ,1,4, , , , , , , , , , , , ,4752,5223,2, ,2,1,2,2,1,1,1,2,2,2,1,1,1,1,2, , , ,1,40, , , , , , , , , , , ,1, , , , ,950,75,1,70, , , ,2, ,2, ,2, ,2, ,2, ,2, , , , , , , , , , , , , , ,1,2511,"30,0443141148623",5,1095.0,"747,5",1,1, ,1,5,7,17,1,0,0,170150017801,1701500178010700709,17015001780107007109,1701500178010700710209,202509,9
1,170150,170150,71,3,1,3,2,18,3,10,10,6,1,1, ,7,2, , , ,6,1, ,3,2,12,2, , , , , , , , , ,11, ,9, ,3, , , , , , , , , , , , , , , , , , , , , , , , , , , , , , , , , , , , , , ,5, , , , , , , , , , , ,2, ,2, ,2, ,2, ,2, ,2, , , , , , , , , , , , , , ,1,2512,"19,9833370787303",4,0.0,150,9, , , , , ,17,1,0,0,170150251902,1701502519020710310,17015025190207103110,1701502519020710310310,202510,10
1,170150,170150,64,9,1,4,2,27,3,10,10,6,1,1, ,9,2, ,2, ,6,1, ,3,2,12,2, , , , , , , , , ,11, ,9, ,3, , , , , , , , , , , , , , , , , , , , , , , , , , , , , , , , , , , , , , ,5, , , , , , , , , , , ,2, ,2, ,2, ,2, ,2, ,2, , , , , , , , , , , , , , ,1,2512,"250,413896917991",5,0.0,80,9, , , , , ,17,1,1,0,170150356803,1701503568030640906,17015035680306409106,1701503568030640910406,202506,6
1,170150,170150,72,1,1,2,2,27,2,10,10,5,2, ,8,7,3, , , ,7,3,862,1,2,12,2, , , , , , , , , ,11, ,9, ,4, , , , , , , , , , , , , , , , , , , , , , , , , , , , , , , , , , , , , , ,5, , , , , , , , , , , ,2, ,2, ,2, ,2, ,2, ,2, , , , , , , , , , , , , , ,2,2512,"1658,50999011802",4,0.0,98,9, , , , , ,17,1,0,0,170150338302,1701503383020720111,17015033830207201111,1701503383020720110211,202511,11
1,170250,170250,66,9,1,3,2,29,3,1,10,6,2, ,2,9,5, ,1,30810105,6,1, ,2,1, , , ,40, ,1,4, , , , , , , , , , , , ,8530,2310,2, ,3,1,2,2,1,2,1,2,2,1,1,1,0,1,1,20,1,1,1,40, , , , , , , , , , , ,1, , , , ,425,45,1,70, , , ,2, ,2, ,2, ,2, ,2, ,2, , , , , , , , , , , , , , ,1,1713,"92,3235465363533",5,540.0,844,1,1, ,1,2,16,17,6,0,0,170250005403,1702500054030660908,17025000540306609108,1702500054030660910308,202508,8
1,170150,170150,69,7,1,3,1,21,3,10,10,6,2, ,3,7,3, , , ,6,1, ,1,2,12,2, , , , , , , , , ,8,50, , , ,2, , , , , , , , , , , , , , , , , , , , , , , , , , , , , , , , , , , , , ,5, , , , , , , , , , , ,2, ,2, ,2, ,2, ,2, ,2, ,2,1,1,1,1,2,2,2,2,2,2,2,8,1,2512,"51,5510002235855",4,0.0,50,7, ,1, , , ,17,1,1,1,170150093701,1701500937010690711,17015009370106907111,1701500937010690710311,202511,11
1,170155,170155,56,7,1,2,2,27,2,10,10,5,2, ,11,7,3, , , ,6,3,862,1,1, , , ,24,1, ,4, , , , , , , , , , , , ,5610,5120,2, ,3,1,2,2,2,2,2,2,2,2,2,2,0,1,1,3,2,1,1,24, , , , , , , , , , , ,5, , , , ,180,0,1,50, , , ,2, ,2, ,2, ,2, ,2, ,2, , , , , , , , , , , , , , ,2,1712,"201,516435929099",4,230.0,"443,333333333333",4,1, ,1,5,9,17,6,0,0,170155027404,1701550274040560702,17015502740405607102,1701550274040560710202,202502,2
2,170850,170850,67,7,1,6,1,28,7,10,10,6,2, ,3,7,3, , , ,6,2,130350,2,1, , , ,20,1, ,3,1,20,1,4, , , , , , , , ,145,9212,4, ,6,2,2,2,2,2,2,2,2,2,2,2,8,11,1,3,4,3,1,20, , , , , , , , , , , ,5, , , , ,100,0,2, , , , ,2, ,2, ,2, ,2, ,2, ,2, , , , , , , , , , , , , , ,1,1721,"109,250449220384",4,100.0,"76,6666666666667",2,1, ,4,9,1,17,6,1,0,170850901102,1708509011020670706,17085090110206707106,1708509011020670710606,202506,6
1,170155,170155,73,4,1,2,2,20,3,10,10,6,1,1, ,7,3, , , ,6,2,121150,3,2,12,2, , , , , , , , , ,11, ,9, ,3, , , , , , , , , , , , , , , , , , , , , , , , , , , , , , , , , , , , , , ,5, , , , , , , , , , , ,2, ,2, ,2, ,2, ,2, ,2, , , , , , , , , , , , , , ,1,1712,"20,4252289036173",4,0.0,371,9, , , , , ,17,6,0,0,170155038001,1701550380010730409,17015503800107304109,1701550380010730410209,202509,9
2,170252,170252,63,4,1,8,1,28,4,1,10,5,2, ,5,5,7,1, , ,1,1, ,8,1, , , ,43, ,1,4, , , , , , , , , , , , ,119,6113,2, ,2,1,2,1,1,1,1,2,2,1,1,1,3,11,2, , , ,1,43, , , , , , , , , , , ,1, , , , ,410,60,1,90, , , ,2, ,2, ,2, ,2, ,2, ,2, , , , , , , , , , , , , , ,1,1721,"466,95894308263",3,560.0,"185,9375",1,1, ,1,6,1,17,6,0,0,170252902001,1702529020010630405,17025290200106304105,1702529020010630410805,202505,5
2,170152,170152,63,5,1,6,1,26,4,1,10,5,2, ,5,7,3, , , ,6,1, ,4,1, , , ,44, ,1,4, , , , , , , , , , , , ,4520,7231,2, ,2,2,2,2,1,1,1,2,2,2,1,1,4,1,1,5,2,1,1,44, , , , , , , , , , , ,1, , , , ,430,40,1,5, , , ,2, ,2, ,2, ,2, ,2, ,2, , , , , , , , , , , , , , ,1,1722,"99,9190651704582",4,475.0,"181,375",1,1, ,1,7,7,17,6,0,0,170152904601,1701529046010630502,17015290460106305102,1701529046010630510602,202502,2
1,170150,170150,67,8,1,1,2,25,1,10,10,2,2, ,5,7,3, , , ,6,3,862,4,1, , , ,30,1, ,4, , , , , , , , , , , , ,9602,5142,6,2, , , , , , , , , , , , ,2,9,1,1,3,2,1,30, , , , , , , , , , , ,5,300,2, ,60, , , , , , , ,2, ,2, ,2, ,2, ,2, ,2, , , , , , , , , , , , , , ,2,2512,"165,07001198277",4,240.0,"61,6666666666667",4,1, ,2,5,19,17,1,1,0,170150304402,1701503044020670809,17015030440206708109,1701503044020670810109,202509,9
1,170155,170155,73,6,1,3,2,26,3,10,10,6,1,5, ,9,2, ,2, ,6,1, ,1,2,12,2, , , , , , , , , ,11, ,9, ,3, , , , , , , , , , , , , , , , , , , , , , , , , , , , , , , , , , , , , , ,5, , , , , , , , , , , ,2, ,2, ,2, ,2, ,2, ,2, , , , , , , , , , , , , , ,1,1713,"65,2923850534917",5,0.0,"193,714285714286",9, , , , , ,17,6,0,0,170155020903,1701550209030730612,17015502090307306112,1701550209030730610312,202512,12
1,170750,170750,47,3,1,3,2,26,3,10,10,6,2, ,3,7,3, , , ,6,1, ,2,1, , , ,30,3, ,1,1,8,7, , , , , , , , , ,4721,7511,2, ,3,2,2,2,2,2,2,2,2,2,2,2,3,1,1,3,2,1,1,30, , , , , , , , , , , ,5, , , , ,400,0,2, , , , ,2, ,2, ,1,100,2, ,2, ,2, , , , , , , , , , , , , , ,1,1711,"53,4326182433335",4,400.0,"266,25",2,1, ,1,7,7,17,6,0,0,170750000706,1707500007060470302,17075000070604703102,1707500007060470310302,202502,2
1,170150,170150,60,1,1,3,1,26,3,10,10,6,1,1, ,9,3, ,2, ,6,1, ,3,2,12,2, , , , , , , , , ,11, ,9, ,3, , , , , , , , , , , , , , , , , , , , , , , , , , , , , , , , , , , , , , ,5, , , , , , , , , , , ,2, ,2, ,2, ,2, ,2, ,2, , , , , , , , , , , , , , ,1,2513,"26,4918697202295",5,0.0,"242,5",9, , , , , ,17,1,0,0,170150246201,1701502462010600106,17015024620106001106,1701502462010600110306,202506,6
1,170451,170451,57,7,1,5,1,19,3,10,10,6,1,1, ,9,1, ,2, ,6,2,170150,1,2,12,2, , , , , , , , , ,11, ,9, ,3, , , , , , , , , , , , , , , , , , , , , , , , , , , , , , , , , , , , , , ,5, , , , , , , , , , , ,2, ,2, ,2, ,2, ,2, ,2, , , , , , , , , , , , , , ,1,1711,"37,6737568185076",5,0.0,"132,8",9, , , , , ,17,6,0,0,170451028803,1704510288030570708,17045102880305707108,1704510288030570710508,202508,8
1,170150,170150,70,8,1,3,1,18,3,10,10,6,1,1, ,5,7,1, , ,6,1, ,1,1, , , ,16,1, ,2,1,4,7, , , , , , , , , ,4100,9313,4, ,6,2,2,2,2,2,2,2,2,2,2,2,1,2,1,4,3,1,1,16, , , , , , , , , , , ,5, , , , ,80,0,2, , , , ,2, ,2, ,2, ,2, ,2, ,2, , , , , , , , , , , , , , ,1,2513,"59,412742482604",3,80.0,"226,666666666667",2,1, ,1,9,6,17,1,0,0,170150289901,1701502899010700809,17015028990107008109,1701502899010700810309,202509,9
1,170152,170152,71,5,1,4,1,18,3,10,10,6,2, ,6,7,3, , , ,6,1, ,2,2,12,2, , , , , , , , , ,11, ,9, ,3, , , , , , , , , , , , , , , , , , , , , , , , , , , , , , , , , , , , , , ,5, , , , , , , , , , , ,2, ,2, ,2, ,2, ,2, ,2, , , , , , , , , , , , , , ,1,1713,"59,9859074196787",4,0.0,"198,25",9, , , , , ,17,6,0,0,170152009203,1701520092030710510,17015200920307105110,1701520092030710510410,202510,10
1,170150,170150,69,9,1,2,2,26,2,1,10,5,2, ,2,10,1, ,1,50310304,6,2,121050,1,1, , , ,40, ,1,4, , , , , , , , , , , , ,8412,3323,1, ,3,2,2,2,1,2,1,2,2,2,1,1,1,1,2, , , ,1,40, , , , , , , , , , , ,1, , , , ,1000,100,2, , , , ,2, ,2, ,2, ,2, ,2, ,2, , , , , , , , , , , , , , ,1,2511,"21,5755323215196",5,1100.0,1430,1,1, ,1,3,15,17,1,0,0,170150193504,1701501935040690908,17015019350406909108,1701501935040690910208,202508,8
2,170151,170151,67,2,1,4,1,19,3,10,10,6,1,2, ,7,3, , , ,6,1, ,1,2,12,2, , , , , , , , , ,11, ,9, ,3, , , , , , , , , , , , , , , , , , , , , , , , , , , , , , , , , , , , , , ,5, , , , , , , , , , , ,2, ,2, ,2, ,2, ,2, ,2, , , , , , , , , , , , , , ,1,1722,"32,6641376436994",4,0.0,575,9, , , , , ,17,6,0,0,170151901401,1701519014010670209,17015190140106702109,1701519014010670210409,202509,9
1,170155,170155,65,3,1,3,2,24,3,10,10,6,2, ,7,5,4,1, , ,6,2,50150,2,2,12,2, , , , , , , , , ,11, ,11, ,5, , , , , , , , , , , , , , , , , , , , , , , , , , , , , , , , , , , , , , ,5, , , , , , , , , , , ,2, ,2, ,2, ,2, ,2, ,2, , , , , , , , , , , , , , ,1,1713,"64,4393362434795",3,0.0,"83,1111111111111",9, , , , , ,17,6,1,0,170155042401,1701550424010650304,17015504240106503104,1701550424010650310304,202504,4
1,170150,170150,55,2,1,2,2,23,3,1,5,6,2, ,2,9,4, ,1,30310403,6,1, ,1,1, , , ,40, ,1,4, , , , , , , , , , , , ,7490,2643,2, ,3,2,2,2,1,2,1,2,2,2,1,1,0,1,1,8,1,1,1,40, , , , , , , , , , , ,1, , , , ,700,68,2, , , , ,2, ,2, ,2, ,2, ,2, ,2, , , , , , , , , , , , , , ,1,2511,"33,0379545209032",5,768.0,"699,5",1,1, ,1,2,13,17,1,0,0,170150187501,1701501875010550211,17015018750105502111,1701501875010550210211,202511,11
1,170150,170150,73,9,1,3,2,18,3,10,10,6,1,2, ,7,3, , , ,6,1, ,1,2,12,2, , , , , , , , , ,11, ,9, ,3, , , , , , , , , , , , , , , , , , , , , , , , , , , , , , , , , , , , , , ,5, , , , , , , , , , , ,2, ,2, ,2, ,2, ,2, ,2, , , , , , , , , , , , , , ,1,2512,"104,519198545299",4,0.0,"543,5",9, , , , , ,17,1,0,0,170150273803,1701502738030730909,17015027380307309109,1701502738030730910309,202509,9
2,170550,170550,60,4,1,3,1,27,3,10,10,6,2, ,3,9,5, ,1,30210205,6,2,170150,1,2,12,2, , , , , , , , , ,8,48, , , ,2, , , , , , , , , , , , , , , , , , , , , , , , , , , , , , , , , , , , , ,5, , , , , , , , , , , ,2, ,2, ,2, ,2, ,2, ,2, ,2,2,1,1,1,2,2,2,2,2,2,2,8,1,1723,"18,3351551090761",5,0.0,"248,333333333333",7, ,1, , , ,17,6,0,0,170550900802,1705509008020600406,17055090080206004106,1705509008020600410306,202506,6
1,170151,170151,53,1,1,5,1,21,3,1,10,6,2, ,5,7,3, , , ,6,1, ,1,1, , , ,40, ,1,4, , , , , , , , , , , , ,1074,9334,2, ,2,2,2,2,1,2,1,2,2,2,1,1,1,1,2, , , ,1,40, , , , , , , , , , , ,1, , , , ,920,45,2, , , , ,2, ,2, ,2, ,2, ,2, ,2, , , , , , , , , , , , , , ,1,1712,"82,4846511743401",4,965.0,"1324,375",1,1, ,1,9,3,17,6,0,0,170151005501,1701510055010530101,17015100550105301101,1701510055010530110501,202501,1
1,170150,170150,47,5,1,4,1,23,3,10,10,6,2, ,17,9,5, ,2, ,6,1, ,2,1, , , ,40, ,1,4, , , , , , , , , , , , ,4520,7534,2, ,3,1,2,2,2,2,2,2,2,2,2,2,5,1,1,3,3,1,1,40, , , , , , , , , , , ,5, , , , ,300,0,1,50, , , ,2, ,2, ,2, ,2, ,2, ,2, , , , , , , , , , , , , , ,1,2512,"65,4688478191688",5,350.0,"262,5",4,1, ,1,7,7,17,1,0,0,170150386202,1701503862020470502,17015038620204705102,1701503862020470510402,202502,2
1,170150,170150,53,6,1,3,1,28,3,10,10,6,2, ,2,9,5, ,1,30610401,6,1, ,1,1, , , ,40, ,1,4, , , , , , , , , , , , ,6209,2511,2, ,3,2,2,2,2,2,2,2,2,2,2,2,2,1,1,20,1,1,1,40, , , , , , , , , , , ,5, , , , ,460,0,2, , , , ,2, ,2, ,2, ,2, ,2, ,2, , , , , , , , , , , , , , ,1,2512,"27,2335686775445",5,460.0,220,1,1, ,1,2,10,17,1,0,0,170150348402,1701503484020530601,17015034840205306101,1701503484020530610301,202501,1
1,170353,170353,67,5,1,3,1,19,3,10,10,6,2, ,11,5,10,1, , ,1,1, ,1,1, , , ,20,1, ,4, , , , , , , , , , , , ,5224,9333,6,2, , , , , , , , , , , , ,0,4,1,1,3,2,1,20, , , , , , , , , , , ,5,120,2, ,10, , , , , , , ,2, ,2, ,2, ,2, ,2, ,2, , , , , , , , , , , , , , ,1,1711,"49,7004477649217",3,110.0,"73,3333333333333",4,1, ,2,9,8,17,6,1,0,170353018604,1703530186040670509,17035301860406705109,1703530186040670510309,202509,9
1,170150,170150,53,6,1,4,2,18,7,10,10,6,2, ,13,7,3, , , ,6,1, ,2,2,12,2, , , , , , , , , ,11, ,8, ,6, , , , , , , , , , , , , , , , , , , , , , , , , , , , , , , , , , , , , , ,5, , , , , , , , , , , ,2, ,2, ,2, ,2, ,2, ,2, , , , , , , , , , , , , , ,1,2513,"20,9019693189138",4,0.0,"41,8",9, , , , , ,17,1,1,1,170150076405,1701500764050530601,17015007640505306101,1701500764050530610401,202501,1
1,170150,170150,62,2,1,2,1,29,3,10,10,6,2, ,3,8,3, ,1,20410402,6,1, ,2,2,12,2, , , , , , , , , ,8,24, , , ,1,3,24,4741,4214,2, , , , , , , , , , , , , , , , , , , , , , , , , , , , , , , , ,5, , , , , , , , , , , ,2, ,2, ,2, ,2, ,2, ,2, ,2,1,2,1,1,2,2,2,2,2,2,2,3,1,2512,"22,1413235311423",5,0.0,210,7, ,1, , , ,17,1,0,0,170150086401,1701500864010620201,17015008640106202101,1701500864010620210201,202501,1
1,170150,170150,58,4,1,4,1,23,3,10,10,6,1,5, ,9,3, ,2, ,6,1, ,1,2,12,2, , , , , , , , , ,11, ,9, ,3, , , , , , , , , , , , , , , , , , , , , , , , , , , , , , , , , , , , , , ,5, , , , , , , , , , , ,2, ,2, ,2, ,2, ,2, ,2, , , , , , , , , , , , , , ,1,2511,"26,03422281014",5,0.0,460,9, , , , , ,17,1,0,0,170150315407,1701503154070580412,17015031540705804112,1701503154070580410412,202512,12
1,170150,170150,65,6,1,3,2,23,3,10,10,6,1,5, ,9,4, ,2, ,6,1, ,1,2,12,2, , , , , , , , , ,11, ,9, ,3, , , , , , , , , , , , , , , , , , , , , , , , , , , , , , , , , , , , , , ,5, , , , , , , , , , , ,2, ,2, ,2, ,2, ,2, ,2, , , , , , , , , , , , , , ,1,2511,"35,349902246943",5,0.0,260,9, , , , , ,17,1,0,0,170150120901,1701501209010650607,17015012090106506107,1701501209010650610307,202507,7
1,170150,170150,68,6,1,3,2,28,3,10,10,6,2, ,2,9,4, ,1,30320101,6,1, ,1,1, , , ,40, ,1,4, , , , , , , , , , , , ,8549,2351,6,2, , , , , , , , , , , , ,0,8,1,1,3,1,1,40, , , , , , , , , , , ,5,500,2, ,0, , , , , , , ,2, ,2, ,2, ,2, ,2, ,2, , , , , , , , , , , , , , ,1,2511,"13,6247222348835",5,500.0,350,1,1, ,1,2,16,17,1,0,0,170150165602,1701501656020680610,17015016560206806110,1701501656020680610310,202510,10
1,170150,170150,58,7,1,3,2,28,3,10,10,6,2, ,2,9,5, ,1,30540101,6,1, ,1,1, , , ,40, ,1,4, , , , , , , , , , , , ,6920,2411,2, ,3,2,2,2,2,2,2,2,2,2,2,2,0,1,1,6,4,1,1,40, , , , , , , , , , , ,5, , , , ,0,0,2, , , , ,2, ,2, ,2, ,2, ,2, ,2, , , , , , , , , , , , , , ,1,2512,"305,149221716216",5,0.0,"180,6",4,1, ,1,2,13,17,1,0,0,170150385702,1701503857020580703,17015038570205807103,1701503857020580710303,202503,3
1,170150,170150,55,3,1,1,1,28,1,1,10,5,1,6, ,9,5, ,1,30410302,6,1, ,1,1, , , ,40, ,1,4, , , , , , , , , , , , ,8610,2421,1, ,3,2,2,2,1,2,1,2,2,2,1,1,5,1,2, , , ,1,40, , , , , , , , , , , ,1, , , , ,700,70,2, , , , ,2, ,2, ,2, ,2, ,2, ,2, , , , , , , , , , , , , , ,1,2511,"30,1824949834955",5,770.0,"256,666666666667",1,1, ,1,2,17,17,1,0,0,170150257315,1701502573150550302,17015025731505503102,1701502573150550310102,202502,2
2,170451,170451,76,6,1,3,2,24,3,1,10,6,2, ,2,9,4, ,1,30410301,6,1, ,1,1, , , ,40, ,1,4, , , , , , , , , , , , ,8411,3334,1, ,3,2,2,2,1,2,1,2,2,2,1,1,1,1,2, , , ,1,40, , , , , , , , , , , ,1, , , , ,600,60,2, , , , ,2, ,2, ,2, ,2, ,2, ,2, , , , , , , , , , , , , , ,1,1721,"15,6115051893084",5,660.0,"297,5",1,1, ,1,3,15,17,6,0,0,170451900501,1704519005010760612,17045190050107606112,1704519005010760610312,202512,12
1,170180,170180,66,1,1,4,2,18,3,10,10,6,1,1, ,7,1, , , ,6,3,724,1,2,12,2, , , , , , , , , ,11, ,9, ,3, , , , , , , , , , , , , , , , , , , , , , , , , , , , , , , , , , , , , , ,5, , , , , , , , , , , ,2, ,2, ,1,8,2, ,2, ,2, , , , , , , , , , , , , , ,2,1712,"35,0874003581255",4,0.0,341,9, , , , , ,17,6,0,0,170180119501,1701801195010660105,17018011950106601105,1701801195010660110405,202505,5
1,170150,170150,66,2,1,4,1,25,9,1,10,5,2, ,5,7,3, , , ,5,2,130450,1,1, , , ,40, ,1,4, , , , , , , , , , , , ,5610,9412,2, ,2,1,2,2,1,1,1,2,2,2,1,1,5,1,2, , , ,1,40, , , , , , , , , , , ,1, , , , ,470,45,1,58, , , ,2, ,2, ,2, ,2, ,2, ,2, , , , , , , , , , , , , , ,1,2511,"17,572063398827",4,573.0,"458,4",1,1, ,1,9,9,17,1,0,0,170150254402,1701502544020660208,17015025440206602108,1701502544020660210408,202508,8
1,170150,170150,55,6,1,5,2,20,3,10,10,6,1,5, ,7,3, , , ,6,1, ,4,2,12,2, , , , , , , , , ,11, ,9, ,3, , , , , , , , , , , , , , , , , , , , , , , , , , , , , , , , , , , , , , ,5, , , , , , , , , , , ,2, ,2, ,2, ,2, ,2, ,2, , , , , , , , , , , , , , ,1,2512,"37,4149820009844",4,0.0,"420,6",9, , , , , ,17,1,0,0,170150223603,1701502236030550602,17015022360305506102,1701502236030550610502,202502,2
1,170150,170150,64,1,1,4,1,19,3,5,10,6,1,5, ,7,3, , , ,6,1, ,1,2,12,2, , , , , , , , , ,11, ,9, ,3, , , , , , , , , , , , , , , , , , , , , , , , , , , , , , , , , , , , , , ,5, , , , , , , , , , , ,2, ,2, ,2, ,2, ,2, ,2, , , , , , , , , , , , , , ,1,2511,"23,9383374671567",4,0.0,"1603,75",9, , , , , ,17,1,0,0,170150198801,1701501988010640103,17015019880106401103,1701501988010640110403,202503,3
1,170150,170150,67,7,1,2,2,28,2,10,10,5,2, ,3,7,3, , , ,6,2,90150,1,2,12,2, , , , , , , , , ,11, ,9, ,4, , , , , , , , , , , , , , , , , , , , , , , , , , , , , , , , , , , , , , ,5, , , , , , , , , , , ,2, ,2, ,2, ,2, ,2, ,2, , , , , , , , , , , , , , ,1,2511,"27,8706488937625",4,0.0,315,9, , , , , ,17,1,0,0,170150064901,1701500649010670709,17015006490106707109,1701500649010670710209,202509,9
1,170150,170150,76,7,1,1,1,27,1,1,10,5,2, ,5,7,3, , , ,1,1, ,1,1, , , ,45, ,1,4, , , , , , , , , , , , ,8010,5414,2, ,3,2,2,1,1,1,1,2,2,1,1,1,3,1,1,10,1,1,1,45, , , , , , , , , , , ,1, , , , ,500,50,1,90, , , ,2, ,2, ,1,150,2, ,2, ,2, , , , , , , , , , , , , , ,1,2513,"53,2932895047642",4,640.0,"322,5",1,1, ,1,5,14,17,1,0,0,170150351802,1701503518020760712,17015035180207607112,1701503518020760710112,202512,12
1,170250,170250,63,1,1,3,1,23,3,10,10,6,1,1, ,7,3, , , ,6,1, ,4,2,12,2, , , , , , , , , ,11, ,9, ,3, , , , , , , , , , , , , , , , , , , , , , , , , , , , , , , , , , , , , , ,5, , , , , , , , , , , ,2, ,2, ,2, ,2, ,2, ,2, , , , , , , , , , , , , , ,1,1711,"73,5675453311166",4,0.0,"435,25",9, , , , , ,17,6,0,0,170250001901,1702500019010630105,17025000190106301105,1702500019010630110305,202505,5
1,170150,170150,71,2,1,2,1,19,3,10,10,6,2, ,13,7,3, , , ,6,1, ,2,2,12,2, , , , , , , , , ,11, ,8, ,6, , , , , , , , , , , , , , , , , , , , , , , , , , , , , , , , , , , , , , ,5, , , , , , , , , , , ,2, ,2, ,2, ,2, ,2, ,2, , , , , , , , , , , , , , ,1,2512,"82,8485310136507",4,0.0,94,9, , , , , ,17,1,0,0,170150296805,1701502968050710207,17015029680507102107,1701502968050710210207,202507,7
1,170155,170155,57,1,1,2,1,22,3,10,10,6,2, ,3,7,3, , , ,6,1, ,1,1, , , ,32,8, ,4, , , , , , , , , , , , ,4761,5223,2, ,2,1,2,2,2,2,2,2,2,2,2,2,2,1,1,2,1,1,1,40, , , , , , , , , , , ,5, , , , ,470,0,1,45, , , ,2, ,2, ,2, ,2, ,2, ,2, , , , , , , , , , , , , , ,1,1713,"63,7829546040899",4,515.0,"347,2",1,1, ,1,5,7,17,6,0,0,170155026703,1701550267030570105,17015502670305701105,1701550267030570110205,202505,5
1,170150,170150,40,2,1,3,2,22,3,1,10,6,2, ,2,8,3, ,1,20910101,6,1, ,2,1, , , ,16,8, ,1,1,24,7, , , , , , , , , ,3250,3214,2, ,2,2,2,2,1,1,1,2,2,2,1,1,1,1,1,15,1,1,1,40, , , , , , , , , , , ,1, , , , ,877,43,1,5, , , ,2, ,2, ,2, ,2, ,2, ,2, , , , , , , , , , , , , , ,1,2513,"35,6465098938959",5,925.0,"468,333333333333",2,1, ,1,3,3,17,1,0,0,170150148401,1701501484010400201,17015014840104002101,1701501484010400210301,202501,1
1,170150,170150,58,6,1,7,1,26,9,10,10,6,2, ,3,7,3, , , ,6,3,862,1,1, , , ,40, ,1,4, , , , , , , , , , , , ,4741,5223,2, ,3,2,2,2,2,2,2,2,2,2,2,2,3,1,1,4,1,1,1,40, , , , , , , , , , , ,5, , , , ,450,0,2, , , , ,2, ,2, ,2, ,2, ,2, ,2, , , , , , , , , , , , , , ,1,2512,"131,181190516552",4,450.0,"235,714285714286",4,1, ,1,5,7,17,1,0,0,170150017601,1701500176010580603,17015001760105806103,1701500176010580610703,202503,3
2,170750,170750,62,4,1,3,1,19,3,10,10,6,2, ,11,7,3, , , ,6,1, ,1,1, , , ,16,1, ,1,1,32,7, , , , , , , , , ,129,9211,4, ,6,2,2,2,2,2,2,2,2,2,2,2,1,11,1,5,3,2,1,16, , , , , , , , , , , ,5, , , , ,75,0,2, , , , ,2, ,2, ,2, ,2, ,2, ,2, , , , , , , , , , , , , , ,1,1721,"182,533008170902",4,75.0,"71,2857142857143",2,1, ,2,9,1,17,6,1,0,170750901302,1707509013020620401,17075090130206204101,1707509013020620410301,202501,1
1,170150,170150,54,2,1,3,1,27,3,1,10,6,2, ,5,7,3, , , ,6,2,60150,1,1, , , ,40, ,1,4, , , , , , , , , , , , ,8010,3521,2, ,2,2,2,2,1,1,1,2,2,2,1,1,5,1,1,30,1,1,1,40, , , , , , , , , , , ,1, , , , ,500,43,1,25, , , ,2, ,2, ,2, ,2, ,2, ,2, , , , , , , , , , , , , , ,1,2512,"31,5077526683107",4,568.0,"264,5",1,1, ,1,3,14,17,1,0,0,170150281602,1701502816020540204,17015028160205402104,1701502816020540210304,202504,4
1,170170,170170,51,6,1,3,2,18,3,10,10,6,2, ,3,5,10,1, , ,6,2,170185,1,2,12,2, , , , , , , , , ,11, ,9, ,4, , , , , , , , , , , , , , , , , , , , , , , , , , , , , , , , , , , , , , ,5, , , , , , , , , , , ,2, ,2, ,1,50,2, ,2, ,2, , , , , , , , , , , , , , ,1,1712,"83,3890828115889",3,0.0,"186,25",9, , , , , ,17,6,0,0,170170089901,1701700899010510603,17017008990105106103,1701700899010510610303,202503,3
2,170252,170252,74,8,1,3,2,29,3,10,10,6,2, ,2,9,5, ,1,30810102,1,1, ,3,1, , , ,40, ,1,4, , , , , , , , , , , , ,4711,5223,2, ,2,2,2,2,2,2,2,2,2,2,2,2,0,1,1,2,3,2,1,40, , , , , , , , , , , ,5, , , , ,400,0,2, , , , ,2, ,2, ,2, ,2, ,2, ,2, , , , , , , , , , , , , , ,1,1721,"40,9186387884307",5,400.0,"240,5",4,1, ,2,5,7,17,6,0,0,170252900301,1702529003010740810,17025290030107408110,1702529003010740810310,202510,10
1,170180,170180,66,3,1,4,2,22,3,10,10,6,1,5, ,9,2, ,2, ,6,1, ,4,2,12,2, , , , , , , , , ,11, ,9, ,3, , , , , , , , , , , , , , , , , , , , , , , , , , , , , , , , , , , , , , ,5, , , , , , , , , , , ,2, ,2, ,2, ,2, ,2, ,2, , , , , , , , , , , , , , ,1,1712,"53,5936416577945",5,0.0,405,9, , , , , ,17,6,0,0,170180119501,1701801195010660308,17018011950106603108,1701801195010660310408,202508,8
1,170150,170150,54,1,1,5,1,26,3,10,10,6,2, ,2,8,3, ,1,20610303,6,1, ,2,2,12,2, , , , , , , , , ,11, ,9, ,6, , , , , , , , , , , , , , , , , , , , , , , , , , , , , , , , , , , , , , ,5, , , , , , , , , , , ,2, ,2, ,2, ,2, ,2, ,2, , , , , , , , , , , , , , ,1,2513,"31,5619245198004",5,0.0,"170,666666666667",9, , , , , ,17,1,0,0,170150148401,1701501484010540104,17015014840105401104,1701501484010540110504,202504,4
2,170165,170165,73,6,1,4,2,26,3,10,10,6,1,1, ,9,5, ,2, ,6,1, ,1,2,12,2, , , , , , , , , ,11, ,9, ,3, , , , , , , , , , , , , , , , , , , , , , , , , , , , , , , , , , , , , , ,5, , , , , , , , , , , ,2, ,2, ,2, ,2, ,2, ,2, , , , , , , , , , , , , , ,1,1723,"14,5474365762145",5,0.0,"677,5",9, , , , , ,17,6,0,0,170165901401,1701659014010730609,17016590140107306109,1701659014010730610409,202509,9
1,170150,170150,55,2,1,4,1,19,3,10,10,6,1,1, ,9,1, ,2, ,6,1, ,2,2,12,2, , , , , , , , , ,11, ,9, ,3, , , , , , , , , , , , , , , , , , , , , , , , , , , , , , , , , , , , , , ,5, , , , , , , , , , , ,2, ,2, ,2, ,2, ,2, ,2, , , , , , , , , , , , , , ,1,2511,"12,5729806875892",5,0.0,355,9, , , , , ,17,1,0,0,170150260203,1701502602030550211,17015026020305502111,1701502602030550210411,202511,11
1,170150,170150,58,7,1,1,1,22,1,10,10,5,2, ,5,7,1, , , ,6,1, ,2,1, , , ,20,1, ,1,1,6,7, , , , , , , , , ,4100,9313,4, ,6,2,2,2,2,2,2,2,2,2,2,2,3,2,1,7,3,2,1,20, , , , , , , , , , , ,5, , , , ,160,0,2, , , , ,2, ,2, ,2, ,2, ,2, ,2, , , , , , , , , , , , , , ,1,2513,"104,339304851361",4,160.0,40,2,1, ,2,9,6,17,1,1,1,170150119703,1701501197030580703,17015011970305807103,1701501197030580710103,202503,3
1,170150,170150,59,6,1,2,2,23,2,10,10,5,2, ,5,7,3, , , ,6,1, ,2,1, , , ,40, ,1,4, , , , , , , , , , , , ,1512,7533,2, ,3,2,2,2,2,2,2,2,2,2,2,2,3,1,1,10,1,1,1,40, , , , , , , , , , , ,5, , , , ,400,0,2, , , , ,2, ,2, ,2, ,2, ,2, ,2, , , , , , , , , , , , , , ,1,2512,"29,3520579265347",4,400.0,314,4,1, ,1,7,3,17,1,0,0,170150135006,1701501350060590606,17015013500605906106,1701501350060590610206,202506,6
2,170151,170151,51,3,1,5,2,24,3,10,10,6,2, ,2,9,5, ,1,30710201,6,1, ,3,2,12,2, , , , , , , , , ,9,52, , , ,2, , , , , , , , , , , , , , , , , , , , , , , , , , , , , , , , , , , , , ,5, , , , , , , , , , , ,2, ,2, ,2, ,2, ,2, ,2, ,2,2,2,1,1,2,2,2,2,2,2,2,8,1,1723,"15,0551857037258",5,0.0,"211,142857142857",7, ,1, , , ,17,6,0,0,170151900501,1701519005010510303,17015190050105103103,1701519005010510310503,202503,3
1,170150,170150,64,7,1,2,1,27,3,5,10,6,1,1, ,9,4, ,2, ,6,1, ,1,2,12,2, , , , , , , , , ,2,4, , , ,1,2,52,5610,9412,2, , , , , , , , , , , , , , , , , , , , , , , , , , , , , , , , ,5, , , , , , , , , , , ,2, ,2, ,2, ,2, ,2, ,2, ,2,1,1,1,1,2,2,2,2,2,2,2,1,1,2511,"10,1062198920156",5,0.0,"166,666666666667",7, ,1, , , ,17,1,0,0,170150215003,1701502150030640703,17015021500306407103,1701502150030640710203,202503,3
2,170454,170454,59,7,1,3,2,20,3,10,10,6,2, ,7,7,3, , , ,1,2,100450,2,2,8, , ,12,1, ,4, , , , , , , , , , , , ,150,9213,7, , , , , , , , , , , , , ,2,10,1,2,3,2,1,12, , , , , , , , , , , ,5, , , , , , , , , , , ,2, ,2, ,2, ,2, ,2, ,2, , , , , , , , , , , , , , ,1,1721,"15,3769976339186",4,0.0,"188,333333333333",5,1, ,2,9,1,17,6,0,0,170454900701,1704549007010590703,17045490070105907103,1704549007010590710303,202503,3
1,170150,170150,64,1,1,3,2,18,5,10,10,6,1,6, ,7,3, , , ,6,1, ,2,2,12,2, , , , , , , , , ,8,8, , , ,2, , , , , , , , , , , , , , , , , , , , , , , , , , , , , , , , , , , , , ,5, , , , , , , , , , , ,2, ,2, ,2, ,2, ,2, ,2, ,2,1,1,1,1,2,2,2,2,2,2,2,8,1,2512,"21,3156985358471",4,0.0,140,7, ,1, , , ,17,1,0,0,170150366604,1701503666040640103,17015036660406401103,1701503666040640110303,202503,3
1,170150,170150,71,8,1,2,2,28,2,10,10,5,2, ,15,7,3, , , ,6,2,111650,1,2,12,2, , , , , , , , , ,11, ,9, ,4, , , , , , , , , , , , , , , , , , , , , , , , , , , , , , , , , , , , , , ,5, , , , , , , , , , , ,2, ,2, ,2, ,2, ,2, ,2, , , , , , , , , , , , , , ,1,2513,"118,542615492079",4,0.0,"322,5",9, , , , , ,17,1,0,0,170150394802,1701503948020710807,17015039480207108107,1701503948020710810207,202507,7
1,170150,170150,66,6,1,1,1,24,1,10,10,6,2, ,5,7,3, , , ,6,2,121250,1,1, , , ,26,1, ,3,1,20,3,1, , , , , , , , ,5610,5414,2, ,3,1,2,2,2,2,2,2,2,2,2,2,0,1,1,15,1,1,1,26, , , , , , , , , , , ,5, , , , ,168,0,1,40, , , ,2, ,2, ,1,50,2, ,2, ,2, , , , , , , , , , , , , , ,1,2513,"35,0774118865163",4,208.0,258,2,1, ,1,5,9,17,1,0,0,170150148803,1701501488030660605,17015014880306606105,1701501488030660610105,202505,5
1,170150,170150,63,4,1,4,1,20,3,10,10,6,2, ,17,7,3, , , ,6,1, ,3,2,12,2, , , , , , , , , ,9,52, , , ,2, , , , , , , , , , , , , , , , , , , , , , , , , , , , , , , , , , , , , ,5, , , , , , , , , , , ,2, ,2, ,2, ,2, ,2, ,2, ,2,2,2,1,1,2,2,2,2,2,2,2,8,1,2512,"37,1310111064226",4,0.0,90,7, ,1, , , ,17,1,1,0,170150287602,1701502876020630402,17015028760206304102,1701502876020630410402,202502,2
2,170184,170184,57,3,1,4,1,18,3,10,10,6,1,2, ,7,2, , , ,6,1, ,1,2,12,2, , , , , , , , , ,11, ,9, ,3, , , , , , , , , , , , , , , , , , , , , , , , , , , , , , , , , , , , , , ,5, , , , , , , , , , , ,2, ,2, ,1,8,2, ,2, ,2, , , , , , , , , , , , , , ,1,1721,"74,7238215154637",4,0.0,"92,6",9, , , , , ,17,6,0,0,170184907203,1701849072030570305,17018490720305703105,1701849072030570310405,202505,5
1,170150,170150,55,5,1,2,1,18,3,10,10,6,1,1, ,7,3, , , ,6,1, ,1,2,12,2, , , , , , , , , ,11, ,9, ,3, , , , , , , , , , , , , , , , , , , , , , , , , , , , , , , , , , , , , , ,5, , , , , , , , , , , ,2, ,2, ,2, ,2, ,2, ,2, , , , , , , , , , , , , , ,1,2511,"30,1824949834955",4,0.0,200,9, , , , , ,17,1,0,0,170150257315,1701502573150550502,17015025731505505102,1701502573150550510202,202502,2
1,170150,170150,59,2,1,2,1,25,3,1,10,6,1,6, ,9,5, ,2, ,6,2,91651,1,1, , , ,40, ,1,4, , , , , , , , , , , , ,6820,5414,2, ,2,2,2,2,1,1,1,2,2,1,1,1,3,1,1,5,2,1,1,40, , , , , , , , , , , ,1, , , , ,470,45,1,12, , , ,2, ,2, ,2, ,2, ,2, ,2, , , , , , , , , , , , , , ,1,2512,"95,6156764028423",5,527.0,"244,571428571429",1,1, ,1,5,12,17,1,0,0,170150283203,1701502832030590206,17015028320305902106,1701502832030590210206,202506,6
1,170150,170150,69,1,1,3,1,26,3,10,10,6,1,1, ,7,3, , , ,6,1, ,2,1, , , ,10,1, ,3,1,20,7, , , , , , , , , ,5610,5120,6,2, , , , , , , , , , , , ,1,6,1,1,3,2,1,10, , , , , , , , , , , ,5,100,1,5,25, , , , , , , ,2, ,2, ,2, ,2, ,2, ,2, , , , , , , , , , , , , , ,1,2512,"31,3822065316162",4,80.0,120,2,1, ,2,5,9,17,1,0,0,170150259002,1701502590020690111,17015025900206901111,1701502590020690110311,202511,11
1,170150,170150,62,6,1,4,2,26,3,2,10,6,2, ,2,9,5, ,1,30310401,6,1, ,2,1, , , ,40, ,1,4, , , , , , , , , , , , ,8510,2341,2, ,3,2,2,2,2,2,2,2,2,2,2,2,2,1,1,30,1,1,1,40, , , , , , , , , , , ,2, , , , ,500,0,2, , , , ,2, ,2, ,2, ,2, ,2, ,2, , , , , , , , , , , , , , ,1,2512,"21,1386317271319",5,500.0,"624,2",1,1, ,1,2,16,17,1,0,0,170150308704,1701503087040620604,17015030870406206104,1701503087040620610404,202504,4
2,170252,170252,62,1,1,3,2,29,4,10,10,5,2, ,3,5,7,1, , ,6,2,190250,1,1, , , ,30,1, ,4, , , , , , , , , , , , ,8121,9111,6,2, , , , , , , , , , , , ,10,8,1,1,3,2,1,30, , , , , , , , , , , ,5,200,2, ,0, , , , , , , ,2, ,2, ,2, ,2, ,2, ,2, , , , , , , , , , , , , , ,1,1721,"125,875434264287",3,200.0,"243,75",4,1, ,2,9,14,17,6,0,0,170252900201,1702529002010620104,17025290020106201104,1702529002010620110304,202504,4
1,170150,170150,58,2,1,4,1,21,7,10,10,6,1,5, ,9,1, ,2, ,6,2,90150,2,2,12,2, , , , , , , , , ,11, ,9, ,3, , , , , , , , , , , , , , , , , , , , , , , , , , , , , , , , , , , , , , ,5, , , , , , , , , , , ,2, ,2, ,2, ,2, ,2, ,2, , , , , , , , , , , , , , ,1,2511,"29,3016212154074",5,0.0,450,9, , , , , ,17,1,0,0,170150264803,1701502648030580212,17015026480305802112,1701502648030580210412,202512,12
1,170150,170150,54,1,1,2,1,21,3,1,10,6,2, ,5,7,3, , , ,6,2,120750,2,1, , , ,60, ,1,4, , , , , , , , , , , , ,8010,5414,2, ,3,2,2,2,1,2,1,2,2,1,1,1,1,1,1,50,1,1,1,60, , , , , , , , , , , ,1, , , , ,530,60,1,30, , , ,2, ,2, ,2, ,2, ,2, ,2, , , , , , , , , , , , , , ,1,2513,"26,8594234339179",4,620.0,560,1,1, ,1,5,14,17,1,0,0,170150160502,1701501605020540107,17015016050205401107,1701501605020540110207,202507,7
1,170150,170150,58,6,1,6,2,20,7,10,10,6,2, ,13,7,3, , , ,6,2,60350,1,2,12,2, , , , , , , , , ,11, ,9, ,4, , , , , , , , , , , , , , , , , , , , , , , , , , , , , , , , , , , , , , ,5, , , , , , , , , , , ,2, ,2, ,2, ,2, ,2, ,2, , , , , , , , , , , , , , ,1,2512,"79,0167546405063",4,0.0,"153,125",9, , , , , ,17,1,0,0,170150385702,1701503857020580612,17015038570205806112,1701503857020580610612,202512,12
1,170150,170150,63,9,1,3,2,19,3,10,10,6,1,1, ,7,3, , , ,6,1, ,4,2,12,2, , , , , , , , , ,11, ,9, ,3, , , , , , , , , , , , , , , , , , , , , , , , , , , , , , , , , , , , , , ,5, , , , , , , , , , , ,2, ,2, ,2, ,2, ,2, ,2, , , , , , , , , , , , , , ,1,2513,"131,024273071983",4,0.0,"298,75",9, , , , , ,17,1,0,0,170150073501,1701500735010630902,17015007350106309102,1701500735010630910302,202502,2
1,170150,170150,59,5,1,2,2,21,2,10,10,5,2, ,15,7,2, , , ,6,1, ,2,2,12,2, , , , , , , , , ,11, ,10, ,4, , , , , , , , , , , , , , , , , , , , , , , , , , , , , , , , , , , , , , ,5, , , , , , , , , , , ,2, ,2, ,2, ,2, ,2, ,2, , , , , , , , , , , , , , ,1,2512,"70,7684666250754",4,0.0,"66,6666666666667",9, , , , , ,17,1,1,0,170150370901,1701503709010590506,17015037090105905106,1701503709010590510206,202506,6
1,170150,170150,62,2,1,3,1,18,3,10,10,6,2, ,17,7,3, , , ,1,1, ,2,2,12,2, , , , , , , , , ,11, ,9, ,6, , , , , , , , , , , , , , , , , , , , , , , , , , , , , , , , , , , , , , ,5, , , , , , , , , , , ,2, ,2, ,2, ,2, ,2, ,2, , , , , , , , , , , , , , ,1,2513,"21,3344936704429",4,0.0,"92,8",9, , , , , ,17,1,0,0,170150085601,1701500856010620201,17015008560106202101,1701500856010620210301,202501,1
1,170150,170150,58,2,1,3,1,18,7,10,10,6,1,1, ,7,3, , , ,6,1, ,1,2,12,2, , , , , , , , , ,11, ,9, ,3, , , , , , , , , , , , , , , , , , , , , , , , , , , , , , , , , , , , , , ,5, , , , , , , , , , , ,2, ,2, ,2, ,2, ,2, ,2, , , , , , , , , , , , , , ,1,2512,"101,097689826388",4,0.0,200,9, , , , , ,17,1,0,0,170150110704,1701501107040580203,17015011070405802103,1701501107040580210303,202503,3
2,170454,170454,62,5,1,4,1,25,4,1,10,5,2, ,5,7,3, , , ,1,2,170250,4,1, , , ,40, ,1,4, , , , , , , , , , , , ,119,6113,2, ,2,1,2,2,1,1,1,2,2,2,1,1,5,11,2, , , ,1,40, , , , , , , , , , , ,1, , , , ,500,50,1,85, , , ,2, ,2, ,2, ,2, ,2, ,2, , , , , , , , , , , , , , ,1,1722,"35,0073425925205",4,635.0,"463,6",1,1, ,1,6,1,17,6,0,0,170454024801,1704540248010620504,17045402480106205104,1704540248010620510404,202504,4
1,170150,170150,56,5,1,3,2,21,3,10,10,6,1,5, ,7,3, , , ,6,1, ,2,2,12,2, , , , , , , , , ,11, ,9, ,3, , , , , , , , , , , , , , , , , , , , , , , , , , , , , , , , , , , , , , ,5, , , , , , , , , , , ,2, ,2, ,2, ,2, ,2, ,2, , , , , , , , , , , , , , ,1,2512,"66,0839650069923",4,0.0,"312,5",9, , , , , ,17,1,0,0,170150341902,1701503419020560502,17015034190205605102,1701503419020560510302,202502,2
1,170150,170150,51,2,1,3,1,24,3,1,10,6,2, ,5,8,3, ,1,20710303,6,1, ,2,1, , , ,4,1, ,4, , , , , , , , , , , , ,4322,3113,2, ,2,2,2,2,1,1,1,2,2,2,1,1,1,1,1,13,1,1,1,40, , , , , , , , , , , ,1, , , , ,500,47,1,10, , , ,2, ,2, ,2, ,2, ,2, ,2, , , , , , , , , , , , , , ,1,2513,"11,5571703350056",5,557.0,398,1,1, ,1,3,6,17,1,0,0,170150279701,1701502797010510203,17015027970105102103,1701502797010510210303,202503,3
1,170151,170151,53,4,1,3,1,25,3,10,10,6,1,5, ,9,2, ,2, ,6,2,170150,2,2,12,2, , , , , , , , , ,11, ,9, ,3, , , , , , , , , , , , , , , , , , , , , , , , , , , , , , , , , , , , , , ,5, , , , , , , , , , , ,2, ,2, ,2, ,2, ,2, ,2, , , , , , , , , , , , , , ,1,1712,"90,3470597085899",5,0.0,"277,5",9, , , , , ,17,6,0,0,170151005501,1701510055010530404,17015100550105304104,1701510055010530410304,202504,4
1,170150,170150,59,3,1,5,1,20,9,10,10,6,1,1, ,9,1, ,2, ,6,2,100650,1,2,12,2, , , , , , , , , ,11, ,8, ,3, , , , , , , , , , , , , , , , , , , , , , , , , , , , , , , , , , , , , , ,5, , , , , , , , , , , ,2, ,2, ,1,400,2, ,2, ,2, , , , , , , , , , , , , , ,1,2511,"9,62275084098889",5,0.0,"363,4",9, , , , , ,17,1,0,0,170150000402,1701500004020590306,17015000040205903106,1701500004020590310506,202506,6
2,170252,170252,73,6,1,7,1,19,3,10,10,6,2, ,5,7,3, , , ,1,1, ,4,1, , , ,30,1, ,4, , , , , , , , , , , , ,119,6113,2, ,2,2,2,2,2,2,2,2,2,2,2,2,4,11,1,6,2,1,1,30, , , , , , , , , , , ,5, , , , ,200,0,2, , , , ,2, ,2, ,2, ,2, ,2, ,2, , , , , , , , , , , , , , ,1,1721,"34,3684931197245",4,200.0,"186,666666666667",4,1, ,1,6,1,17,6,0,0,170252902202,1702529022020730609,17025290220207306109,1702529022020730610709,202509,9
2,170184,170184,40,4,1,1,1,29,1,10,10,1,2, ,11,8,3, ,2, ,6,1, ,1,1, , , ,50, ,1,4, , , , , , , , , , , , ,5610,5120,5,2, , , , , , , , , , , , ,1,6,1,3,2,2,1,50, , , , , , , , , , , ,5,1200,1,50,700, , , , , , , ,2, ,2, ,2, ,2, ,2, ,2, , , , , , , , , , , , , , ,1,1723,"49,6941624891491",5,550.0,275,1,1, ,2,5,9,17,6,0,0,170184905702,1701849057020400401,17018490570204004101,1701849057020400410101,202501,1
1,170150,170150,57,2,1,2,2,24,3,1,10,6,2, ,2,9,5, ,1,30330101,6,1, ,1,1, , , ,30,1, ,3,1,20,7, , , , , , , , , ,9499,2611,2, ,2,2,2,2,1,2,1,2,2,2,1,1,1,1,1,30,1,1,1,30, , , , , , , , , , , ,1, , , , ,400,43,2, , , , ,2, ,2, ,2, ,2, ,2, ,2, , , , , , , , , , , , , , ,1,2511,"25,3580670208815",5,443.0,"405,75",2,1, ,1,2,19,17,1,0,0,170150196607,1701501966070570205,17015019660705702105,1701501966070570210205,202505,5
1,170150,170150,53,9,1,1,2,29,1,10,10,6,1,1, ,7,3, , , ,6,1, ,1,2,12,2, , , , , , , , , ,8,2, , , ,1,5,2,9700,5322,10, , , , , , , , , , , , , , , , , , , , , , , , , , , , , , , , ,5, , , , , , , , , , , ,2, ,2, ,1,180,2, ,2, ,2, ,2,2,2,1,1,2,2,2,2,2,2,2,2,1,2513,"47,8702605646088",4,0.0,"62,3333333333333",7, ,1, , , ,17,1,1,0,170150015603,1701500156030530904,17015001560305309104,1701500156030530910104,202504,4
1,170150,170150,60,2,1,3,1,19,3,5,10,6,1,1, ,9,1, ,2, ,6,1, ,1,2,12,2, , , , , , , , , ,11, ,9, ,3, , , , , , , , , , , , , , , , , , , , , , , , , , , , , , , , , , , , , , ,5, , , , , , , , , , , ,2, ,2, ,2, ,2, ,2, ,2, , , , , , , , , , , , , , ,1,2511,"11,0986656257999",5,0.0,1045,9, , , , , ,17,1,0,0,170150196502,1701501965020600209,17015019650206002109,1701501965020600210309,202509,9
1,170150,170150,73,3,1,4,1,20,5,10,10,6,1,1, ,9,2, ,2, ,6,1, ,3,2,12,2, , , , , , , , , ,11, ,9, ,3, , , , , , , , , , , , , , , , , , , , , , , , , , , , , , , , , , , , , , ,5, , , , , , , , , , , ,2, ,2, ,2, ,2, ,2, ,2, , , , , , , , , , , , , , ,3,2512,"15,921664818808",5,0.0,642,9, , , , , ,17,1,0,0,170150270901,1701502709010730309,17015027090107303109,1701502709010730310409,202509,9
1,170150,170150,55,7,1,3,2,29,3,10,10,6,2, ,2,9,5, ,1,30310401,6,1, ,2,1, , , ,40, ,1,4, , , , , , , , , , , , ,8690,2634,6,2, , , , , , , , , , , , ,3,6,1,1,2,1,1,40, , , , , , , , , , , ,5,470,2, ,0, , , , , , , ,2, ,2, ,2, ,2, ,2, ,2, , , , , , , , , , , , , , ,1,2512,"202,822097240184",5,470.0,240,1,1, ,1,2,17,17,1,0,0,170150231801,1701502318010550702,17015023180105507102,1701502318010550710302,202502,2
1,170150,170150,65,5,1,3,1,22,3,1,10,6,2, ,3,7,3, , , ,6,1, ,1,1, , , ,66, ,1,4, , , , , , , , , , , , ,1071,5414,2, ,3,1,2,2,1,1,1,2,2,2,1,1,2,1,2, , , ,1,66, , , , , , , , , , , ,1, , , , ,500,70,1,58, , , ,2, ,2, ,2, ,2, ,2, ,2, , , , , , , , , , , , , , ,1,2512,"41,746994948633",4,628.0,"319,333333333333",1,1, ,1,5,3,17,1,0,0,170150071802,1701500718020650507,17015007180206505107,1701500718020650510307,202507,7
2,170350,170350,40,2,1,3,1,23,3,10,10,6,1,1, ,9,1, ,2, ,1,1, ,2,2,12,2, , , , , , , , , ,11, ,9, ,3, , , , , , , , , , , , , , , , , , , , , , , , , , , , , , , , , , , , , , ,5, , , , , , , , , , , ,2, ,2, ,2, ,2, ,2, ,2, , , , , , , , , , , , , , ,1,1722,"38,3114396176256",5,0.0,"124,714285714286",9, , , , , ,17,6,0,0,170350900504,1703509005040400201,17035090050404002101,1703509005040400210301,202501,1
2,170168,170168,63,8,1,1,2,21,1,3,10,6,1,3, ,9,1, ,2, ,6,1, ,1,2,12,2, , , , , , , , , ,11, ,9, ,3, , , , , , , , , , , , , , , , , , , , , , , , , , , , , , , , , , , , , , ,3, , , , , , , , , , , ,2, ,2, ,1,100,2, ,2, ,2, , , , , , , , , , , , , , ,1,1722,"38,5647262951499",5,0.0,50,9, , , , , ,17,6,1,1,170168082501,1701680825010630805,17016808250106308105,1701680825010630810105,202505,5
1,170150,170150,54,6,1,3,2,23,3,10,10,6,1,1, ,9,2, ,2, ,6,1, ,3,2,12,2, , , , , , , , , ,11, ,9, ,3, , , , , , , , , , , , , , , , , , , , , , , , , , , , , , , , , , , , , , ,5, , , , , , , , , , , ,2, ,2, ,2, ,2, ,2, ,2, , , , , , , , , , , , , , ,1,2511,"12,8460502606457",5,0.0,"333,333333333333",9, , , , , ,17,1,0,0,170150213702,1701502137020540607,17015021370205406107,1701502137020540610307,202507,7
1,170179,170179,68,9,1,3,2,18,3,10,10,6,1,2, ,7,2, , , ,6,1, ,1,2,12,2, , , , , , , , , ,11, ,9, ,3, , , , , , , , , , , , , , , , , , , , , , , , , , , , , , , , , , , , , , ,5, , , , , , , , , , , ,2, ,2, ,2, ,2, ,2, ,2, , , , , , , , , , , , , , ,1,1713,"63,4498721188113",4,0.0,210,9, , , , , ,17,6,0,0,170179102303,1701791023030680907,17017910230306809107,1701791023030680910307,202507,7
2,170353,170353,76,1,1,6,1,25,4,1,10,5,2, ,11,7,3, , , ,6,1, ,1,1, , , ,40, ,1,1,2, , , , , , , , , , , ,8411,9112,1, ,3,1,2,2,1,1,1,2,2,2,1,1,0,1,2, , , ,1,40, , , , , , , , , , , ,1, , , , ,425,45,1,70, , , ,2, ,2, ,2, ,2, ,2, ,2, , , , , , , , , , , , , , ,1,1722,"36,6859342077284",4,540.0,"164,285714285714",1,1, ,1,9,15,17,6,0,0,170353900302,1703539003020760112,17035390030207601112,1703539003020760110612,202512,12
1,170150,170150,68,9,1,4,2,28,3,10,10,6,2, ,2,9,4, ,1,30910502,6,1, ,1,1, , , ,40, ,1,4, , , , , , , , , , , , ,9499,2264,2, ,3,2,2,2,2,2,2,2,2,2,2,2,0,1,2, , , ,1,40, , , , , , , , , , , ,5, , , , ,500,0,2, , , , ,2, ,2, ,2, ,2, ,2, ,2, , , , , , , , , , , , , , ,1,2511,"30,7496016288718",5,500.0,"905,75",1,1, ,1,2,19,17,1,0,0,170150308402,1701503084020680907,17015030840206809107,1701503084020680910407,202507,7
2,170152,170152,40,1,1,4,1,20,3,10,10,6,1,1, ,9,1, ,2, ,6,1, ,2,2,12,2, , , , , , , , , ,11, ,9, ,3, , , , , , , , , , , , , , , , , , , , , , , , , , , , , , , , , , , , , , ,5, , , , , , , , , , , ,2, ,2, ,2, ,2, ,2, ,2, , , , , , , , , , , , , , ,1,1722,"75,8071339878132",5,0.0,"92,5",9, , , , , ,17,6,0,0,170152900301,1701529003010400101,17015290030104001101,1701529003010400110401,202501,1
1,170150,170150,54,2,1,4,2,21,3,10,10,6,1,1, ,9,1, ,2, ,6,1, ,1,2,12,2, , , , , , , , , ,11, ,9, ,3, , , , , , , , , , , , , , , , , , , , , , , , , , , , , , , , , , , , , , ,5, , , , , , , , , , , ,2, ,2, ,2, ,2, ,2, ,2, , , , , , , , , , , , , , ,1,2511,"39,0804379239701",5,0.0,200,9, , , , , ,17,1,0,0,170150319406,1701503194060540207,17015031940605402107,1701503194060540210407,202507,7
1,170150,170150,68,2,1,3,1,18,3,10,10,6,1,6, ,9,1, ,2, ,1,1, ,3,2,12,2, , , , , , , , , ,11, ,9, ,3, , , , , , , , , , , , , , , , , , , , , , , , , , , , , , , , , , , , , , ,5, , , , , , , , , , , ,2, ,2, ,2, ,2, ,2, ,2, , , , , , , , , , , , , , ,1,2513,"94,4864310673419",5,0.0,"81,2",9, , , , , ,17,1,1,0,170150375902,1701503759020680207,17015037590206802107,1701503759020680210307,202507,7
1,170150,170150,56,4,1,2,2,19,7,4,10,6,1,1, ,9,1, ,2, ,6,1, ,2,2,12,2, , , , , , , , , ,11, ,9, ,3, , , , , , , , , , , , , , , , , , , , , , , , , , , , , , , , , , , , , , ,5, , , , , , , , , , , ,2, ,2, ,2, ,2, ,2, ,2, , , , , , , , , , , , , , ,1,2512,"47,5325582992008",5,0.0,"133,333333333333",9, , , , , ,17,1,0,0,170150312402,1701503124020560402,17015031240205604102,1701503124020560410202,202502,2
1,170150,170150,65,4,1,3,1,20,3,10,10,6,1,6, ,7,2, , , ,6,3,862,2,2,12,2, , , , , , , , , ,3,12, , , ,2, , , , , , , , , , , , , , , , , , , , , , , , , , , , , , , , , , , , , ,5, , , , , , , , , , , ,2, ,2, ,2, ,2, ,2, ,2, ,2,1,1,1,1,2,2,2,2,2,2,2,8,1,2513,"36,2155134138681",4,0.0,"133,333333333333",7, ,1, , , ,17,1,0,0,170150290601,1701502906010650404,17015029060106504104,1701502906010650410304,202504,4
1,170150,170150,63,1,1,3,2,20,3,10,10,6,1,1, ,9,2, ,2, ,6,1, ,1,2,12,2, , , , , , , , , ,11, ,9, ,3, , , , , , , , , , , , , , , , , , , , , , , , , , , , , , , , , , , , , , ,5, , , , , , , , , , , ,2, ,2, ,2, ,2, ,2, ,2, , , , , , , , , , , , , , ,1,2512,"23,3143733345201",5,0.0,150,9, , , , , ,17,1,0,0,170150230503,1701502305030630102,17015023050306301102,1701502305030630110302,202502,2
1,170150,170150,68,1,1,3,1,28,7,1,10,6,2, ,2,9,5, ,1,30610101,6,1, ,1,1, , , ,40, ,1,4, , , , , , , , , , , , ,6201,2512,2, ,2,2,2,2,1,2,1,2,2,2,1,1,3,1,1,20,1,1,1,40, , , , , , , , , , , ,1, , , , ,1400,140,2, , , , ,2, ,2, ,2, ,2, ,2, ,2, , , , , , , , , , , , , , ,1,2511,"13,6247222348835",5,1540.0,"592,5",1,1, ,1,2,10,17,1,0,0,170150165602,1701501656020680110,17015016560206801110,1701501656020680110310,202510,10
1,170150,170150,40,4,1,3,1,26,3,2,10,6,2, ,2,9,5, ,1,30710801,6,1, ,1,2,12,2, , , , , , , , , ,11, ,6,1, ,2, , , , , , , , , , , , , , , , , , , , , , , , , , , , , , , , , , , , , ,2, , , , , , , , , , , ,2, ,2, ,2, ,2, ,2, ,2, ,2,1,1,2,2,2,2,2,2,2,2,2,8,1,2511,"14,4274512327971",5,0.0,"659,5",8, ,1, , , ,17,1,0,0,170150319406,1701503194060400401,17015031940604004101,1701503194060400410301,202501,1
1,170550,170550,66,8,1,4,2,20,3,10,10,6,1,1, ,9,1, ,2, ,6,2,170150,2,2,12,2, , , , , , , , , ,11, ,9, ,3, , , , , , , , , , , , , , , , , , , , , , , , , , , , , , , , , , , , , , ,5, , , , , , , , , , , ,2, ,2, ,1,550,2, ,2, ,2, , , , , , , , , , , , , , ,1,1713,"439,694204947978",5,0.0,"813,75",9, , , , , ,17,6,0,0,170550042403,1705500424030660805,17055004240306608105,1705500424030660810405,202505,5
1,170155,170155,51,4,1,3,1,22,3,10,10,6,2, ,3,7,3, , , ,6,1, ,2,1, , , ,40, ,1,4, , , , , , , , , , , , ,4923,8332,2, ,3,1,2,1,2,1,2,2,2,2,2,2,2,1,1,60,1,1,1,40, , , , , , , , , , , ,5, , , , ,470,0,1,106, , , ,2, ,2, ,2, ,2, ,2, ,2, , , , , , , , , , , , , , ,1,1711,"36,5999815514371",4,576.0,"367,5",1,1, ,1,8,8,17,6,0,0,170155040401,1701550404010510403,17015504040105104103,1701550404010510410303,202503,3
1,170150,170150,59,3,1,2,2,20,3,10,10,6,1,1, ,7,3, , , ,6,3,724,1,1, , , ,16,1, ,4, , , , , , , , , , , , ,5610,5120,2, ,3,1,2,2,2,2,2,2,2,2,2,2,0,1,1,5,2,1,1,16, , , , , , , , , , , ,5, , , , ,150,0,1,40, , , ,2, ,2, ,2, ,2, ,2, ,2, , , , , , , , , , , , , , ,1,2513,"25,6015089806098",4,190.0,445,4,1, ,1,5,9,17,1,0,0,170150197803,1701501978030590306,17015019780305903106,1701501978030590310206,202506,6
1,170150,170150,72,5,1,3,1,21,3,10,10,6,1,1, ,9,2, ,2, ,6,1, ,1,2,12,2, , , , , , , , , ,11, ,9, ,3, , , , , , , , , , , , , , , , , , , , , , , , , , , , , , , , , , , , , , ,5, , , , , , , , , , , ,2, ,2, ,2, ,2, ,2, ,2, , , , , , , , , , , , , , ,1,2511,"22,9689329850151",5,0.0,"351,25",9, , , , , ,17,1,0,0,170150092504,1701500925040720511,17015009250407205111,1701500925040720510311,202511,11
1,170150,170150,67,3,2,1,2,20,1,10,10,6,2, ,3,7,3, , , ,6,1, ,1,1, , , ,40, ,1,4, , , , , , , , , , , , ,4799,9520,6,2, , , , , , , , , , , , ,3,3,1,1,3,2,1,40, , , , , , , , , , , ,5,180,2, ,100, , , , , , , ,2, ,2, ,1,30,2, ,2, ,2, , , , , , , , , , , , , , ,1,2513,"78,2874101819497",4,80.0,55,4,1, ,2,9,7,17,1,1,0,170150389001,1701503890010670309,17015038900106703209,1701503890010670320109,202509,9
1,170150,170150,52,3,1,5,1,28,3,2,10,6,2, ,2,9,4, ,1,30210202,6,1, ,2,1, , , ,40, ,1,4, , , , , , , , , , , , ,7410,2166,2, ,2,2,2,2,2,2,2,2,2,1,2,2,1,9,2, , , ,1,40, , , , , , , , , , , ,2, , , , ,1000,0,1,40, , , ,2, ,2, ,2, ,2, ,2, ,2, , , , , , , , , , , , , , ,1,2511,"19,5278203293346",5,1040.0,1565,1,1, ,1,2,13,17,1,0,0,170150216403,1701502164030520301,17015021640305203101,1701502164030520310501,202501,1
1,170150,170150,63,10,1,2,2,28,2,10,10,1,2, ,11,7,3, , , ,3,2,40150,2,2,12,2, , , , , , , , , ,11, ,8, ,4, , , , , , , , , , , , , , , , , , , , , , , , , , , , , , , , , , , , , , ,5, , , , , , , , , , , ,2, ,2, ,2, ,2, ,2, ,2, , , , , , , , , , , , , , ,1,2513,"38,4288409988071",4,0.0,"151,25",9, , , , , ,17,1,0,0,170150026001,1701500260010631002,17015002600106310102,1701500260010631010202,202502,2
1,170150,170150,64,1,1,2,1,27,3,10,10,5,2, ,11,7,2, , , ,6,2,170350,1,2,12,2, , , , , , , , , ,1,2, , , ,1,3,2,4100,7212,2, , , , , , , , , , , , , , , , , , , , , , , , , , , , , , , , ,5, , , , , , , , , , , ,2, ,2, ,2, ,2, ,2, ,2, ,2,2,1,1,1,2,2,2,2,2,2,2,3,1,2513,"49,232009292589",4,0.0,133,7, ,1, , , ,17,1,0,0,170150337002,1701503370020640103,17015033700206401103,1701503370020640110203,202503,3
1,170150,170150,68,3,1,2,2,23,3,10,10,6,2, ,3,7,3, , , ,6,1, ,3,1, , , ,20,9, , , , , , , , , , , , , , ,4781,5211,7, , , , , , , , , , , , , ,2,5,1,2,3,2,1,20, , , , , , , , , , , ,5, , , , , , , , , , , ,2, ,2, ,1,70,2, ,2, ,2, , , , , , , , , , , , , , ,1,2512,"121,077444222122",4,0.0,"83,3333333333333",5,1, ,2,5,7,17,1,1,0,170150305302,1701503053020680307,17015030530206803107,1701503053020680310207,202507,7
1,170150,170150,63,7,1,1,2,26,1,1,10,5,2, ,5,7,3, , , ,1,2,170250,1,1, , , ,40, ,1,4, , , , , , , , , , , , ,4773,5223,2, ,2,2,2,2,1,1,1,2,2,2,1,1,4,1,1,17,1,1,1,40, , , , , , , , , , , ,1, , , , ,470,70,1,5, , , ,2, ,2, ,2, ,2, ,2, ,2, , , , , , , , , , , , , , ,1,2513,"153,947732397831",4,545.0,"363,333333333333",1,1, ,1,5,7,17,1,0,0,170150041301,1701500413010630705,17015004130106307105,1701500413010630710105,202505,5
