area,ciudad,conglomerado,panelm,vivienda,hogar,p01,p02,p03,p04,p05a,p05b,p06,p07,p08,p09,p10a,p10b,p11,p12a,p12b,p15,p15aa,p15ab,cod_inf,p20,p21,p22,p23,p24,p25,p26,p27,p28,p29,p30,p31,p32,p33,p34,p35,p36,p37,p38,p39,p40,p41,p42,p42a,p43,p44a,p44b,p44c,p44d,p44e,p44f,p44g,p44h,p44i,p44j,p44k,p45,p46,p47a,p47b,p48,p49,p50,p51a,p51b,p51c,p52,p53,p54,p54a,p55,p56a,p56b,p57,p58,p61b1,p63,p64a,p64b,p65,p66,p67,p68a,p68b,p69,p70a,p70b,p71a,p71b,p72a,p72b,p73a,p73b,p74a,p74b,p75,p76,p77,p78,sd01,sd021,sd022,sd023,sd024,sd025,sd026,sd027,sd028,sd029,sd0210,sd0211,sd03,ced01a,estrato,fexp,nnivins,ingrl,ingpc,condact,empleo,desempleo,secemp,grupo1,rama1,prov,dominio,pobreza,epobreza,upm,id_vivienda,id_hogar,id_persona,periodo,mes
1,170150,170150,58,3,1,3,1,34,3,10,10,6,2, ,3,4,4,1, , ,6,1, ,1,1, , , ,24,3, ,2,1,16,1,1, , , , , , , , ,4100,7112,4, ,6,2,2,2,2,2,2,2,2,2,2,2,17,2,1,2,3,2,1,24, , , , , , , , , , , ,5, , , , ,300,0,2, , , , ,2, ,2, ,2, ,2, ,2, ,2, , , , , , , , , , , , , , ,1,2512,"19,8326107497714",3,300.0,"133,333333333333",2,1, ,2,7,6,17,1,0,0,170150157403,1701501574030580303,17015015740305803103,1701501574030580310303,202503,3
1,170150,170150,47,3,1,1,1,34,1,1,10,6,2, ,11,6,6, , , ,6,1, ,1,1, , , ,40, ,1,4, , , , , , , , , , , , ,4520,7231,2, ,2,1,2,2,1,1,1,2,2,2,1,1,15,1,1,8,3,1,1,40, , , , , , , , , , , ,1, , , , ,600,60,1,70, , , ,2, ,2, ,2, ,2, ,2, ,2, , , , , , , , , , , , , , ,1,2513,"28,0450786696597",4,730.0,730,1,1, ,1,7,7,17,1,0,0,170150046806,1701500468060470302,17015004680604703102,1701500468060470310102,202502,2
1,170150,170150,58,6,1,3,2,32,3,1,10,3,2, ,2,9,4, ,1,30910401,6,1, ,3,1, , , ,40, ,1,4, , , , , , , , , , , , ,8412,1342,1, ,3,2,2,2,1,2,1,2,2,2,1,1,4,1,2, , , ,1,40, , , , , , , , , , , ,1, , , , ,1500,150,2, , , , ,2, ,1,200,2, ,2, ,2, ,2, , , , , , , , , , , , , , ,1,2511,"39,2722818936586",5,1650.0,1050,1,1, ,1,1,15,17,1,0,0,170150134904,1701501349040580612,17015013490405806112,1701501349040580610312,202512,12
1,170150,170150,72,5,1,2,2,30,2,10,10,5,2, ,11,5,10,1, , ,6,2,40650,2,2,12,2, , , , , , , , , ,11, ,9, ,4, , , , , , , , , , , , , , , , , , , , , , , , , , , , , , , , , , , , , , ,5, , , , , , , , , , , ,2, ,2, ,2, ,2, ,2, ,2, , , , , , , , , , , , , , ,1,2513,"49,6251482108872",3,0.0,"212,5",9, , , , , ,17,1,0,0,170150025202,1701500252020720508,17015002520207205108,1701500252020720510208,202508,8
2,170252,170252,52,2,1,1,2,35,1,1,10,2,2, ,5,4,6,1, , ,6,2,170255,1,1, , , ,40, ,1,4, , , , , , , , , , , , ,119,6113,2, ,2,2,2,2,1,1,1,2,2,2,1,1,8,11,2, , , ,1,40, , , , , , , , , , , ,1, , , , ,460,60,1,8, , , ,2, ,2, ,1,60,2, ,2, ,2, , , , , , , , , , , , , , ,1,1722,"210,820099298276",3,528.0,"101,333333333333",1,1, ,1,6,1,17,6,0,0,170252900103,1702529001030520201,17025290010305202101,1702529001030520210101,202501,1
2,170168,170168,53,9,1,1,1,30,1,10,10,1,2, ,5,7,3, , , ,6,2,100352,1,1, , , ,40, ,1,4, , , , , , , , , , , , ,9700,5414,10, ,3,2,1,2,2,2,2,2,2,2,2,2,0,8,1,3, , ,1,40, , , , , , , , , , , ,5, , , , ,550,0,1,80, , , ,2, ,2, ,2, ,2, ,2, ,2, , , , , , , , , , , , , , ,1,1722,"54,6391228818191",4,630.0,"171,25",1,1, ,3,5,20,17,6,0,0,170168900603,1701689006030530901,17016890060305309101,1701689006030530910101,202501,1
1,170150,170150,72,8,1,2,1,30,3,1,10,6,2, ,2,9,5, ,1,31010201,6,1, ,1,1, , , ,40, ,1,4, , , , , , , , , , , , ,5610,3434,2, ,2,2,2,2,1,2,1,2,2,2,1,1,4,1,1,30,1,1,1,40, , , , , , , , , , , ,1, , , , ,1000,100,2, , , , ,2, ,2, ,2, ,2, ,2, ,2, , , , , , , , , , , , , , ,1,2511,"48,9652039458317",5,1100.0,1335,1,1, ,1,3,9,17,1,0,0,170150261702,1701502617020720808,17015026170207208108,1701502617020720810208,202508,8
1,170150,170150,72,4,1,2,2,35,2,1,10,1,2, ,2,9,4, ,1,30110201,6,1, ,2,1, , , ,30,1, ,1,1,10,7, , , , , , , , , ,8521,2341,2, ,2,2,2,2,1,2,1,2,2,2,1,1,13,1,1,65,1,1,1,30, , , , , , , , , , , ,1, , , , ,700,45,2, , , , ,2, ,2, ,1,170,2, ,2, ,2, , , , , , , , , , , , , , ,1,2511,"187,804987780418",5,745.0,"491,25",2,1, ,1,2,16,17,1,0,0,170150233201,1701502332010720408,17015023320107204108,1701502332010720410208,202508,8
1,170150,170150,74,4,1,1,1,30,1,4,10,5,2, ,2,10,2, ,1,50320101,6,1, ,2,1, , , ,40, ,1,4, , , , , , , , , , , , ,8422,210,1, ,1,2,2,2,1,2,1,2,2,2,1,1,11,1,2, , , ,1,40, , , , , , , , , , , ,4, , , , ,700,256,2, , , , ,2, ,2, ,2, ,2, ,2, ,2, , , , , , , , , , , , , , ,1,2513,"28,3285406837809",5,956.0,460,1,1, ,1,10,15,17,1,0,0,170150148404,1701501484040740410,17015014840407404110,1701501484040740410110,202510,10
1,170150,170150,72,10,1,2,2,35,2,10,10,1,2, ,2,9,5, ,1,30410102,6,1, ,2,2,12,2, , , , , , , , , ,11, ,9, ,4, , , , , , , , , , , , , , , , , , , , , , , , , , , , , , , , , , , , , , ,5, , , , , , , , , , , ,2, ,2, ,2, ,2, ,2, ,2, , , , , , , , , , , , , , ,1,2511,"20,8717191626633",5,0.0,"206,25",9, , , , , ,17,1,0,0,170150199502,1701501995020721008,17015019950207210108,1701501995020721010208,202508,8
1,170150,170150,65,5,1,1,1,30,1,1,10,1,2, ,5,7,3, , , ,5,2,120850,2,1, , , ,50, ,1,4, , , , , , , , , , , , ,2395,8114,2, ,2,2,2,2,1,1,1,2,2,2,1,1,8,1,2, , , ,1,50, , , , , , , , , , , ,1, , , , ,550,600,1,20, , , ,2, ,2, ,2, ,2, ,2, ,2, , , , , , , , , , , , , , ,1,2513,"89,6761669860873",4,1170.0,585,1,1, ,1,8,3,17,1,0,0,170150355403,1701503554030650507,17015035540306505107,1701503554030650510107,202507,7
1,170150,170150,53,3,1,5,1,30,7,10,10,6,2, ,2,9,4, ,1,30110401,6,2,110650,1,1, , , ,40, ,1,3,1,10,1,3, , , , , , , , ,4711,5223,7, , , , , , , , , , , , , ,6,6,1,2,3,2,1,40, , , , , , , , , , , ,5, , , , , , , , , , , ,2, ,2, ,2, ,2, ,2, ,2, , , , , , , , , , , , , , ,1,2513,"16,7742296273273",5,0.0,316,5,1, ,2,5,7,17,1,0,0,170150161402,1701501614020530304,17015016140205303104,1701501614020530310504,202504,4
2,170175,170175,71,6,1,3,1,32,3,10,10,6,2, ,2,9,5, ,1,30710301,6,2,170185,1,2,12,2, , , , , , , , , ,9,3, , , ,1,5,3,4100,9313,4, , , , , , , , , , , , , , , , , , , , , , , , , , , , , , , , ,5, , , , , , , , , , , ,2, ,2, ,1,300,2, ,2, ,2, ,2,2,1,1,1,2,2,2,2,2,2,2,2,1,1722,"29,2899385667068",5,0.0,"308,75",7, ,1, , , ,17,6,0,0,170175901801,1701759018010710607,17017590180107106107,1701759018010710610307,202507,7
1,170150,170150,53,4,1,1,2,31,1,1,10,6,2, ,2,10,2, ,1,50720502,6,1, ,1,2,12,1,1,40, ,1,4, , , , , , , , , , , , ,3510,2151,1, ,1,1,2,1,1,1,1,2,2,2,1,1,3,1,2, , , ,1,40, , , , , , , , , , , ,1, , , , ,2000,400,1,140, , , ,2, ,2, ,2, ,2, ,2, ,2, , , , , , , , , , , , , , ,1,2511,"35,7636242061968",5,2540.0,1280,1,1, ,1,2,4,17,1,0,0,170150161502,1701501615020530401,17015016150205304101,1701501615020530410101,202501,1
2,170850,170850,69,2,1,1,1,32,1,1,10,5,2, ,5,4,6,1, , ,6,2,130350,2,1, , , ,30,1, ,2,1,10,7, , , , , , , , , ,129,6112,2, ,2,2,2,2,1,2,1,2,2,2,1,1,16,11,1,10,1,1,1,30, , , , , , , , , , , ,1, , , , ,210,25,2, , , , ,2, ,2, ,1,100,2, ,2, ,2, , , , , , , , , , , , , , ,1,1721,"171,935048311609",3,235.0,78,2,1, ,1,6,1,17,6,1,0,170850901502,1708509015020690208,17085090150206902108,1708509015020690210108,202508,8
1,170157,170157,54,3,1,1,1,32,1,10,10,5,2, ,5,6,6, , , ,6,2,120650,2,1, , , ,24,1, ,1,1,16,7, , , , , , , , , ,8130,6113,2, ,3,1,2,2,2,2,2,2,2,2,2,2,2,8,1,3,3,2,1,24, , , , , , , , , , , ,5, , , , ,300,0,1,30, , , ,2, ,2, ,2, ,2, ,2, ,2, , , , , , , , , , , , , , ,1,1713,"92,3898382246102",4,330.0,"128,333333333333",2,1, ,2,6,14,17,6,0,0,170157072402,1701570724020540304,17015707240205403104,1701570724020540310104,202504,4
1,170150,170150,66,10,1,2,2,33,2,10,10,1,2, ,3,6,6, , , ,6,2,110850,1,2,12,2, , , , , , , , , ,11, ,9, ,4, , , , , , , , , , , , , , , , , , , , , , , , , , , , , , , , , , , , , , ,5, , , , , , , , , , , ,2, ,2, ,2, ,2, ,2, ,2, , , , , , , , , , , , , , ,1,2513,"68,5501146391172",4,0.0,"152,5",9, , , , , ,17,1,0,0,170150364601,1701503646010661005,17015036460106610105,1701503646010661010205,202505,5
1,170150,170150,72,2,1,1,1,35,1,2,10,5,2, ,3,4,6,1, , ,4,2,80163,1,1, , , ,24,3, ,1,1,25,1,4, , , , , , , , ,2511,7212,2, ,2,2,2,2,2,2,2,2,2,2,2,2,10,1,1,5,3,2,1,40, , , , , , , , , , , ,2, , , , ,470,0,2, , , , ,2, ,2, ,1,120,2, ,2, ,2, , , , , , , , , , , , , , ,1,2512,"71,6878477100075",3,470.0,"197,5",2,1, ,2,7,3,17,1,0,0,170150258201,1701502582010720211,17015025820107202111,1701502582010720210111,202511,11
1,170150,170150,65,6,1,1,2,31,1,10,10,6,2, ,5,6,6, , , ,6,1, ,1,1, , , ,42, ,1,4, , , , , , , , , , , , ,4799,9520,6,2, , , , , , , , , , , , ,10,3,1,1,3,2,1,42, , , , , , , , , , , ,5,500,1,50,350, , , , , , , ,2, ,2, ,2, ,2, ,2, ,2, , , , , , , , , , , , , , ,1,2513,"89,6761669860873",4,200.0,152,4,1, ,2,9,7,17,1,0,0,170150355403,1701503554030650607,17015035540306506107,1701503554030650610107,202507,7
1,170150,170150,66,2,1,2,2,35,2,1,10,5,2, ,5,6,6, , , ,6,2,40150,1,1, , , ,40, ,1,4, , , , , , , , , , , , ,1410,7531,2, ,2,2,2,2,1,2,1,2,2,2,1,1,5,1,1,15,1,1,1,40, , , , , , , , , , , ,1, , , , ,425,45,2, , , , ,2, ,2, ,2, ,2, ,2, ,2, , , , , , , , , , , , , , ,1,2513,"44,7558518885967",4,470.0,"363,333333333333",1,1, ,1,7,3,17,1,0,0,170150148803,1701501488030660208,17015014880306602108,1701501488030660210208,202508,8
1,170180,170180,69,4,1,2,2,31,2,10,10,1,2, ,8,6,6, , , ,6,2,130150,2,2,12,2, , , , , , , , , ,11, ,9, ,4, , , , , , , , , , , , , , , , , , , , , , , , , , , , , , , , , , , , , , ,5, , , , , , , , , , , ,2, ,2, ,2, ,2, ,1,55,2, , , , , , , , , , , , , , ,1,1713,"233,302593038504",4,0.0,83,9, , , , , ,17,6,1,0,170180105103,1701801051030690411,17018010510306904111,1701801051030690410211,202511,11
2,170153,170153,72,9,1,3,2,30,3,1,10,6,2, ,5,7,3, , , ,6,1, ,5,1, , , ,48, ,1,4, , , , , , , , , , , , ,119,6113,2, ,2,1,2,1,1,2,1,2,2,2,1,1,3,11,2, , , ,1,48, , , , , , , , , , , ,1, , , , ,470,43,1,90, , , ,2, ,2, ,2, ,2, ,2, ,2, , , , , , , , , , , , , , ,1,1721,"34,0761891820453",4,603.0,"186,9",1,1, ,1,6,1,17,6,0,0,170153900103,1701539001030720908,17015390010307209108,1701539001030720910308,202508,8
1,170150,170150,69,4,1,2,2,35,2,10,10,5,2, ,3,6,6, , , ,6,1, ,2,2,12,2, , , , , , , , , ,11, ,9, ,4, , , , , , , , , , , , , , , , , , , , , , , , , , , , , , , , , , , , , , ,5, , , , , , , , , , , ,2, ,2, ,2, ,2, ,2, ,2, , , , , , , , , , , , , , ,1,2513,"128,678879036151",4,0.0,76,9, , , , , ,17,1,1,0,170150027501,1701500275010690408,17015002750106904108,1701500275010690410208,202508,8
1,170150,170150,53,3,1,1,1,31,1,1,10,1,2, ,2,10,2, ,1,50410202,4,2,90150,1,1, , , ,40, ,1,4, , , , , , , , , , , , ,4530,2411,2, ,2,1,2,1,1,2,1,2,2,2,1,1,8,1,1,7,1,1,1,40, , , , , , , , , , , ,1, , , , ,1000,100,1,90, , , ,2, ,2, ,1,200,2, ,2, ,2, , , , , , , , , , , , , , ,1,2511,"12,9581044686719",5,1190.0,1820,1,1, ,1,2,7,17,1,0,0,170150039904,1701500399040530304,17015003990405303104,1701500399040530310104,202504,4
1,170150,170150,71,9,1,1,2,33,1,10,10,5,2, ,3,6,5, , , ,6,1, ,1,2,12,2, , , , , , , , , ,11, ,8, ,4, , , , , , , , , , , , , , , , , , , , , , , , , , , , , , , , , , , , , , ,5, , , , , , , , , , , ,2, ,2, ,2, ,2, ,2, ,2, , , , , , , , , , , , , , ,1,2513,"121,832325989729",4,0.0,69,9, , , , , ,17,1,1,0,170150219803,1701502198030710907,17015021980307109107,1701502198030710910107,202507,7
1,170150,170150,71,8,1,2,1,32,2,10,10,5,2, ,5,4,6,1, , ,6,1, ,1,1, , , ,40, ,1,4, , , , , , , , , , , , ,4100,7112,4, ,6,2,2,2,2,2,2,2,2,2,2,2,10,2,1,5,3,2,1,40, , , , , , , , , , , ,5, , , , ,700,0,2, , , , ,2, ,2, ,2, ,2, ,2, ,2, , , , , , , , , , , , , , ,1,2513,"116,442028897334",3,700.0,"255,666666666667",1,1, ,2,7,6,17,1,0,0,170150252703,1701502527030710807,17015025270307108107,1701502527030710810207,202507,7
2,170152,170152,54,5,1,3,2,31,4,10,10,5,2, ,2,8,3, ,1,20110103,6,1, ,1,1, , , ,40, ,1,4, , , , , , , , , , , , ,8510,2342,2, ,3,2,2,2,2,2,2,2,2,2,2,2,1,1,1,4,2,1,1,40, , , , , , , , , , , ,5, , , , ,300,0,2, , , , ,2, ,2, ,2, ,1,50,2, ,2, , , , , , , , , , , , , , ,1,1722,"28,5675118832277",5,300.0,"212,5",4,1, ,1,2,16,17,6,0,0,170152900301,1701529003010540507,17015290030105405107,1701529003010540510307,202507,7
1,170150,170150,73,4,1,3,2,32,3,1,10,5,2, ,2,8,3, ,1,20410304,6,1, ,3,1, , , ,40, ,1,4, , , , , , , , , , , , ,6419,1346,2, ,2,1,2,2,1,1,1,2,2,1,1,1,12,1,2, , , ,1,40, , , , , , , , , , , ,1, , , , ,1470,120,1,90, , , ,2, ,2, ,2, ,2, ,2, ,2, , , , , , , , , , , , , , ,1,2513,"773,78792118938",5,1680.0,"617,142857142857",1,1, ,1,1,11,17,1,0,0,170150035603,1701500356030730409,17015003560307304109,1701500356030730410309,202509,9
1,170150,170150,62,5,1,4,2,34,4,1,10,5,2, ,5,6,6, , , ,6,1, ,2,1, , , ,20,1, ,4, , , , , , , , , , , , ,5621,1412,2, ,2,1,2,2,1,2,1,2,2,2,1,1,5,1,1,5,3,2,1,20, , , , , , , , , , , ,1, , , , ,525,52,1,60, , , ,2, ,2, ,2, ,2, ,2, ,2, , , , , , , , , , , , , , ,1,2513,"45,8235590433533",4,637.0,"241,4",1,1, ,2,1,9,17,1,0,0,170150135601,1701501356010620504,17015013560106205104,1701501356010620510404,202504,4
1,170150,170150,65,5,1,2,2,31,3,10,10,6,2, ,2,8,3, ,1,20910902,6,1, ,1,2,12,2, , , , , , , , , ,8,48, , , ,1,5,48,8690,3230,6, , , , , , , , , , , , , , , , , , , , , , , , , , , , , , , , ,5, , , , , , , , , , , ,2, ,2, ,2, ,2, ,2, ,2, ,2,2,2,1,1,2,2,2,2,2,2,2,2,1,2512,"41,746994948633",5,0.0,"319,333333333333",7, ,1, , , ,17,1,0,0,170150071802,1701500718020650507,17015007180206505107,1701500718020650510207,202507,7
1,170150,170150,40,4,1,3,1,33,3,1,10,6,2, ,3,6,6, , , ,6,2,170169,2,1, , , ,50, ,1,4, , , , , , , , , , , , ,6120,7422,2, ,3,2,2,2,1,1,1,2,2,2,1,1,8,1,2, , , ,1,50, , , , , , , , , , , ,1, , , , ,900,45,1,13, , , ,2, ,2, ,2, ,2, ,2, ,2, , , , , , , , , , , , , , ,1,2512,"32,6553571993282",4,958.0,"758,25",1,1, ,1,7,10,17,1,0,0,170150066701,1701500667010400401,17015006670104004101,1701500667010400410301,202501,1
1,170150,170150,59,4,1,1,1,35,1,1,5,5,1,6, ,8,1, ,2, ,6,1, ,2,1, , , ,44, ,2,4, , , , , , , , , , , , ,6419,4211,2, ,2,1,2,2,1,1,1,1,2,1,1,1,12,1,2, , , ,1,40, , , , , , , , , , , ,1, , , , ,1000,200,1,200, , , ,2, ,2, ,2, ,2, ,2, ,2, , , , , , , , , , , , , , ,1,2511,"55,366624257051",5,1400.0,"407,25",1,1, ,1,4,11,17,1,0,0,170150063401,1701500634010590403,17015006340105904103,1701500634010590410103,202503,3
1,170150,170150,54,1,1,2,1,32,2,10,10,5,2, ,2,10,2, ,1,50310402,6,1, ,1,1, , , ,40, ,1,4, , , , , , , , , , , , ,9499,2634,6,2, , , , , , , , , , , , ,4,8,1,1,3,1,1,40, , , , , , , , , , , ,5,1500,2, ,0, , , , , , , ,2, ,2, ,2, ,2, ,2, ,2, , , , , , , , , , , , , , ,1,2512,"48,1908080132568",5,1500.0,1010,1,1, ,1,2,19,17,1,0,0,170150380905,1701503809050540104,17015038090505401104,1701503809050540110204,202504,4
1,170150,170150,55,3,1,2,2,31,2,5,10,1,2, ,2,9,3, ,1,20410302,6,2,100150,2,2,12,2, , , , , , , , , ,11, ,9, ,4, , , , , , , , , , , , , , , , , , , , , , , , , , , , , , , , , , , , , , ,5, , , , , , , , , , , ,2, ,2, ,2, ,2, ,2, ,2, , , , , , , , , , , , , , ,1,2512,"45,2648195720119",5,0.0,410,9, , , , , ,17,1,0,0,170150011201,1701500112010550311,17015001120105503111,1701500112010550310211,202511,11
1,170155,170155,64,6,1,1,1,33,1,1,6,1,2, ,2,8,3, ,1,20410304,6,2,170150,2,1, , , ,40, ,1,4, , , , , , , , , , , , ,6419,3312,2, ,2,2,2,2,1,1,1,1,2,2,1,1,5,1,2, , , ,1,40, , , , , , , , , , , ,1, , , , ,1700,200,1,60, , , ,2, ,2, ,2, ,2, ,2, ,2, , , , , , , , , , , , , , ,1,1711,"30,3442039501197",5,1960.0,"653,333333333333",1,1, ,1,3,11,17,6,0,0,170155041102,1701550411020640603,17015504110206406103,1701550411020640610103,202503,3
1,170150,170150,60,8,1,2,2,31,3,10,10,6,2, ,3,6,6, , , ,6,1, ,2,2,12,2, , , , , , , , , ,8,8, , , ,1,5,8,8220,1212,2, , , , , , , , , , , , , , , , , , , , , , , , , , , , , , , , ,5, , , , , , , , , , , ,2, ,2, ,2, ,2, ,2, ,2, ,2,2,2,1,1,2,2,2,2,2,2,2,2,1,2511,"55,3567665674582",4,0.0,",75",7, ,1, , , ,17,1,1,1,170150376302,1701503763020600809,17015037630206008109,1701503763020600810209,202509,9
1,170150,170150,66,7,1,1,1,33,1,1,5,6,2, ,5,9,5, ,1,30710503,6,1, ,1,1, , , ,40, ,4,4, , , , , , , , , , , , ,4711,2144,2, ,2,1,2,2,1,1,1,1,2,1,1,1,10,1,2, , , ,1,45, , , , , , , , , , , ,1, , , , ,1000,100,1,182, , , ,2, ,2, ,2, ,2, ,2, ,2, , , , , , , , , , , , , , ,1,2513,"36,0958205813713",5,1282.0,1282,1,1, ,1,2,7,17,1,0,0,170150048503,1701500485030660705,17015004850306607105,1701500485030660710105,202505,5
1,170150,170150,70,4,1,4,2,30,7,10,10,6,2, ,2,8,3, ,1,20410304,6,1, ,1,2,12,2, , , , , , , , , ,8,1, , , ,2, , , , , , , , , , , , , , , , , , , , , , , , , , , , , , , , , , , , , ,5, , , , , , , , , , , ,2, ,2, ,2, ,2, ,2, ,2, ,2,2,1,1,1,2,2,2,2,2,2,2,8,1,2512,"29,7935477579733",5,0.0,1037,7, ,1, , , ,17,1,0,0,170150077301,1701500773010700409,17015007730107004109,1701500773010700410409,202509,9
1,170184,170184,62,6,1,2,2,35,2,1,10,1,2, ,5,9,5, ,1,30410302,6,2,71350,1,1, , , ,40, ,1,4, , , , , , , , , , , , ,1702,4321,2, ,2,2,2,2,1,2,1,2,2,2,1,1,12,1,2, , , ,1,40, , , , , , , , , , , ,1, , , , ,900,120,2, , , , ,2, ,2, ,2, ,2, ,2, ,2, , , , , , , , , , , , , , ,1,1713,"74,3957833352876",5,1020.0,440,1,1, ,1,4,3,17,6,0,0,170184108502,1701841085020620604,17018410850206206104,1701841085020620610204,202504,4
1,170353,170353,67,9,1,1,1,34,1,10,10,5,2, ,3,6,6, , , ,1,1, ,2,1, , , ,40, ,1,4, , , , , , , , , , , , ,4210,8189,2, ,3,1,2,2,2,2,2,2,2,2,2,2,5,4,1,4,3,1,1,40, , , , , , , , , , , ,5, , , , ,432,0,1,50, , , ,2, ,2, ,1,150,2, ,2, ,2, , , , , , , , , , , , , , ,1,1711,"35,4452275083806",4,482.0,213,1,1, ,1,8,6,17,6,0,0,170353018604,1703530186040670906,17035301860406709106,1703530186040670910106,202506,6
1,170150,170150,40,5,1,2,2,35,3,10,10,6,2, ,2,9,5, ,1,30330101,6,1, ,2,2,12,2, , , , , , , , , ,11, ,9, ,4, , , , , , , , , , , , , , , , , , , , , , , , , , , , , , , , , , , , , , ,5, , , , , , , , , , , ,2, ,2, ,1,200,2, ,2, ,2, , , , , , , , , , , , , , ,1,2513,"54,6689728392861",5,0.0,565,9, , , , , ,17,1,0,0,170150115602,1701501156020400501,17015011560204005101,1701501156020400510201,202501,1
1,170156,170156,57,7,1,3,2,32,3,10,10,3,2, ,5,6,6, , , ,6,2,180150,1,1, , , ,40, ,1,4, , , , , , , , , , , , ,9602,5141,2, ,2,2,2,2,2,2,2,2,2,2,2,2,12,1,1,3,2,1,1,40, , , , , , , , , , , ,5, , , , ,470,0,2, , , , ,2, ,2, ,2, ,2, ,2, ,2, , , , , , , , , , , , , , ,1,1713,"32,318777381324",4,470.0,"322,5",1,1, ,1,5,19,17,6,0,0,170156050601,1701560506010570705,17015605060105707105,1701560506010570710305,202505,5
1,170150,170150,68,2,1,2,2,33,2,1,5,1,2, ,2,8,3, ,1,20410304,6,1, ,1,1, , , ,40, ,1,4, , , , , , , , , , , , ,1103,3322,2, ,2,2,2,2,1,1,1,2,2,1,1,1,12,1,2, , , ,1,40, , , , , , , , , , , ,1, , , , ,800,100,1,22, , , ,2, ,2, ,2, ,2, ,2, ,2, , , , , , , , , , , , , , ,1,2512,"262,73811918982",5,922.0,"184,4",1,1, ,1,3,3,17,1,0,0,170150392803,1701503928030680210,17015039280306802110,1701503928030680210210,202510,10
1,170150,170150,70,10,1,1,2,32,1,10,10,6,2, ,3,6,6, , , ,6,2,80454,1,1, , , ,60, ,2,4, , , , , , , , , , , , ,5610,5120,2, ,3,1,2,2,2,1,2,2,2,2,2,2,1,1,1,6,1,1,1,40, , , , , , , , , , , ,5, , , , ,500,0,1,130, , , ,2, ,1,210,2, ,2, ,1,55,2, , , , , , , , , , , , , , ,1,2512,"48,7664318580131",4,630.0,"226,75",1,1, ,1,5,9,17,1,0,0,170150319201,1701503192010701012,17015031920107010112,1701503192010701010112,202512,12
1,170150,170150,66,10,1,2,2,32,3,10,10,6,2, ,2,8,3, ,1,20410202,1,1, ,1,1, , , ,20,1, ,3,1,20,2,3, , , , , , , , ,1071,5223,2, ,3,2,2,2,2,1,2,2,2,2,2,2,2,1,1,4,2,1,1,20, , , , , , , , , , , ,5, , , , ,235,0,1,3, , , ,2, ,2, ,2, ,2, ,2, ,2, , , , , , , , , , , , , , ,1,2513,"100,601316921547",5,238.0,"147,777777777778",2,1, ,1,5,3,17,1,0,0,170150141404,1701501414040661005,17015014140406610105,1701501414040661010205,202505,5
1,170451,170451,57,7,1,3,1,35,3,10,10,5,2, ,2,9,5, ,1,30810102,6,1, ,1,1, , , ,40, ,1,4, , , , , , , , , , , , ,113,2132,6,2, , , , , , , , , , , , ,5,10,1,1,3,1,1,40, , , , , , , , , , , ,5,600,1,20,150, , , , , , , ,2, ,2, ,2, ,2, ,2, ,2, , , , , , , , , , , , , , ,1,1711,"38,3331122055165",5,470.0,"281,3",1,1, ,1,2,1,17,6,0,0,170451028803,1704510288030570705,17045102880305707105,1704510288030570710305,202505,5
1,170150,170150,68,4,1,2,2,34,2,1,10,1,2, ,5,6,6, , , ,6,2,130450,1,1, , , ,40, ,1,4, , , , , , , , , , , , ,1610,4311,2, ,2,2,2,2,1,2,1,2,2,2,1,1,5,1,1,15,1,1,1,40, , , , , , , , , , , ,1, , , , ,423,47,2, , , , ,2, ,2, ,2, ,2, ,2, ,2, , , , , , , , , , , , , , ,1,2512,"573,738188450432",4,470.0,255,1,1, ,1,4,3,17,1,0,0,170150037902,1701500379020680407,17015003790206804107,1701500379020680410207,202507,7
1,170150,170150,63,6,1,4,2,33,7,2,10,6,2, ,2,10,2, ,1,50330107,6,2,70150,1,1, , , ,50, ,1,4, , , , , , , , , , , , ,6910,2611,6,2, , , , , , , , , , , , ,8,6,1,1,3,1,1,50, , , , , , , , , , , ,2,1500,2, ,250, , , , , , , ,2, ,2, ,2, ,2, ,2, ,2, , , , , , , , , , , , , , ,1,2511,"47,58037187938",5,1250.0,"1212,5",1,1, ,1,2,13,17,1,0,0,170150123502,1701501235020630605,17015012350206306105,1701501235020630610405,202505,5
2,170162,170162,70,2,1,2,1,32,3,10,10,6,2, ,5,6,3, , , ,1,2,160162,1,1, , , ,30,3, ,1,1,20,1,4, , , , , , , , ,4100,7112,4, ,6,2,2,2,2,2,2,2,2,2,2,2,10,2,1,4,3,2,1,40, , , , , , , , , , , ,5, , , , ,370,0,2, , , , ,2, ,2, ,2, ,2, ,2, ,2, , , , , , , , , , , , , , ,1,1722,"51,1971010979025",3,370.0,"223,333333333333",2,1, ,2,7,6,17,6,0,0,170162081003,1701620810030700212,17016208100307002112,1701620810030700210212,202512,12
1,170150,170150,65,1,1,1,1,33,1,10,10,1,2, ,5,4,6,1, , ,6,2,130350,2,1, , , ,50, ,1,4, , , , , , , , , , , , ,5610,5120,2, ,2,1,2,2,2,1,2,2,2,2,2,2,0,1,1,5,2,1,1,50, , , , , , , , , , , ,5, , , , ,530,0,1,53, , , ,2, ,2, ,2, ,2, ,2, ,2, , , , , , , , , , , , , , ,1,2512,"1120,41541860031",3,583.0,"369,333333333333",1,1, ,1,5,9,17,1,0,0,170150178401,1701501784010650104,17015017840106501104,1701501784010650110104,202504,4
2,170850,170850,54,1,1,1,1,32,1,1,10,1,2, ,5,6,6, , , ,6,2,230150,2,1, , , ,40, ,1,4, , , , , , , , , , , , ,149,9212,2, ,2,2,2,2,1,2,1,2,2,1,1,1,3,11,1,5,4,1,1,40, , , , , , , , , , , ,1, , , , ,423,47,1,3, , , ,2, ,2, ,2, ,2, ,2, ,2, , , , , , , , , , , , , , ,1,1721,"88,8324378727255",4,473.0,"139,5",1,1, ,1,9,1,17,6,0,0,170850901402,1708509014020540107,17085090140205401107,1708509014020540110107,202507,7
1,170150,170150,57,7,1,1,1,32,1,1,5,1,2, ,2,9,5, ,1,30330101,6,1, ,2,1, , , ,40, ,1,4, , , , , , , , , , , , ,6419,2611,2, ,2,1,2,2,1,2,1,1,2,1,1,1,2,1,2, , , ,1,40, , , , , , , , , , , ,1, , , , ,11500,500,1,80, , , ,2, ,2, ,2, ,2, ,2, ,2, , , , , , , , , , , , , , ,1,2512,"64,1352308263387",5,12080.0,3020,1,1, ,1,2,11,17,1,0,0,170150246003,1701502460030570705,17015024600305707105,1701502460030570710105,202505,5
1,170177,170177,70,5,1,2,2,30,2,10,10,1,2, ,11,7,3, , , ,6,2,230150,1,2,12,2, , , , , , , , , ,11, ,8, ,4, , , , , , , , , , , , , , , , , , , , , , , , , , , , , , , , , , , , , , ,5, , , , , , , , , , , ,2, ,2, ,2, ,2, ,2, ,2, , , , , , , , , , , , , , ,1,1713,"27,7439875708485",4,0.0,"228,6",9, , , , , ,17,6,0,0,170177090105,1701770901050700512,17017709010507005112,1701770901050700510212,202512,12
1,170150,170150,56,2,1,5,1,35,3,10,10,6,2, ,11,6,6, , , ,6,1, ,1,2,12,2, , , , , , , , , ,6,12, , , ,1,2,12,9329,5132,2, , , , , , , , , , , , , , , , , , , , , , , , , , , , , , , , ,5, , , , , , , , , , , ,2, ,2, ,2, ,2, ,2, ,2, ,2,2,2,1,1,2,2,2,2,2,2,2,1,1,2511,"18,1764942818818",4,0.0,755,7, ,1, , , ,17,1,0,0,170150022101,1701500221010560205,17015002210105602105,1701500221010560210505,202505,5
1,170550,170550,57,2,1,2,2,34,2,10,10,1,1,6, ,8,2, ,2, ,6,2,170150,2,1, , , ,24,1, ,3,1,10,7, , , , , , , , , ,6810,3334,6,2, , , , , , , , , , , , ,1,8,1,1,3,1,1,24, , , , , , , , , , , ,5,470,2, ,0, , , , , , , ,2, ,2, ,2, ,2, ,2, ,2, , , , , , , , , , , , , , ,1,1712,"32,4637365762689",5,470.0,380,2,1, ,1,3,12,17,6,0,0,170550040701,1705500407010570205,17055004070105702105,1705500407010570210205,202505,5
1,170150,170150,69,1,1,4,2,31,4,10,10,5,2, ,3,6,6, , , ,6,1, ,1,2,12,2, , , , , , , , , ,11, ,9, ,4, , , , , , , , , , , , , , , , , , , , , , , , , , , , , , , , , , , , , , ,5, , , , , , , , , , , ,2, ,2, ,2, ,2, ,2, ,2, , , , , , , , , , , , , , ,1,2513,"128,678879036151",4,0.0,181,9, , , , , ,17,1,0,0,170150027501,1701500275010690108,17015002750106901108,1701500275010690110408,202508,8
1,170150,170150,69,7,1,1,2,31,1,1,10,6,2, ,2,9,4, ,1,30410302,6,1, ,1,1, , , ,40, ,1,4, , , , , , , , , , , , ,4772,3313,2, ,2,1,2,2,1,1,1,2,2,2,1,1,8,1,2, , , ,1,40, , , , , , , , , , , ,1, , , , ,600,50,1,100, , , ,2, ,2, ,2, ,2, ,2, ,2, , , , , , , , , , , , , , ,1,2511,"19,3839856391691",5,750.0,750,1,1, ,1,3,7,17,1,0,0,170150232403,1701502324030690711,17015023240306907111,1701502324030690710111,202511,11
1,170150,170150,68,10,1,2,2,32,3,10,10,6,2, ,3,6,6, , , ,6,1, ,2,1, , , ,30,1, ,3,1,20,1,4, , , , , , , , ,5610,9411,6,2, , , , , , , , , , , , ,12,6,1,1,3,2,1,30, , , , , , , , , , , ,5,640,1,40,320, , , , , , , ,2, ,2, ,2, ,2, ,2, ,2, , , , , , , , , , , , , , ,1,2512,"36,3971657895785",4,360.0,280,2,1, ,2,9,9,17,1,0,0,170150238304,1701502383040681007,17015023830406810107,1701502383040681010207,202507,7
1,170150,170150,71,3,1,1,1,34,1,10,10,1,2, ,11,6,6, , , ,6,2,130150,2,2,12,2, , , , , , , , , ,1,48, , , ,1,5,48,4669,9612,2, , , , , , , , , , , , , , , , , , , , , , , , , , , , , , , , ,5, , , , , , , , , , , ,2, ,2, ,2, ,2, ,2, ,2, ,2,2,1,1,1,2,2,2,2,2,2,2,2,1,2511,"47,5712881737474",4,0.0,"156,666666666667",7, ,1, , , ,17,1,0,0,170150319401,1701503194010710310,17015031940107103110,1701503194010710310110,202510,10
1,170150,170150,71,9,1,2,2,34,3,1,10,3,2, ,2,9,4, ,1,30310402,6,1, ,1,1, , , ,40, ,1,4, , , , , , , , , , , , ,4649,1212,2, ,2,2,2,2,1,2,1,2,2,2,1,1,4,1,2, , , ,1,40, , , , , , , , , , , ,1, , , , ,800,80,2, , , , ,2, ,2, ,2, ,2, ,2, ,2, , , , , , , , , , , , , , ,1,2511,"47,5712881737474",5,880.0,"593,333333333333",1,1, ,1,1,7,17,1,0,0,170150319401,1701503194010710910,17015031940107109110,1701503194010710910210,202510,10
1,170150,170150,72,9,1,1,1,30,1,1,10,6,2, ,11,7,3, , , ,6,1, ,2,1, , , ,40, ,1,4, , , , , , , , , , , , ,2511,7222,2, ,3,2,2,2,1,2,1,2,2,2,1,1,5,1,1,2,2,1,1,40, , , , , , , , , , , ,1, , , , ,470,45,2, , , , ,2, ,2, ,2, ,2, ,2, ,2, , , , , , , , , , , , , , ,1,2513,"13,426031161975",4,515.0,"278,333333333333",1,1, ,1,7,3,17,1,0,0,170150336301,1701503363010720911,17015033630107209111,1701503363010720910111,202511,11
1,170150,170150,71,2,1,3,1,31,3,10,10,6,2, ,5,6,6, , , ,6,1, ,4,1, , , ,25,1, ,4, , , , , , , , , , , , ,5911,3521,6,2, , , , , , , , , , , , ,3,8,1,1,2,2,1,25, , , , , , , , , , , ,5,250,2, ,0, , , , , , , ,2, ,2, ,2, ,2, ,2, ,2, , , , , , , , , , , , , , ,1,2512,"39,7371080956977",4,250.0,"187,5",4,1, ,2,3,10,17,1,0,0,170150130705,1701501307050710207,17015013070507102107,1701501307050710210307,202507,7
1,170150,170150,55,3,1,1,1,31,1,10,10,5,2, ,5,9,2, ,1,10410201,6,3,862,1,1, , , ,40, ,1,4, , , , , , , , , , , , ,5320,8321,6,2, , , , , , , , , , , , ,4,3,1,1,3,2,1,40, , , , , , , , , , , ,5,200,2, ,50, , , , , , , ,2, ,2, ,2, ,2, ,2, ,2, , , , , , , , , , , , , , ,1,2512,"85,1655993817112",5,150.0,75,4,1, ,2,8,8,17,1,1,0,170150356003,1701503560030550302,17015035600305503102,1701503560030550310102,202502,2
1,170185,170185,72,3,1,1,2,34,1,1,10,5,2, ,5,6,3, , , ,6,1, ,1,1, , , ,40, ,1,4, , , , , , , , , , , , ,8010,5414,2, ,3,2,2,2,1,2,1,2,2,2,1,1,9,1,2, , , ,1,40, , , , , , , , , , , ,1, , , , ,0,80,2, , , , ,2, ,2, ,2, ,2, ,2, ,2, , , , , , , , , , , , , , ,1,1711,"105,213591612716",3,80.0,243,4,1, ,1,5,14,17,6,0,0,170185104904,1701851049040720308,17018510490407203108,1701851049040720310108,202508,8
1,170150,170150,69,2,1,2,1,30,2,1,5,5,2, ,2,10,2, ,1,51020101,6,1, ,1,1, , , ,40, ,1,4, , , , , , , , , , , , ,8010,1439,2, ,2,1,2,2,1,2,1,2,2,1,1,1,7,1,2, , , ,1,40, , , , , , , , , , , ,1, , , , ,1000,100,1,180, , , ,2, ,2, ,2, ,2, ,2, ,2, , , , , , , , , , , , , , ,1,2512,"60,6045159132946",5,1280.0,1565,1,1, ,1,1,14,17,1,0,0,170150146103,1701501461030690211,17015014610306902111,1701501461030690210211,202511,11
1,170150,170150,65,5,1,2,2,32,2,1,10,5,2, ,5,6,6, , , ,5,2,130350,1,1, , , ,40, ,1,4, , , , , , , , , , , , ,9603,5163,2, ,2,2,2,2,1,1,1,2,2,2,1,1,0,1,1,15,1,1,1,40, , , , , , , , , , , ,1, , , , ,500,43,1,20, , , ,2, ,2, ,2, ,2, ,2, ,2, , , , , , , , , , , , , , ,1,2512,"35,6907165676269",4,563.0,"628,666666666667",1,1, ,1,5,19,17,1,0,0,170150331601,1701503316010650504,17015033160106505104,1701503316010650510204,202504,4
1,170150,170150,55,7,1,3,1,30,3,10,10,6,1,5, ,9,3, ,2, ,6,1, ,1,2,12,2, , , , , , , , , ,11, ,9, ,3, , , , , , , , , , , , , , , , , , , , , , , , , , , , , , , , , , , , , , ,5, , , , , , , , , , , ,2, ,2, ,2, ,2, ,2, ,2, , , , , , , , , , , , , , ,1,2512,"120,200673411597",5,0.0,"373,333333333333",9, , , , , ,17,1,0,0,170150392303,1701503923030550711,17015039230305507111,1701503923030550710311,202511,11
1,170150,170150,72,6,1,2,1,30,3,1,10,6,2, ,2,8,3, ,1,20910411,6,1, ,1,1, , , ,40, ,1,4, , , , , , , , , , , , ,8620,3254,2, ,2,2,2,2,1,2,1,2,2,2,1,1,2,1,2, , , ,1,40, , , , , , , , , , , ,1, , , , ,700,70,2, , , , ,2, ,2, ,2, ,2, ,2, ,2, , , , , , , , , , , , , , ,1,2511,"22,9689329850151",5,770.0,"476,25",1,1, ,1,3,17,17,1,0,0,170150092504,1701500925040720611,17015009250407206111,1701500925040720610211,202511,11
1,170150,170150,57,7,1,1,1,30,1,1,10,5,2, ,5,7,3, , , ,6,2,90550,2,1, , , ,40, ,1,4, , , , , , , , , , , , ,5610,8322,2, ,2,1,2,2,1,1,1,2,2,2,1,1,5,1,2, , , ,1,40, , , , , , , , , , , ,1, , , , ,570,45,1,70, , , ,2, ,2, ,2, ,2, ,2, ,2, , , , , , , , , , , , , , ,1,2511,"148,760284649241",4,685.0,"271,25",1,1, ,1,8,9,17,1,0,0,170150046513,1701500465130570705,17015004651305707105,1701500465130570710105,202505,5
1,170353,170353,73,6,1,2,2,35,3,1,10,6,2, ,2,9,4, ,1,30110201,6,2,20250,1,1, , , ,40, ,1,4, , , , , , , , , , , , ,8521,2342,2, ,2,2,2,2,1,2,1,2,2,2,1,1,7,1,2, , , ,1,40, , , , , , , , , , , ,1, , , , ,425,45,2, , , , ,2, ,2, ,2, ,2, ,2, ,2, , , , , , , , , , , , , , ,1,1711,"50,7041637434849",5,470.0,235,1,1, ,1,2,16,17,6,0,0,170353019901,1703530199010730612,17035301990107306112,1703530199010730610212,202512,12
1,170150,170150,54,8,1,1,2,35,1,10,10,6,2, ,11,4,6,1, , ,6,1, ,1,1, , , ,30,1, ,2,1,10,7, , , , , , , , , ,9700,9111,10, ,3,2,2,2,2,2,2,2,2,2,2,2,5,8,1,1, , ,1,30, , , , , , , , , , , ,5, , , , ,200,0,2, , , , ,2, ,2, ,2, ,2, ,2, ,2, , , , , , , , , , , , , , ,1,2513,"37,8548104915456",3,200.0,50,2,1, ,3,9,20,17,1,1,1,170150148401,1701501484010540807,17015014840105408107,1701501484010540810107,202507,7
1,170150,170150,68,9,1,1,2,31,1,10,10,6,2, ,11,6,6, , , ,6,3,170,1,1, , , ,40, ,1,4, , , , , , , , , , , , ,9609,5169,2, ,3,2,2,2,2,2,2,2,2,2,2,2,2,1,1,30,1,1,1,40, , , , , , , , , , , ,5, , , , ,1000,0,2, , , , ,2, ,2, ,2, ,2, ,2, ,2, , , , , , , , , , , , , , ,2,2511,"13,1214900080779",4,1000.0,1000,1,1, ,1,5,19,17,1,0,0,170150193402,1701501934020680907,17015019340206809107,1701501934020680910107,202507,7
1,170150,170150,66,2,1,2,2,31,2,10,10,5,2, ,3,9,4, ,2, ,6,2,60150,2,2,12,2, , , , , , , , , ,11, ,9, ,4, , , , , , , , , , , , , , , , , , , , , , , , , , , , , , , , , , , , , , ,5, , , , , , , , , , , ,2, ,2, ,2, ,2, ,2, ,2, , , , , , , , , , , , , , ,1,2512,"56,5711008527212",5,0.0,"149,5",9, , , , , ,17,1,0,0,170150064102,1701500641020660208,17015006410206602108,1701500641020660210208,202508,8
1,170150,170150,64,1,1,2,1,34,3,10,10,6,2, ,5,6,6, , , ,6,1, ,1,1, , , ,45, ,1,4, , , , , , , , , , , , ,4321,7411,2, ,2,1,2,2,2,1,2,2,2,2,2,2,14,1,1,3,3,1,1,45, , , , , , , , , , , ,5, , , , ,400,0,1,75, , , ,2, ,2, ,2, ,2, ,2, ,2, , , , , , , , , , , , , , ,1,2512,"9,82788956427418",4,475.0,"397,25",1,1, ,1,7,6,17,1,0,0,170150179203,1701501792030640103,17015017920306401103,1701501792030640110203,202503,3
1,170150,170150,56,3,1,2,2,34,2,10,10,1,2, ,5,4,6,1, , ,1,2,60350,1,1, , , ,50, ,1,4, , , , , , , , , , , , ,4721,5223,7, , , , , , , , , , , , , ,5,6,1,3,3,2,1,50, , , , , , , , , , , ,5, , , , , , , , , , , ,2, ,2, ,2, ,2, ,2, ,2, , , , , , , , , , , , , , ,1,2512,"47,5325582992008",3,0.0,135,5,1, ,2,5,7,17,1,0,0,170150312402,1701503124020560302,17015031240205603102,1701503124020560310202,202502,2
1,170150,170150,68,8,1,1,1,35,1,1,10,5,2, ,11,6,6, , , ,6,2,50450,1,1, , , ,48, ,1,1,2, , , , , , , , , , , ,4921,8331,2, ,2,2,2,2,1,2,1,2,2,2,1,1,1,3,1,3,1,1,1,48, , , , , , , , , , , ,1, , , , ,650,65,2, , , , ,2, ,2, ,2, ,2, ,2, ,2, , , , , , , , , , , , , , ,1,2513,"33,8122829250177",4,715.0,"316,25",1,1, ,1,8,8,17,1,0,0,170150335201,1701503352010680810,17015033520106808110,1701503352010680810110,202510,10
1,170150,170150,64,1,1,2,1,35,5,10,10,6,2, ,5,4,4,1, , ,6,2,230150,2,1, , , ,1,8, ,1,1,15,1,4, , , , , , , , ,3312,7233,6,2, , , , , , , , , , , , ,17,8,1,1,3,2,1,30, , , , , , , , , , , ,5,500,2, ,100, , , , , , , ,2, ,2, ,2, ,2, ,2, ,2, , , , , , , , , , , , , , ,1,2512,"15,8221468120552",3,400.0,200,2,1, ,2,7,3,17,1,0,0,170150269303,1701502693030640103,17015026930306401103,1701502693030640110203,202503,3
1,170150,170150,54,6,1,1,2,35,1,1,10,6,2, ,2,8,3, ,1,20410402,6,1, ,1,1, , , ,20,1, ,4, , , , , , , , , , , , ,4922,5112,2, ,2,1,2,2,1,1,1,2,2,1,1,1,5,3,1,2,3,1,1,20, , , , , , , , , , , ,1, , , , ,144,55,1,75, , , ,2, ,2, ,2, ,2, ,2, ,2, , , , , , , , , , , , , , ,1,2511,"21,2366802063318",5,274.0,274,4,1, ,1,5,8,17,1,0,0,170150210602,1701502106020540607,17015021060205406107,1701502106020540610107,202507,7
2,170156,170156,52,2,1,2,2,35,2,10,10,1,2, ,8,4,2,1, , ,6,1, ,2,2,12,2, , , , , , , , , ,11, ,9, ,4, , , , , , , , , , , , , , , , , , , , , , , , , , , , , , , , , , , , , , ,5, , , , , , , , , , , ,2, ,2, ,2, ,2, ,1,55,2, , , , , , , , , , , , , , ,1,1723,"82,5435974395762",3,0.0,65,9, , , , , ,17,6,1,0,170156900902,1701569009020520210,17015690090205202110,1701569009020520210210,202510,10
2,170750,170750,62,1,1,1,1,34,1,1,10,5,2, ,5,6,6, , , ,6,2,131450,1,1, , , ,40, ,1,4, , , , , , , , , , , , ,141,6121,2, ,2,2,1,2,1,2,1,2,2,2,1,1,7,11,1,4,1,1,1,40, , , , , , , , , , , ,1, , , , ,470,70,1,40, , , ,2, ,2, ,2, ,2, ,2, ,2, , , , , , , , , , , , , , ,1,1721,"284,275886438624",4,580.0,"193,333333333333",1,1, ,1,6,1,17,6,0,0,170750901302,1707509013020620104,17075090130206201104,1707509013020620110104,202504,4
1,170150,170150,64,8,1,1,2,35,1,2,10,5,1,3, ,10,1, ,1,30410302,6,1, ,1,1, , , ,50, ,1,4, , , , , , , , , , , , ,1410,7531,5,2, , , , , , , , , , , , ,8,6,1,4,1,1,1,50, , , , , , , , , , , ,2,30000,2, ,23100, , , , , , , ,2, ,1,430,2, ,2, ,2, ,2, , , , , , , , , , , , , , ,1,2511,"40,0249076042533",5,6900.0,"2843,33333333333",1,1, ,1,7,3,17,1,0,0,170150152801,1701501528010640806,17015015280106408106,1701501528010640810106,202506,6
1,170150,170150,64,7,1,2,2,30,3,10,10,6,2, ,5,7,3, , , ,6,1, ,1,1, , , ,10,3, ,1,1,30,3,1, , , , , , , , ,7310,3339,6,2, , , , , , , , , , , , ,3,9,1,1,3,1,1,40, , , , , , , , , , , ,5,200,2, ,0, , , , , , , ,2, ,2, ,2, ,2, ,2, ,2, , , , , , , , , , , , , , ,1,2512,"20,9149804532958",4,200.0,"206,666666666667",2,1, ,1,3,13,17,1,0,0,170150243402,1701502434020640706,17015024340206407106,1701502434020640710206,202506,6
1,170150,170150,62,8,1,1,1,30,1,10,10,5,2, ,11,7,3, , , ,6,1, ,2,2,12,2, , , , , , , , , ,8,14, , , ,1,5,14,8010,5414,2, , , , , , , , , , , , , , , , , , , , , , , , , , , , , , , , ,5, , , , , , , , , , , ,2, ,2, ,2, ,2, ,2, ,2, ,2,2,1,1,1,2,2,2,2,2,2,2,2,1,2513,"65,6696224479667",4,0.0,"195,333333333333",7, ,1, , , ,17,1,0,0,170150334001,1701503340010620804,17015033400106208104,1701503340010620810104,202504,4
1,170150,170150,63,4,1,3,2,32,3,10,10,6,1,1, ,9,1, ,2, ,6,1, ,1,2,12,2, , , , , , , , , ,11, ,9, ,3, , , , , , , , , , , , , , , , , , , , , , , , , , , , , , , , , , , , , , ,5, , , , , , , , , , , ,2, ,2, ,2, ,2, ,2, ,2, , , , , , , , , , , , , , ,1,2512,"38,5226301084634",5,0.0,202,9, , , , , ,17,1,0,0,170150098703,1701500987030630405,17015009870306304105,1701500987030630410305,202505,5
1,170150,170150,60,8,1,2,2,34,2,6,10,1,2, ,2,9,5, ,1,30410401,6,1, ,1,1, , , ,40, ,1,4, , , , , , , , , , , , ,7310,2431,6,2, , , , , , , , , , , , ,4,8,1,1,3,1,1,40, , , , , , , , , , , ,5,1200,2, ,200, , , , , , , ,2, ,2, ,2, ,2, ,2, ,2, , , , , , , , , , , , , , ,1,2511,"26,8047955186554",5,1000.0,1250,1,1, ,1,2,13,17,1,0,0,170150212708,1701502127080600809,17015021270806008109,1701502127080600810209,202509,9
1,170150,170150,52,9,1,2,2,30,2,10,10,5,2, ,3,7,2, , , ,6,3,862,2,2,12,2, , , , , , , , , ,11, ,9, ,4, , , , , , , , , , , , , , , , , , , , , , , , , , , , , , , , , , , , , , ,5, , , , , , , , , , , ,2, ,2, ,2, ,2, ,2, ,2, , , , , , , , , , , , , , ,2,2513,"498,025389971824",4,0.0,160,9, , , , , ,17,1,0,0,170150340002,1701503400020520901,17015034000205209101,1701503400020520910201,202501,1
1,170150,170150,72,1,1,1,1,31,1,4,10,1,2, ,3,6,6, , , ,6,2,50150,2,1, , , ,40, ,1,4, , , , , , , , , , , , ,8423,5412,1, ,1,2,2,2,1,2,1,2,2,2,1,1,7,1,2, , , ,1,40, , , , , , , , , , , ,4, , , , ,1010,200,2, , , , ,2, ,2, ,1,100,2, ,2, ,2, , , , , , , , , , , , , , ,1,2513,"71,8371242676286",4,1210.0,"327,5",1,1, ,1,5,15,17,1,0,0,170150377703,1701503777030720111,17015037770307201111,1701503777030720110111,202511,11
1,170150,170150,70,2,1,1,1,34,1,10,10,1,2, ,2,9,5, ,1,30410203,6,1, ,1,1, , , ,50, ,1,4, , , , , , , , , , , , ,4520,2411,5,2, , , , , , , , , , , , ,4,6,1,10,1,1,1,50, , , , , , , , , , , ,5,3500,1,200,2000, , , , , , , ,2, ,2, ,2, ,2, ,2, ,2, , , , , , , , , , , , , , ,1,2511,"108,811146841972",5,1700.0,665,1,1, ,1,2,7,17,1,0,0,170150397202,1701503972020700212,17015039720207002112,1701503972020700210112,202512,12
1,170184,170184,62,6,1,2,2,35,2,1,10,1,2, ,2,8,3, ,1,20410304,6,1, ,1,1, , , ,40, ,1,4, , , , , , , , , , , , ,4923,1324,2, ,2,2,2,2,1,2,1,2,2,2,1,1,12,1,2, , , ,1,40, , , , , , , , , , , ,1, , , , ,1720,90,2, , , , ,2, ,2, ,2, ,2, ,2, ,2, , , , , , , , , , , , , , ,1,1713,"55,2062603664867",5,1810.0,"1003,33333333333",1,1, ,1,1,8,17,6,0,0,170184108502,1701841085020620601,17018410850206206101,1701841085020620610201,202501,1
1,170150,170150,59,3,1,1,2,32,1,10,10,6,2, ,2,9,5, ,1,30410302,6,1, ,2,1, , , ,40, ,1,4, , , , , , , , , , , , ,4773,5221,6,2, , , , , , , , , , , , ,5,6,1,1,2,1,1,40, , , , , , , , , , , ,5,300,2, ,100, , , , , , , ,2, ,2, ,2, ,2, ,2, ,2, , , , , , , , , , , , , , ,1,2513,"40,8255999946381",5,200.0,350,4,1, ,1,5,7,17,1,0,0,170150303401,1701503034010590303,17015030340105903103,1701503034010590310103,202503,3
2,170156,170156,63,5,1,5,1,30,7,10,10,6,1,5, ,9,4, ,2, ,6,1, ,1,2,12,2, , , , , , , , , ,11, ,9, ,3, , , , , , , , , , , , , , , , , , , , , , , , , , , , , , , , , , , , , , ,5, , , , , , , , , , , ,2, ,2, ,2, ,2, ,2, ,2, , , , , , , , , , , , , , ,1,1723,"12,5167080827751",5,0.0,"227,2",9, , , , , ,17,6,0,0,170156900302,1701569003020630505,17015690030206305105,1701569003020630510505,202505,5
1,170150,170150,56,3,1,3,2,33,3,1,10,6,2, ,2,9,5, ,1,30910205,6,1, ,2,1, , , ,40, ,1,4, , , , , , , , , , , , ,8610,2211,6,2, , , , , , , , , , , , ,6,8,1,1,3,1,1,40, , , , , , , , , , , ,1,1400,2, ,30, , , , , , , ,2, ,2, ,2, ,2, ,2, ,2, , , , , , , , , , , , , , ,1,2512,"16,2007131641565",5,1370.0,680,1,1, ,1,2,17,17,1,0,0,170150242901,1701502429010560302,17015024290105603102,1701502429010560310302,202502,2
1,170150,170150,62,3,1,2,2,31,2,1,10,5,2, ,2,9,4, ,1,30320101,6,1, ,2,1, , , ,40, ,1,4, , , , , , , , , , , , ,8521,2330,2, ,2,2,2,2,1,2,1,2,2,2,1,1,1,1,1,40,1,1,1,40, , , , , , , , , , , ,1, , , , ,450,50,2, , , , ,2, ,2, ,2, ,2, ,2, ,2, , , , , , , , , , , , , , ,1,2512,"63,8864056429274",5,500.0,"366,666666666667",1,1, ,1,2,16,17,1,0,0,170150042002,1701500420020620304,17015004200206203104,1701500420020620310204,202504,4
1,170150,170150,57,6,1,3,1,30,3,10,10,6,2, ,2,8,2, ,1,11010303,6,1, ,2,1, , , ,70, ,1,4, , , , , , , , , , , , ,4922,8322,6,2, , , , , , , , , , , , ,0,3,1,1,4,2,1,70, , , , , , , , , , , ,5,800,1,40,300, , , , , , , ,2, ,2, ,2, ,2, ,2, ,2, , , , , , , , , , , , , , ,1,2513,"24,932795913936",5,540.0,360,1,1, ,2,8,8,17,1,0,0,170150072102,1701500721020570608,17015007210205706108,1701500721020570610308,202508,8
1,170150,170150,62,2,1,1,2,35,1,1,10,2,1,6, ,9,4, ,1,30110201,6,1, ,1,1, , , ,40, ,1,4, , , , , , , , , , , , ,8510,2342,1, ,1,2,2,2,1,2,1,2,2,1,1,1,8,1,2, , , ,1,40, , , , , , , , , , , ,1, , , , ,770,100,1,30, , , ,2, ,1,100,2, ,2, ,2, ,2, , , , , , , , , , , , , , ,1,2512,"75,8472011321298",5,900.0,250,1,1, ,1,2,16,17,1,0,0,170150268203,1701502682030620204,17015026820306202104,1701502682030620210104,202504,4
1,170950,170950,75,10,1,1,2,34,1,10,10,6,2, ,3,6,6, , , ,6,2,80450,1,2,12,2, , , , , , , , , ,11, ,9, ,2, , , , , , , , , , , , , , , , , , , , , , , , , , , , , , , , , , , , , , ,5, , , , , , , , , , , ,2, ,1,150,1,120,2, ,2, ,2, , , , , , , , , , , , , , ,1,1711,"64,5322262089134",4,0.0,94,9, , , , , ,17,6,0,0,170950001305,1709500013050751011,17095000130507510111,1709500013050751010111,202511,11
2,170175,170175,58,6,1,2,2,31,2,10,10,5,2, ,5,4,6,1, , ,6,3,170,2,1, , , ,20,1, ,4, , , , , , , , , , , , ,141,6121,2, ,2,2,2,2,1,2,2,2,2,2,2,2,12,11,1,4,4,3,1,20, , , , , , , , , , , ,5, , , , ,200,0,2, , , , ,2, ,2, ,2, ,2, ,2, ,2, , , , , , , , , , , , , , ,1,1722,"22,6250669221456",3,200.0,"185,75",4,1, ,4,6,1,17,6,0,0,170175901301,1701759013010580612,17017590130105806112,1701759013010580610212,202512,12
2,170180,170180,56,9,1,3,1,34,7,10,10,6,2, ,3,6,6, , , ,6,2,121050,1,1, , , ,45, ,1,4, , , , , , , , , , , , ,4922,8322,6,2, , , , , , , , , , , , ,8,3,1,1,3,2,1,45, , , , , , , , , , , ,5,900,1,50,300, , , , , , , ,2, ,2, ,2, ,2, ,2, ,2, , , , , , , , , , , , , , ,1,1722,"46,1993235655049",4,650.0,587,1,1, ,2,8,8,17,6,0,0,170180900401,1701809004010560902,17018090040105609102,1701809004010560910302,202502,2
1,170150,170150,64,8,1,3,2,31,3,1,10,6,2, ,2,9,5, ,1,30410102,6,2,40150,2,1, , , ,24,8, ,3,1,5,1,2, , , , , , , , ,8690,2411,2, ,2,2,2,2,1,2,1,2,2,2,1,1,5,1,1,30,1,1,1,40, , , , , , , , , , , ,1, , , , ,500,45,2, , , , ,2, ,2, ,2, ,2, ,2, ,2, , , , , , , , , , , , , , ,1,2512,"69,8052505162829",5,545.0,149,2,1, ,1,2,17,17,1,0,0,170150001104,1701500011040640803,17015000110406408103,1701500011040640810303,202503,3
1,170177,170177,68,8,1,3,2,34,3,1,10,6,2, ,2,10,2, ,1,50720704,6,1, ,2,1, , , ,40, ,1,4, , , , , , , , , , , , ,1040,2141,2, ,2,2,2,2,1,1,1,2,2,2,1,1,12,1,2, , , ,1,40, , , , , , , , , , , ,1, , , , ,800,80,1,30, , , ,2, ,2, ,2, ,2, ,2, ,2, , , , , , , , , , , , , , ,1,1712,"139,558411332633",5,910.0,1735,1,1, ,1,2,3,17,6,0,0,170177100001,1701771000010680810,17017710000106808110,1701771000010680810310,202510,10
2,170184,170184,57,9,1,2,2,32,2,10,10,1,2, ,3,4,6,1, , ,6,1, ,2,2,12,2, , , , , , , , , ,11, ,9, ,4, , , , , , , , , , , , , , , , , , , , , , , , , , , , , , , , , , , , , , ,5, , , , , , , , , , , ,2, ,2, ,2, ,2, ,2, ,2, , , , , , , , , , , , , , ,1,1721,"74,7238215154637",3,0.0,"93,1666666666667",9, , , , , ,17,6,0,0,170184907203,1701849072030570905,17018490720305709105,1701849072030570910205,202505,5
1,170150,170150,71,3,1,1,2,34,1,1,5,6,2, ,2,10,2, ,1,50410312,6,2,60150,1,1, , , ,40, ,1,4, , , , , , , , , , , , ,8610,2262,1, ,1,2,2,2,1,2,1,2,2,2,1,1,10,1,2, , , ,1,40, , , , , , , , , , , ,1, , , , ,1400,200,2, , , , ,2, ,2, ,2, ,2, ,2, ,2, , , , , , , , , , , , , , ,1,2511,"68,7750726130357",5,1600.0,1600,1,1, ,1,2,17,17,1,0,0,170150199701,1701501997010710310,17015019970107103110,1701501997010710310110,202510,10
1,170150,170150,63,3,1,4,2,31,9,10,10,6,2, ,11,6,6, , , ,6,2,80150,4,1, , , ,50, ,1,4, , , , , , , , , , , , ,8010,5414,2, ,3,2,2,2,2,2,2,2,2,2,2,2,2,1,1,20,1,1,1,50, , , , , , , , , , , ,5, , , , ,470,0,2, , , , ,2, ,2, ,2, ,2, ,2, ,2, , , , , , , , , , , , , , ,1,2513,"81,3295587786676",4,470.0,"81,4285714285714",1,1, ,1,5,14,17,1,1,0,170150232204,1701502322040630302,17015023220406303102,1701502322040630310402,202502,2
1,170155,170155,53,7,1,3,1,32,3,1,10,6,2, ,5,9,1, ,2, ,6,1, ,2,1, , , ,40, ,1,4, , , , , , , , , , , , ,2100,4214,2, ,2,2,2,2,1,1,1,2,2,2,1,1,3,1,2, , , ,1,40, , , , , , , , , , , ,1, , , , ,920,46,1,5, , , ,2, ,2, ,2, ,2, ,2, ,2, , , , , , , , , , , , , , ,1,1713,"158,893475632882",5,971.0,"640,333333333333",1,1, ,1,4,3,17,6,0,0,170155043103,1701550431030530701,17015504310305307101,1701550431030530710301,202501,1
2,170353,170353,73,8,1,6,1,34,4,1,10,5,2, ,5,6,6, , , ,6,1, ,1,1, , , ,48, ,1,4, , , , , , , , , , , , ,1622,7115,2, ,2,2,2,2,1,1,1,2,2,2,1,1,8,1,1,5,2,1,1,48, , , , , , , , , , , ,1, , , , ,430,50,1,5, , , ,2, ,2, ,2, ,2, ,2, ,2, , , , , , , , , , , , , , ,1,1722,"35,329765236646",4,485.0,166,1,1, ,1,7,3,17,6,0,0,170353900201,1703539002010730812,17035390020107308112,1703539002010730810612,202512,12
1,170150,170150,65,4,1,2,2,30,3,1,10,6,2, ,5,5,7,1, , ,2,1, ,1,1, , , ,20,1, ,1,1,20,1,4, , , , , , , , ,9700,9111,10, ,2,1,2,2,1,2,1,2,2,2,1,1,8,8,1,1, , ,1,20, , , , , , , , , , , ,1, , , , ,230,20,1,40, , , ,2, ,2, ,2, ,2, ,2, ,2, , , , , , , , , , , , , , ,1,2513,"28,1278562734001",3,290.0,144,2,1, ,3,9,20,17,1,0,0,170150036903,1701500369030650404,17015003690306504104,1701500369030650410204,202504,4
1,170177,170177,71,3,1,1,2,30,1,10,10,5,2, ,2,9,4, ,1,30410302,6,1, ,1,1, , , ,40, ,1,4, , , , , , , , , , , , ,4510,1221,6,2, , , , , , , , , , , , ,5,8,1,1,2,1,1,40, , , , , , , , , , , ,5,800,2, ,0, , , , , , , ,2, ,2, ,2, ,2, ,2, ,2, , , , , , , , , , , , , , ,1,1712,"20,8905082076599",5,800.0,"892,5",1,1, ,1,1,7,17,6,0,0,170177094304,1701770943040710307,17017709430407103107,1701770943040710310107,202507,7
2,170351,170351,60,1,1,2,2,35,2,10,10,5,2, ,11,6,3, , , ,6,1, ,2,1, , , ,8,1, ,1,1,24,7, , , , , , , , , ,9602,5142,6,2, , , , , , , , , , , , ,8,8,1,1,3,2,1,8, , , , , , , , , , , ,5,150,2, ,30, , , , , , , ,2, ,2, ,2, ,2, ,2, ,2, , , , , , , , , , , , , , ,1,1721,"56,139419268245",3,120.0,105,2,1, ,2,5,19,17,6,0,0,170351901001,1703519010010600109,17035190100106001109,1703519010010600110209,202509,9
1,170150,170150,73,5,1,2,2,35,2,10,10,1,2, ,15,6,6, , , ,6,2,130350,2,2,12,2, , , , , , , , , ,11, ,9, ,4, , , , , , , , , , , , , , , , , , , , , , , , , , , , , , , , , , , , , , ,5, , , , , , , , , , , ,2, ,2, ,2, ,2, ,2, ,2, , , , , , , , , , , , , , ,1,2511,"33,3465057435123",4,0.0,363,9, , , , , ,17,1,0,0,170150163005,1701501630050730509,17015016300507305109,1701501630050730510209,202509,9
2,170850,170850,67,1,1,2,2,34,2,10,10,5,2, ,8,4,3,1, , ,5,2,130356,2,2,12,2, , , , , , , , , ,11, ,10, ,4, , , , , , , , , , , , , , , , , , , , , , , , , , , , , , , , , , , , , , ,5, , , , , , , , , , , ,2, ,2, ,2, ,2, ,2, ,2, , , , , , , , , , , , , , ,1,1721,"109,250449220384",3,0.0,67,9, , , , , ,17,6,1,0,170850901102,1708509011020670106,17085090110206701106,1708509011020670110206,202506,6
1,170150,170150,73,8,1,2,1,34,3,1,10,6,2, ,2,9,5, ,1,30210205,6,1, ,1,1, , , ,40, ,1,4, , , , , , , , , , , , ,1103,2431,2, ,2,1,2,2,1,1,1,2,2,2,1,1,0,1,1,60,1,1,1,40, , , , , , , , , , , ,1, , , , ,880,65,1,80, , , ,2, ,2, ,2, ,2, ,2, ,2, , , , , , , , , , , , , , ,1,2511,"15,8866681077204",5,1025.0,"631,666666666667",1,1, ,1,2,3,17,1,0,0,170150202101,1701502021010730809,17015020210107308109,1701502021010730810209,202509,9
1,170150,170150,63,9,1,1,1,32,1,1,10,5,2, ,2,9,4, ,1,30310506,6,1, ,1,1, , , ,40, ,1,4, , , , , , , , , , , , ,5811,2641,2, ,2,2,2,2,1,2,1,2,2,2,1,1,1,1,2, , , ,1,40, , , , , , , , , , , ,1, , , , ,548,58,2, , , , ,2, ,2, ,2, ,2, ,2, ,2, , , , , , , , , , , , , , ,1,2511,"35,6166482266008",5,606.0,164,1,1, ,1,2,10,17,1,0,0,170150123502,1701501235020630902,17015012350206309102,1701501235020630910102,202502,2
1,170156,170156,57,7,1,3,2,32,3,10,10,3,2, ,5,6,6, , , ,6,2,180150,2,1, , , ,40, ,1,4, , , , , , , , , , , , ,9602,5141,6,2, , , , , , , , , , , , ,8,6,1,1,2,1,1,40, , , , , , , , , , , ,5,1000,2, ,550, , , , , , , ,2, ,2, ,2, ,2, ,2, ,2, , , , , , , , , , , , , , ,1,1713,"31,7628726101781",4,450.0,"387,5",4,1, ,1,5,19,17,6,0,0,170156050601,1701560506010570708,17015605060105707108,1701560506010570710308,202508,8
1,170150,170150,67,6,1,1,2,34,1,10,10,6,2, ,15,6,6, , , ,6,1, ,1,1, , , ,30,1, ,1,1,5,1,4, , , , , , , , ,8121,9112,2, ,3,2,2,2,2,2,2,2,2,2,2,2,3,1,1,20,1,1,1,30, , , , , , , , , , , ,5, , , , ,120,0,2, , , , ,2, ,2, ,2, ,2, ,1,55,2, , , , , , , , , , , , , , ,1,2513,"56,6506459594368",4,120.0,"61,6666666666667",2,1, ,1,9,14,17,1,1,0,170150000502,1701500005020670609,17015000050206706109,1701500005020670610109,202509,9
1,170150,170150,68,3,1,3,2,30,9,10,10,6,2, ,3,9,4, ,2, ,6,3,484,2,1, , , ,20,1, ,4, , , , , , , , , , , , ,4773,5221,5,2, , , , , , , , , , , , ,1,6,1,2,2,1,1,20, , , , , , , , , , , ,5,800,2, ,500, , , , , , , ,2, ,2, ,2, ,2, ,2, ,2, , , , , , , , , , , , , , ,1,2511,"14,1953456584085",5,300.0,740,4,1, ,1,5,7,17,1,0,0,170150091503,1701500915030680307,17015009150306803107,1701500915030680310307,202507,7
1,170150,170150,65,9,1,1,1,33,1,10,10,5,2, ,3,6,6, , , ,6,1, ,2,1, , , ,40, ,1,4, , , , , , , , , , , , ,4100,9313,4, ,6,2,2,2,2,2,2,2,2,2,2,2,13,2,1,4,3,2,1,40, , , , , , , , , , , ,5, , , , ,300,0,2, , , , ,2, ,2, ,2, ,2, ,2, ,2, , , , , , , , , , , , , , ,1,2512,"93,0577168255404",4,300.0,"76,75",4,1, ,2,9,6,17,1,1,0,170150151908,1701501519080650904,17015015190806509104,1701501519080650910104,202504,4
1,170150,170150,71,1,1,4,1,33,7,10,10,6,2, ,11,4,6,1, , ,6,1, ,2,1, , , ,40, ,1,4, , , , , , , , , , , , ,3312,7233,2, ,2,2,2,2,2,2,2,2,2,2,2,2,13,1,1,10,4,3,1,40, , , , , , , , , , , ,5, , , , ,470,0,2, , , , ,2, ,2, ,2, ,2, ,2, ,2, , , , , , , , , , , , , , ,1,2513,"89,9897371232514",3,470.0,"272,5",1,1, ,4,7,3,17,1,0,0,170150079901,1701500799010710110,17015007990107101110,1701500799010710110410,202510,10
1,170150,170150,56,8,1,1,2,32,1,2,10,3,1,6, ,10,2, ,1,50110109,6,1, ,1,1, , , ,30,1, ,4, , , , , , , , , , , , ,8530,2310,6,2, , , , , , , , , , , , ,5,8,1,1,3,1,1,30, , , , , , , , , , , ,2,1200,2, ,0, , , , , , , ,2, ,1,800,1,600,2, ,2, ,2, , , , , , , , , , , , , , ,1,2511,"28,4895839384418",5,1200.0,1300,1,1, ,1,2,16,17,1,0,0,170150229802,1701502298020560802,17015022980205608102,1701502298020560810102,202502,2
1,170155,170155,69,2,1,1,1,35,1,1,10,5,2, ,5,6,6, , , ,6,2,131457,2,1, , , ,40, ,1,4, , , , , , , , , , , , ,3811,8332,2, ,3,2,1,1,1,2,1,2,2,2,1,1,13,1,1,6,2,1,1,40, , , , , , , , , , , ,1, , , , ,600,70,1,170, , , ,2, ,2, ,2, ,2, ,2, ,2, , , , , , , , , , , , , , ,1,1713,"96,3883096984535",4,840.0,280,1,1, ,1,8,5,17,6,0,0,170155022409,1701550224090690211,17015502240906902111,1701550224090690210111,202511,11
1,170150,170150,70,5,1,2,2,30,3,1,10,6,2, ,2,10,1, ,1,50110403,6,1, ,1,1, , , ,40, ,1,4, , , , , , , , , , , , ,8521,2330,1, ,3,2,2,2,1,2,1,2,2,1,1,1,5,1,2, , , ,1,40, , , , , , , , , , , ,1, , , , ,1600,200,1,10, , , ,2, ,2, ,2, ,2, ,2, ,2, , , , , , , , , , , , , , ,1,2512,"35,3679877813793",5,1810.0,724,1,1, ,1,2,16,17,1,0,0,170150023804,1701500238040700512,17015002380407005112,1701500238040700510212,202512,12
1,170150,170150,54,5,1,3,2,31,3,1,10,6,2, ,2,9,5, ,1,30330101,6,1, ,1,1, , , ,30,8, ,4, , , , , , , , , , , , ,8412,3512,1, ,1,2,2,1,1,2,1,2,2,2,1,1,4,1,2, , , ,1,40, , , , , , , , , , , ,1, , , , ,700,63,1,30, , , ,2, ,2, ,2, ,2, ,2, ,2, , , , , , , , , , , , , , ,1,2512,"11,1845154437373",5,793.0,"326,5",1,1, ,1,3,15,17,1,0,0,170150393303,1701503933030540504,17015039330305405104,1701503933030540510304,202504,4
1,170150,170150,58,9,1,4,1,33,3,1,10,6,2, ,7,4,6,1, , ,6,2,110850,2,1, , , ,20,1, ,4, , , , , , , , , , , , ,9499,7317,2, ,2,2,2,1,1,2,1,2,2,2,1,1,10,1,1,30,1,1,1,20, , , , , , , , , , , ,1, , , , ,410,60,1,20, , , ,2, ,2, ,2, ,2, ,2, ,2, , , , , , , , , , , , , , ,1,2513,"97,7869142467334",3,490.0,358,1,1, ,1,7,19,17,1,0,0,170150364603,1701503646030580912,17015036460305809112,1701503646030580910412,202512,12
1,170150,170150,65,5,1,2,2,35,2,10,10,5,2, ,15,6,6, , , ,6,2,90450,2,2,12,2, , , , , , , , , ,11, ,9, ,4, , , , , , , , , , , , , , , , , , , , , , , , , , , , , , , , , , , , , , ,5, , , , , , , , , , , ,2, ,2, ,2, ,2, ,2, ,2, , , , , , , , , , , , , , ,1,2511,"29,1103206915201",4,0.0,"117,5",9, , , , , ,17,1,0,0,170150065705,1701500657050650504,17015006570506505104,1701500657050650510204,202504,4
2,170180,170180,56,1,1,1,1,32,1,1,10,5,2, ,2,9,5, ,1,30710602,6,1, ,4,1, , , ,40, ,1,4, , , , , , , , , , , , ,3312,2144,2, ,2,1,2,2,1,1,1,2,2,2,1,1,5,1,1,3,2,1,1,40, , , , , , , , , , , ,1, , , , ,1000,93,1,110, , , ,2, ,2, ,2, ,2, ,2, ,2, , , , , , , , , , , , , , ,1,1722,"59,4230269581409",5,1203.0,804,1,1, ,1,2,3,17,6,0,0,170180900401,1701809004010560105,17018090040105601105,1701809004010560110105,202505,5
1,170155,170155,53,3,1,1,1,32,1,10,10,5,1,6, ,5,8,1, , ,6,2,120452,2,1, , , ,40, ,1,4, , , , , , , , , , , , ,6820,5414,6,2, , , , , , , , , , , , ,3,8,1,1,3,1,1,40, , , , , , , , , , , ,5,460,2, ,0, , , , , , , ,2, ,2, ,1,200,2, ,2, ,2, , , , , , , , , , , , , , ,1,1713,"158,893475632882",3,460.0,152,1,1, ,1,5,12,17,6,0,0,170155043103,1701550431030530301,17015504310305303101,1701550431030530310101,202501,1
1,170150,170150,68,2,1,6,1,35,7,10,10,6,2, ,5,4,6,1, , ,6,1, ,4,1, , , ,60, ,1,4, , , , , , , , , , , , ,5610,5120,5,2, , , , , , , , , , , , ,5,6,1,2,4,1,1,60, , , , , , , , , , , ,5,2000,1,30,1200, , , , , , , ,2, ,2, ,2, ,2, ,2, ,2, , , , , , , , , , , , , , ,1,2512,"33,7259965491419",3,830.0,"291,666666666667",1,1, ,1,5,9,17,1,0,0,170150300502,1701503005020680210,17015030050206802110,1701503005020680210610,202510,10
1,170150,170150,53,7,1,2,2,35,2,10,10,1,2, ,2,9,5, ,1,30410302,6,1, ,1,1, , , ,40, ,1,4, , , , , , , , , , , , ,9319,3423,6,2, , , , , , , , , , , , ,2,8,1,1,3,1,1,40, , , , , , , , , , , ,5,800,2, ,0, , , , , , , ,2, ,2, ,2, ,2, ,2, ,2, , , , , , , , , , , , , , ,1,2511,"49,8310841235632",5,800.0,900,1,1, ,1,3,18,17,1,0,0,170150205102,1701502051020530701,17015020510205307101,1701502051020530710201,202501,1
1,170150,170150,66,8,1,1,1,35,1,1,10,1,2, ,5,6,6, , , ,6,1, ,2,1, , , ,50, ,1,4, , , , , , , , , , , , ,1621,5223,2, ,2,2,2,2,1,1,1,2,2,2,1,1,12,1,2, , , ,1,50, , , , , , , , , , , ,1, , , , ,800,90,1,5, , , ,2, ,2, ,2, ,2, ,2, ,2, , , , , , , , , , , , , , ,1,2512,"36,9240062649489",4,895.0,"306,75",1,1, ,1,5,3,17,1,0,0,170150321303,1701503213030660805,17015032130306608105,1701503213030660810105,202505,5
1,170150,170150,60,1,1,3,2,30,3,1,10,6,2, ,2,9,5, ,1,30730301,6,1, ,1,1, , , ,40, ,1,4, , , , , , , , , , , , ,4100,2161,2, ,3,2,2,2,1,2,1,2,2,2,1,1,8,1,1,40,1,1,1,40, , , , , , , , , , , ,1, , , , ,600,70,2, , , , ,2, ,2, ,2, ,2, ,2, ,2, , , , , , , , , , , , , , ,1,2511,"28,8032518942919",5,670.0,380,1,1, ,1,2,6,17,1,0,0,170150043302,1701500433020600109,17015004330206001109,1701500433020600110309,202509,9
1,170150,170150,64,1,1,2,2,30,2,10,10,5,2, ,2,8,2, ,1,10410303,6,3,862,1,1, , , ,50, ,1,4, , , , , , , , , , , , ,6120,3322,6,2, , , , , , , , , , , , ,3,8,1,1,2,1,1,50, , , , , , , , , , , ,5,600,2, ,0, , , , , , , ,2, ,2, ,2, ,2, ,2, ,2, , , , , , , , , , , , , , ,1,2511,"306,715985250631",5,600.0,350,1,1, ,1,3,10,17,1,0,0,170150015801,1701500158010640106,17015001580106401106,1701500158010640110206,202506,6
2,170350,170350,62,3,1,3,1,30,3,1,10,6,2, ,11,7,3, , , ,6,1, ,2,1, , , ,40, ,1,4, , , , , , , , , , , , ,4210,8322,2, ,2,1,2,2,1,1,1,2,2,2,1,1,8,1,2, , , ,1,40, , , , , , , , , , , ,1, , , , ,1000,100,1,80, , , ,2, ,2, ,2, ,2, ,2, ,2, , , , , , , , , , , , , , ,1,1723,"44,1539609762213",4,1180.0,"826,666666666667",1,1, ,1,8,6,17,6,0,0,170350901502,1703509015020620301,17035090150206203101,1703509015020620310301,202501,1
1,170150,170150,64,8,1,2,2,33,2,10,10,5,2, ,3,6,6, , , ,6,2,50150,1,1, , , ,40, ,1,4, , , , , , , , , , , , ,4782,5211,6,2, , , , , , , , , , , , ,3,4,1,1,2,1,1,40, , , , , , , , , , , ,5,600,2, ,200, , , , , , , ,2, ,2, ,2, ,2, ,2, ,2, , , , , , , , , , , , , , ,1,2511,"122,452079954394",4,400.0,228,4,1, ,1,5,7,17,1,0,0,170150017402,1701500174020640806,17015001740206408106,1701500174020640810206,202506,6
1,170950,170950,75,4,1,2,2,30,2,10,10,1,2, ,3,7,3, , , ,6,2,80450,2,1, , , ,40, ,1,4, , , , , , , , , , , , ,4711,5223,7, , , , , , , , , , , , , ,3,9,1,2,2,1,1,40, , , , , , , , , , , ,5, , , , , , , , , , , ,2, ,2, ,2, ,2, ,2, ,2, , , , , , , , , , , , , , ,1,1711,"64,5322262089134",4,0.0,160,5,1, ,1,5,7,17,6,0,0,170950001305,1709500013050750411,17095000130507504111,1709500013050750410211,202511,11
1,170177,170177,68,1,1,1,1,32,1,1,10,1,2, ,5,6,6, , , ,6,1, ,2,1, , , ,40, ,1,4, , , , , , , , , , , , ,2220,8142,2, ,2,1,2,2,1,1,1,2,2,2,1,1,10,1,1,50,1,1,1,40, , , , , , , , , , , ,1, , , , ,226,244,1,108, , , ,2, ,2, ,1,180,2, ,2, ,2, , , , , , , , , , , , , , ,1,1713,"256,846039303804",4,578.0,"254,333333333333",1,1, ,1,8,3,17,6,0,0,170177093901,1701770939010680107,17017709390106801107,1701770939010680110107,202507,7
1,170150,170150,62,4,1,1,1,32,1,1,10,5,2, ,2,9,5, ,1,30210205,6,2,180150,1,1, , , ,50, ,1,4, , , , , , , , , , , , ,1410,2163,5,2, , , , , , , , , , , , ,14,6,1,18,1,1,1,50, , , , , , , , , , , ,1,120000,2, ,90000, , , , , , , ,2, ,2, ,2, ,2, ,2, ,2, , , , , , , , , , , , , , ,1,2511,"51,0912058255466",5,30000.0,6455,1,1, ,1,2,3,17,1,0,0,170150171601,1701501716010620401,17015017160106204101,1701501716010620410101,202501,1
1,170150,170150,55,2,1,2,2,32,2,10,10,5,2, ,2,10,1, ,1,51020202,6,2,10150,2,1, , , ,5,1, ,1,2, , , , , , , , , , , ,8620,2211,6,2, , , , , , , , , , , , ,2,9,1,1,3,2,1,5, , , , , , , , , , , ,5,100,2, ,0, , , , , , , ,2, ,2, ,2, ,1,200,2, ,2, , , , , , , , , , , , , , ,1,2511,"135,352560775239",5,100.0,190,4,1, ,2,2,17,17,1,0,0,170150157601,1701501576010550211,17015015760105502111,1701501576010550210211,202511,11
2,170353,170353,73,4,1,3,1,31,3,10,10,6,1,1, ,9,3, ,2, ,6,1, ,1,2,12,2, , , , , , , , , ,11, ,9, ,3, , , , , , , , , , , , , , , , , , , , , , , , , , , , , , , , , , , , , , ,5, , , , , , , , , , , ,2, ,2, ,2, ,2, ,2, ,2, , , , , , , , , , , , , , ,1,1722,"35,329765236646",5,0.0,"283,333333333333",9, , , , , ,17,6,0,0,170353900201,1703539002010730412,17035390020107304112,1703539002010730410312,202512,12
1,170150,170150,68,6,1,1,1,33,1,10,10,6,2, ,5,6,2, , , ,3,2,80150,1,1, , , ,40, ,1,4, , , , , , , , , , , , ,9602,5141,2, ,2,2,2,2,2,2,2,2,2,2,2,2,7,1,1,5,2,2,1,40, , , , , , , , , , , ,5, , , , ,560,0,2, , , , ,2, ,2, ,2, ,2, ,2, ,2, , , , , , , , , , , , , , ,1,2513,"32,3336116600753",3,560.0,"142,75",1,1, ,2,5,19,17,1,0,0,170150000503,1701500005030680610,17015000050306806110,1701500005030680610110,202510,10
1,170150,170150,66,6,1,1,2,32,1,10,10,1,1,2, ,8,3, ,1,20720104,6,3,484,1,1, , , ,10,1, ,4, , , , , , , , , , , , ,7310,4419,6,2, , , , , , , , , , , , ,4,8,1,1,3,2,1,10, , , , , , , , , , , ,5,400,2, ,0, , , , , , , ,2, ,2, ,2, ,2, ,2, ,2, , , , , , , , , , , , , , ,1,2511,"52,6934011719979",5,400.0,700,4,1, ,2,4,13,17,1,0,0,170150201803,1701502018030660608,17015020180306606108,1701502018030660610108,202508,8
2,170184,170184,67,6,1,3,1,35,3,1,10,6,2, ,2,8,3, ,1,20410304,6,1, ,2,1, , , ,40, ,1,4, , , , , , , , , , , , ,7310,3118,2, ,2,2,2,2,1,2,1,2,2,2,1,1,10,1,1,5,2,1,1,40, , , , , , , , , , , ,1, , , , ,895,45,2, , , , ,2, ,2, ,2, ,2, ,2, ,2, , , , , , , , , , , , , , ,1,1723,"42,4837331322384",5,940.0,480,1,1, ,1,3,13,17,6,0,0,170184904001,1701849040010670609,17018490400106706109,1701849040010670610309,202509,9
1,170150,170150,71,6,1,1,2,30,1,1,10,2,2, ,3,9,4, ,2, ,6,1, ,1,1, , , ,25,1, ,1,1,20,7, , , , , , , , , ,8530,4222,2, ,3,2,2,2,1,2,1,2,2,2,1,1,0,1,2, , , ,1,25, , , , , , , , , , , ,1, , , , ,300,32,2, , , , ,2, ,2, ,2, ,2, ,2, ,2, , , , , , , , , , , , , , ,1,2513,"118,542615492079",5,332.0,166,2,1, ,1,4,16,17,1,0,0,170150394802,1701503948020710607,17015039480207106107,1701503948020710610107,202507,7
1,170150,170150,51,1,1,2,2,33,2,1,10,5,2, ,5,6,6, , , ,6,1, ,2,1, , , ,49, ,1,4, , , , , , , , , , , , ,9602,5141,6,2, , , , , , , , , , , , ,8,6,1,1,3,2,1,49, , , , , , , , , , , ,5,600,2, ,180, , , , , , , ,2, ,2, ,2, ,2, ,2, ,2, , , , , , , , , , , , , , ,1,2512,"82,6473224577672",4,420.0,415,4,1, ,2,5,19,17,1,0,0,170150260804,1701502608040510103,17015026080405101103,1701502608040510110203,202503,3
1,170150,170150,66,5,1,7,1,33,7,1,10,5,2, ,5,4,6,1, , ,1,2,100455,2,1, , , ,40, ,1,4, , , , , , , , , , , , ,9601,8157,2, ,2,2,2,2,1,2,1,2,2,2,1,1,9,1,1,10,1,1,1,40, , , , , , , , , , , ,1, , , , ,425,45,2, , , , ,2, ,2, ,2, ,2, ,2, ,2, , , , , , , , , , , , , , ,1,2513,"83,596527314181",3,470.0,"264,727272727273",1,1, ,1,8,19,17,1,0,0,170150027802,1701500278020660508,17015002780206605108,1701500278020660510708,202508,8
1,170150,170150,58,8,1,3,2,35,3,10,10,6,2, ,2,9,5, ,1,30730201,6,1, ,3,1, , , ,40, ,1,4, , , , , , , , , , , , ,4210,2142,6,2, , , , , , , , , , , , ,8,6,1,1,2,1,1,40, , , , , , , , , , , ,5,10000,2, ,8000, , , , , , , ,2, ,2, ,2, ,2, ,2, ,2, , , , , , , , , , , , , , ,1,2512,"130,251803500364",5,2000.0,"683,333333333333",1,1, ,1,2,6,17,1,0,0,170150384302,1701503843020580812,17015038430205808112,1701503843020580810312,202512,12
1,170150,170150,73,1,1,3,2,31,3,10,10,6,2, ,2,8,2, ,1,10910301,6,1, ,3,1, , , ,20,1, ,3,1,20,2,1, , , , , , , , ,8810,3221,6,2, , , , , , , , , , , , ,6,8,1,1,3,1,1,20, , , , , , , , , , , ,5,400,2, ,0, , , , , , , ,2, ,2, ,2, ,2, ,2, ,2, , , , , , , , , , , , , , ,1,2512,"53,2545938640708",5,400.0,408,2,1, ,1,3,17,17,1,0,0,170150131902,1701501319020730112,17015013190207301112,1701501319020730110312,202512,12
1,170150,170150,59,2,1,3,1,32,3,10,10,6,1,3, ,9,3, ,1,20710404,6,1, ,1,2,12,2, , , , , , , , , ,9,32, , , ,1,2,32,4741,5223,2, , , , , , , , , , , , , , , , , , , , , , , , , , , , , , , , ,5, , , , , , , , , , , ,2, ,2, ,2, ,2, ,2, ,2, ,2,1,1,1,1,2,2,2,2,2,2,2,1,1,2512,"46,4082440214266",5,0.0,"133,333333333333",7, ,1, , , ,17,1,0,0,170150368904,1701503689040590203,17015036890405902103,1701503689040590210303,202503,3
1,170150,170150,76,7,1,3,2,35,3,10,10,5,2, ,2,8,3, ,1,20410501,6,2,20250,1,2,12,2, , , , , , , , , ,11, ,9, ,4, , , , , , , , , , , , , , , , , , , , , , , , , , , , , , , , , , , , , , ,5, , , , , , , , , , , ,2, ,2, ,2, ,2, ,2, ,2, , , , , , , , , , , , , , ,1,2512,"34,4155947961221",5,0.0,"84,1666666666667",9, , , , , ,17,1,1,0,170150357202,1701503572020760712,17015035720207607112,1701503572020760710312,202512,12
1,170150,170150,68,5,1,3,1,30,3,10,10,6,1,1, ,9,4, ,2, ,6,1, ,1,2,12,2, , , , , , , , , ,11, ,8, ,3, , , , , , , , , , , , , , , , , , , , , , , , , , , , , , , , , , , , , , ,5, , , , , , , , , , , ,2, ,2, ,2, ,2, ,2, ,2, , , , , , , , , , , , , , ,1,2512,"23,8581114015108",5,0.0,"463,333333333333",9, , , , , ,17,1,0,0,170150264906,1701502649060680507,17015026490606805107,1701502649060680510307,202507,7
2,170183,170183,47,2,1,2,2,30,2,10,10,5,1,6, ,7,3, , , ,6,1, ,1,1, , , ,24,1, ,2,1,16,1,4, , , , , , , , ,8121,9111,6,2, , , , , , , , , , , , ,0,8,1,1,3,2,1,24, , , , , , , , , , , ,5,200,2, ,0, , , , , , , ,2, ,2, ,2, ,2, ,1,55,2, , , , , , , , , , , , , , ,1,1723,"65,4343362175565",4,200.0,142,2,1, ,2,9,14,17,6,0,0,170183110403,1701831104030470202,17018311040304702102,1701831104030470210202,202502,2
1,170150,170150,54,2,1,2,1,35,2,10,10,5,2, ,5,9,2, ,2, ,6,1, ,1,1, , , ,15,1, ,1,1,30,1,4, , , , , , , , ,5320,8321,6,2, , , , , , , , , , , , ,0,3,1,1,3,2,1,15, , , , , , , , , , , ,5,80,2, ,20, , , , , , , ,2, ,2, ,2, ,2, ,2, ,2, , , , , , , , , , , , , , ,1,2512,"78,9031939058765",5,60.0,61,2,1, ,2,8,8,17,1,1,0,170150386902,1701503869020540204,17015038690205402104,1701503869020540210204,202504,4
1,170150,170150,51,7,1,5,2,31,7,10,10,6,2, ,2,9,4, ,1,30910301,6,1, ,1,1, , , ,24,8, ,1,1,10,7, , , , , , , , , ,8620,2221,6,2, , , , , , , , , , , , ,5,8,1,1,3,1,1,34, , , , , , , , , , , ,5,500,2, ,0, , , , , , , ,2, ,2, ,2, ,2, ,2, ,2, , , , , , , , , , , , , , ,1,2512,"22,1699103044446",5,500.0,446,2,1, ,1,2,17,17,1,0,0,170150120301,1701501203010510703,17015012030105107103,1701501203010510710503,202503,3
1,170150,170150,68,2,1,1,1,32,1,1,10,6,2, ,5,8,3, ,1,20410304,6,3,862,1,1, , , ,40, ,1,4, , , , , , , , , , , , ,5610,5120,2, ,2,1,2,2,1,1,1,2,2,2,1,1,13,1,2, , , ,1,40, , , , , , , , , , , ,1, , , , ,820,80,1,150, , , ,2, ,2, ,2, ,2, ,2, ,2, , , , , , , , , , , , , , ,1,2511,"9,67487473042485",5,1050.0,1050,1,1, ,1,5,9,17,1,0,0,170150197101,1701501971010680207,17015019710106802107,1701501971010680210107,202507,7
1,170156,170156,70,2,1,1,1,35,1,10,10,5,2, ,5,6,6, , , ,6,2,170150,2,1, , , ,50, ,1,4, , , , , , , , , , , , ,4799,9520,6,2, , , , , , , , , , , , ,0,3,1,1,3,2,1,50, , , , , , , , , , , ,5,1500,2, ,600, , , , , , , ,2, ,2, ,2, ,2, ,2, ,2, , , , , , , , , , , , , , ,1,1712,"24,3297348131595",4,900.0,"326,666666666667",1,1, ,2,9,7,17,6,0,0,170156061702,1701560617020700212,17015606170207002112,1701560617020700210112,202512,12
1,170155,170155,52,7,1,2,2,30,2,10,10,5,2, ,3,7,3, , , ,6,2,80653,2,2,12,2, , , , , , , , , ,11, ,9, ,4, , , , , , , , , , , , , , , , , , , , , , , , , , , , , , , , , , , , , , ,5, , , , , , , , , , , ,2, ,2, ,2, ,2, ,1,55,2, , , , , , , , , , , , , , ,1,1713,"27,1170644044403",4,0.0,"203,666666666667",9, , , , , ,17,6,0,0,170155016801,1701550168010520710,17015501680105207110,1701550168010520710210,202510,10
1,170156,170156,70,5,1,1,2,35,1,1,10,6,2, ,2,10,2, ,1,50110109,6,1, ,1,1, , , ,40, ,1,4, , , , , , , , , , , , ,8521,2341,2, ,2,2,2,2,1,2,1,2,2,2,1,1,8,1,1,60,1,1,1,40, , , , , , , , , , , ,1, , , , ,800,60,2, , , , ,2, ,2, ,2, ,2, ,2, ,2, , , , , , , , , , , , , , ,1,1712,"54,6146931369109",5,860.0,860,1,1, ,1,2,16,17,6,0,0,170156061702,1701560617020700509,17015606170207005109,1701560617020700510109,202509,9
1,170150,170150,67,5,1,1,1,31,1,6,10,5,2, ,5,9,2, ,2, ,6,3,862,1,1, , , ,40, ,1,4, , , , , , , , , , , , ,2819,7126,2, ,3,2,2,2,2,2,2,2,2,2,2,2,1,1,1,6,1,1,1,40, , , , , , , , , , , ,5, , , , ,400,0,2, , , , ,2, ,2, ,2, ,2, ,2, ,2, , , , , , , , , , , , , , ,1,2512,"45,2676167906242",5,400.0,260,4,1, ,1,7,3,17,1,0,0,170150037202,1701500372020670509,17015003720206705109,1701500372020670510109,202509,9
1,170150,170150,47,7,1,2,2,33,2,1,10,1,2, ,2,9,4, ,1,30910301,6,1, ,2,1, , , ,40, ,1,4, , , , , , , , , , , , ,8610,2221,1, ,3,2,2,1,1,1,1,2,2,2,1,1,9,1,2, , , ,1,40, , , , , , , , , , , ,1, , , , ,1000,200,1,100, , , ,2, ,2, ,2, ,2, ,2, ,2, , , , , , , , , , , , , , ,1,2512,"104,899580961424",5,1300.0,825,1,1, ,1,2,17,17,1,0,0,170150335001,1701503350010470702,17015033500104707102,1701503350010470710202,202502,2
1,170150,170150,57,5,1,1,2,35,1,10,10,1,2, ,3,6,6, , , ,6,1, ,3,2,12,2, , , , , , , , , ,1,48, , , ,1,6,48,1392,7533,6, , , , , , , , , , , , , , , , , , , , , , , , , , , , , , , , ,5, , , , , , , , , , , ,2, ,2, ,1,250,2, ,2, ,2, ,2,2,2,1,1,2,2,2,2,2,2,2,5,1,2512,"157,28911564363",4,0.0,"62,5",7, ,1, , , ,17,1,1,0,170150012201,1701500122010570508,17015001220105705108,1701500122010570510108,202508,8
1,170150,170150,68,6,1,3,2,30,5,1,10,6,2, ,2,9,4, ,1,30320101,6,1, ,2,1, , , ,40, ,1,4, , , , , , , , , , , , ,7020,3343,2, ,2,2,2,2,2,2,2,2,2,2,2,2,5,1,2, , , ,1,40, , , , , , , , , , , ,1, , , , ,540,60,2, , , , ,2, ,2, ,2, ,2, ,2, ,2, , , , , , , , , , , , , , ,1,2511,"59,2336786424762",5,600.0,400,1,1, ,1,3,13,17,1,0,0,170150065101,1701500651010680610,17015006510106806110,1701500651010680610310,202510,10
1,170150,170150,62,7,1,1,1,34,1,1,5,6,2, ,2,9,5, ,1,30510106,6,1, ,2,1, , , ,35,8, ,4, , , , , , , , , , , , ,2100,3122,2, ,3,1,2,2,1,1,1,1,2,2,1,1,1,1,2, , , ,1,48, , , , , , , , , , , ,1, , , , ,1600,115,1,150, , , ,2, ,2, ,1,250,2, ,2, ,2, , , , , , , , , , , , , , ,1,2511,"16,8349706540492",5,1865.0,"1725,5",1,1, ,1,3,3,17,1,0,0,170150264806,1701502648060620701,17015026480606207101,1701502648060620710101,202501,1
1,170150,170150,68,9,1,2,1,35,2,1,10,5,2, ,5,8,3, ,1,20710403,1,2,100353,1,1, , , ,40, ,1,4, , , , , , , , , , , , ,4520,3115,2, ,2,2,2,2,1,1,1,2,2,2,1,1,16,1,1,7,2,1,1,40, , , , , , , , , , , ,1, , , , ,500,50,1,10, , , ,2, ,2, ,2, ,2, ,2, ,2, , , , , , , , , , , , , , ,1,2512,"13,5380332211494",5,560.0,280,1,1, ,1,3,7,17,1,0,0,170150336102,1701503361020680907,17015033610206809107,1701503361020680910207,202507,7
1,170150,170150,53,3,1,2,1,32,3,1,10,6,2, ,5,9,5, ,1,31020301,6,1, ,1,1, , , ,40, ,1,4, , , , , , , , , , , , ,8530,4415,2, ,2,2,2,2,1,2,1,2,2,2,1,1,3,1,2, , , ,1,40, , , , , , , , , , , ,1, , , , ,600,50,2, , , , ,2, ,2, ,2, ,2, ,2, ,2, , , , , , , , , , , , , , ,1,2511,"33,2928540370707",5,650.0,"216,666666666667",1,1, ,1,4,16,17,1,0,0,170150213705,1701502137050530304,17015021370505303104,1701502137050530310204,202504,4
1,170352,170352,59,5,1,2,2,31,3,10,10,6,2, ,5,8,3, ,1,20410317,6,1, ,1,1, , , ,40, ,1,4, , , , , , , , , , , , ,5610,5120,6,2, , , , , , , , , , , , ,2,8,1,1,3,1,1,40, , , , , , , , , , , ,5,400,2, ,0, , , , , , , ,2, ,2, ,2, ,2, ,2, ,2, , , , , , , , , , , , , , ,1,1711,"43,47894578945",5,400.0,385,4,1, ,1,5,9,17,6,0,0,170352012603,1703520126030590503,17035201260305905103,1703520126030590510203,202503,3
1,170150,170150,57,1,1,2,2,31,3,10,10,6,1,6, ,9,4, ,2, ,6,1, ,1,2,12,2, , , , , , , , , ,11, ,9, ,3, , , , , , , , , , , , , , , , , , , , , , , , , , , , , , , , , , , , , , ,5, , , , , , , , , , , ,2, ,2, ,2, ,2, ,2, ,2, , , , , , , , , , , , , , ,1,2511,"28,4747060653833",5,0.0,"77,3333333333333",9, , , , , ,17,1,1,0,170150002604,1701500026040570105,17015000260405701105,1701500026040570110205,202505,5
1,170150,170150,56,1,1,1,2,31,1,1,10,2,2, ,3,9,1, ,2, ,6,1, ,1,1, , , ,40, ,1,4, , , , , , , , , , , , ,2100,2411,2, ,2,2,2,1,1,2,1,2,2,2,1,1,9,1,1,50,1,1,1,40, , , , , , , , , , , ,1, , , , ,880,80,1,50, , , ,2, ,2, ,2, ,2, ,2, ,2, , , , , , , , , , , , , , ,1,2513,"12,2050756857856",5,1010.0,510,1,1, ,1,2,3,17,1,0,0,170150381601,1701503816010560105,17015038160105601105,1701503816010560110105,202505,5
1,170150,170150,56,7,1,3,2,30,3,1,5,6,2, ,5,9,3, ,2, ,6,1, ,1,1, , , ,44, ,1,4, , , , , , , , , , , , ,8690,3259,2, ,2,2,2,2,1,1,1,2,2,2,1,1,9,1,2, , , ,1,44, , , , , , , , , , , ,1, , , , ,550,55,1,10, , , ,2, ,2, ,2, ,2, ,2, ,2, , , , , , , , , , , , , , ,1,2512,"21,1499455718143",5,615.0,"570,5",1,1, ,1,3,17,17,1,0,0,170150230604,1701502306040560702,17015023060405607102,1701502306040560710302,202502,2
1,170150,170150,53,6,1,2,1,32,2,10,10,5,2, ,4,4,3,1, , ,1,2,60150,1,1, , , ,30,2, ,2,1,20,1,4, , , , , , , , ,4330,7131,6,2, , , , , , , , , , , , ,10,8,1,1,3,2,1,30, , , , , , , , , , , ,5,700,2, ,200, , , , , , , ,2, ,2, ,2, ,2, ,2, ,2, , , , , , , , , , , , , , ,1,2513,"105,950579994571",3,500.0,"135,833333333333",2,1, ,2,7,6,17,1,0,0,170150367603,1701503676030530601,17015036760305306101,1701503676030530610201,202501,1
2,170184,170184,68,4,1,3,2,34,3,1,10,6,2, ,2,9,3, ,1,20711002,6,1, ,1,1, , , ,40, ,1,4, , , , , , , , , , , , ,6419,3312,2, ,2,1,2,2,1,1,1,2,2,2,1,1,8,1,2, , , ,1,40, , , , , , , , , , , ,1, , , , ,1100,100,1,58, , , ,2, ,2, ,2, ,2, ,2, ,2, , , , , , , , , , , , , , ,1,1722,"40,4203831606562",5,1258.0,"535,2",1,1, ,1,3,11,17,6,0,0,170184905102,1701849051020680410,17018490510206804110,1701849051020680410310,202510,10
1,170150,170150,52,2,1,3,2,33,3,1,5,6,2, ,2,9,4, ,1,30320103,6,3,170,2,1, , , ,40, ,1,4, , , , , , , , , , , , ,2023,2431,2, ,2,2,2,2,1,2,1,2,2,2,1,1,8,1,2, , , ,1,40, , , , , , , , , , , ,1, , , , ,2300,110,2, , , , ,2, ,2, ,2, ,2, ,2, ,2, , , , , , , , , , , , , , ,1,2511,"36,7253054155247",5,2410.0,"1108,75",1,1, ,1,2,3,17,1,0,0,170150032702,1701500327020520201,17015003270205202101,1701500327020520210301,202501,1
1,170150,170150,63,7,1,3,1,31,3,10,10,6,2, ,5,6,6, , , ,6,2,170250,1,1, , , ,30,1, ,3,1,10,1,4, , , , , , , , ,9522,7412,2, ,3,2,2,2,2,2,2,2,2,2,2,2,5,1,1,2,2,1,1,30, , , , , , , , , , , ,5, , , , ,250,0,2, , , , ,2, ,2, ,2, ,2, ,2, ,2, , , , , , , , , , , , , , ,1,2512,"55,4491509398314",4,250.0,"253,75",2,1, ,1,7,19,17,1,0,0,170150161303,1701501613030630705,17015016130306307105,1701501613030630710305,202505,5
1,170150,170150,71,4,1,1,1,30,1,1,10,1,2, ,11,7,3, , , ,6,1, ,1,1, , , ,40, ,1,4, , , , , , , , , , , , ,2100,3322,2, ,2,2,2,2,1,2,1,2,2,2,1,1,1,1,2, , , ,1,40, , , , , , , , , , , ,1, , , , ,600,60,2, , , , ,2, ,2, ,2, ,2, ,2, ,2, , , , , , , , , , , , , , ,1,2512,"141,819109327381",4,660.0,"376,666666666667",1,1, ,1,3,3,17,1,0,0,170150056803,1701500568030710410,17015005680307104110,1701500568030710410110,202510,10
2,170176,170176,56,7,1,2,2,35,2,4,10,1,2, ,15,9,4, ,1,30110201,6,2,60150,2,2,12,2, , , , , , , , , ,11, ,9, ,4, , , , , , , , , , , , , , , , , , , , , , , , , , , , , , , , , , , , , , ,5, , , , , , , , , , , ,2, ,2, ,2, ,2, ,2, ,2, , , , , , , , , , , , , , ,1,1722,"82,5696513297439",5,0.0,250,9, , , , , ,17,6,0,0,170176903902,1701769039020560705,17017690390205607105,1701769039020560710205,202505,5
1,170150,170150,57,10,1,2,2,35,2,1,6,1,2, ,3,10,2, ,1,50110301,6,1, ,3,2,12,2, , , , , , , , , ,11, ,9, ,4, , , , , , , , , , , , , , , , , , , , , , , , , , , , , , , , , , , , , , ,5, , , , , , , , , , , ,2, ,2, ,2, ,2, ,2, ,2, , , , , , , , , , , , , , ,1,2512,"23,8301543266233",5,0.0,490,9, , , , , ,17,1,0,0,170150245501,1701502455010571005,17015024550105710105,1701502455010571010205,202505,5
2,170165,170165,71,3,1,3,2,30,3,10,10,6,1,6, ,9,4, ,2, ,6,1, ,3,2,12,2, , , , , , , , , ,11, ,9, ,3, , , , , , , , , , , , , , , , , , , , , , , , , , , , , , , , , , , , , , ,5, , , , , , , , , , , ,2, ,2, ,2, ,2, ,2, ,2, , , , , , , , , , , , , , ,1,1723,"27,5341449532435",5,0.0,"482,5",9, , , , , ,17,6,0,0,170165901502,1701659015020710310,17016590150207103110,1701659015020710310310,202510,10
1,170150,170150,65,7,1,2,2,31,2,10,10,5,2, ,3,6,3, , , ,6,1, ,2,2,12,2, , , , , , , , , ,11, ,9, ,4, , , , , , , , , , , , , , , , , , , , , , , , , , , , , , , , , , , , , , ,5, , , , , , , , , , , ,2, ,2, ,2, ,2, ,2, ,2, , , , , , , , , , , , , , ,1,2511,"29,6064340460777",3,0.0,135,9, , , , , ,17,1,0,0,170150040901,1701500409010650707,17015004090106507107,1701500409010650710207,202507,7
2,170950,170950,66,3,1,2,2,34,2,10,10,5,2, ,11,6,6, , , ,6,1, ,1,2,12,2, , , , , , , , , ,11, ,9, ,4, , , , , , , , , , , , , , , , , , , , , , , , , , , , , , , , , , , , , , ,5, , , , , , , , , , , ,2, ,2, ,2, ,2, ,2, ,2, , , , , , , , , , , , , , ,1,1721,"153,028873577502",4,0.0,305,9, , , , , ,17,6,0,0,170950900901,1709509009010660308,17095090090106603108,1709509009010660310208,202508,8
1,170150,170150,53,6,1,3,1,32,3,10,10,6,2, ,2,9,4, ,1,30410302,6,1, ,3,1, , , ,48, ,1,4, , , , , , , , , , , , ,2220,7319,6,2, , , , , , , , , , , , ,2,6,1,1,2,1,1,48, , , , , , , , , , , ,5,3000,2, ,1000, , , , , , , ,2, ,2, ,2, ,2, ,2, ,2, , , , , , , , , , , , , , ,1,2512,"43,9894072616968",5,2000.0,1975,1,1, ,1,7,3,17,1,0,0,170150228701,1701502287010530601,17015022870105306101,1701502287010530610301,202501,1
1,170150,170150,52,1,1,2,1,34,3,10,10,6,2, ,2,9,5, ,1,30710402,6,1, ,1,1, , , ,70, ,1,4, , , , , , , , , , , , ,4771,5221,6,2, , , , , , , , , , , , ,15,6,1,1,3,1,1,70, , , , , , , , , , , ,5,800,2, ,500, , , , , , , ,2, ,2, ,2, ,2, ,2, ,2, , , , , , , , , , , , , , ,1,2512,"81,6675869856701",5,300.0,125,4,1, ,1,5,7,17,1,0,0,170150357801,1701503578010520110,17015035780105201110,1701503578010520110210,202510,10
1,170150,170150,69,8,1,4,1,30,3,10,10,6,2, ,11,7,2, , , ,6,1, ,1,1, , , ,20,2, ,1,1,20,1,4, , , , , , , , ,4322,7126,6,2, , , , , , , , , , , , ,10,8,1,1,3,2,1,20, , , , , , , , , , , ,5,150,2, ,0, , , , , , , ,2, ,2, ,2, ,2, ,2, ,2, , , , , , , , , , , , , , ,1,2512,"34,9781215260302",4,150.0,248,2,1, ,2,7,6,17,1,0,0,170150238602,1701502386020690808,17015023860206908108,1701502386020690810408,202508,8
1,170150,170150,51,1,1,4,1,32,4,10,10,5,2, ,5,6,3, , , ,6,1, ,2,1, , , ,40, ,1,4, , , , , , , , , , , , ,4799,9520,6,2, , , , , , , , , , , , ,5,3,1,1,3,1,1,40, , , , , , , , , , , ,5,400,2, ,100, , , , , , , ,2, ,2, ,2, ,2, ,2, ,2, , , , , , , , , , , , , , ,1,2511,"37,4269318429892",3,300.0,220,4,1, ,1,9,7,17,1,0,0,170150043302,1701500433020510103,17015004330205101103,1701500433020510110403,202503,3
1,170163,170163,53,2,1,1,2,33,1,10,10,3,2, ,5,6,6, , , ,6,2,100550,1,1, , , ,70, ,1,4, , , , , , , , , , , , ,4711,5221,6,2, , , , , , , , , , , , ,15,6,1,2,3,1,1,70, , , , , , , , , , , ,5,900,2, ,500, , , , , , , ,2, ,2, ,2, ,2, ,2, ,2, , , , , , , , , , , , , , ,1,1713,"226,387438484939",4,400.0,"133,333333333333",4,1, ,1,5,7,17,6,0,0,170163075404,1701630754040530204,17016307540405302104,1701630754040530210104,202504,4
2,170156,170156,52,2,1,2,2,35,2,10,10,1,2, ,11,4,2,1, , ,6,1, ,5,1, , , ,50, ,1,4, , , , , , , , , , , , ,220,9215,2, ,3,1,2,2,2,2,2,2,2,2,2,2,6,11,1,6,3,2,1,50, , , , , , , , , , , ,5, , , , ,320,0,1,80, , , ,2, ,2, ,2, ,2, ,1,55,2, , , , , , , , , , , , , , ,1,1723,"55,2617625536295",3,400.0,"220,5",4,1, ,2,9,1,17,6,0,0,170156900902,1701569009020520201,17015690090205202101,1701569009020520210201,202501,1
1,170150,170150,57,1,1,2,2,31,3,10,10,6,2, ,17,9,4, ,2, ,6,1, ,1,2,12,2, , , , , , , , , ,8,8, , , ,2, , , , , , , , , , , , , , , , , , , , , , , , , , , , , , , , , , , , , ,5, , , , , , , , , , , ,2, ,2, ,2, ,2, ,2, ,2, ,2,1,2,1,1,2,2,2,2,2,2,2,8,1,2511,"21,5666196580611",5,0.0,200,7, ,1, , , ,17,1,0,0,170150002604,1701500026040570108,17015000260405701108,1701500026040570110208,202508,8
1,170150,170150,68,9,1,3,2,32,3,1,10,6,2, ,2,10,2, ,1,40910224,6,1, ,1,1, , , ,40, ,1,4, , , , , , , , , , , , ,8610,2211,1, ,1,2,2,2,1,2,1,2,2,2,1,1,10,1,2, , , ,1,40, , , , , , , , , , , ,1, , , , ,1200,100,2, , , , ,2, ,2, ,2, ,2, ,2, ,2, , , , , , , , , , , , , , ,1,2512,"18,2352401083866",5,1300.0,"717,5",1,1, ,1,2,17,17,1,0,0,170150257002,1701502570020680910,17015025700206809110,1701502570020680910310,202510,10
1,170150,170150,64,6,1,1,1,33,1,10,10,5,2, ,5,9,4, ,1,30110403,6,3,862,1,1, , , ,40, ,1,4, , , , , , , , , , , , ,4520,7231,2, ,3,1,2,2,2,1,2,2,2,2,2,2,2,1,1,4,4,3,1,40, , , , , , , , , , , ,5, , , , ,600,0,1,50, , , ,2, ,2, ,2, ,2, ,2, ,2, , , , , , , , , , , , , , ,1,2512,"69,8052505162829",5,650.0,200,1,1, ,4,7,7,17,1,0,0,170150001104,1701500011040640603,17015000110406406103,1701500011040640610103,202503,3
1,170150,170150,66,2,1,4,1,34,3,4,10,6,2, ,2,9,5, ,1,30330101,6,1, ,1,1, , , ,40, ,1,4, , , , , , , , , , , , ,8423,5412,1, ,1,2,2,2,1,2,1,2,2,2,1,1,15,1,2, , , ,1,40, , , , , , , , , , , ,4, , , , ,1800,180,2, , , , ,2, ,2, ,2, ,2, ,2, ,2, , , , , , , , , , , , , , ,1,2512,"31,7639027962685",5,1980.0,"881,666666666667",1,1, ,1,5,15,17,1,0,0,170150250902,1701502509020660208,17015025090206602108,1701502509020660210408,202508,8
1,170150,170150,67,6,1,3,2,31,3,1,10,6,1,3, ,9,5, ,1,31010401,6,1, ,1,1, , , ,40, ,1,4, , , , , , , , , , , , ,8890,5311,2, ,2,2,2,2,1,1,1,2,2,1,1,1,5,1,1,5,2,1,1,40, , , , , , , , , , , ,1, , , , ,1200,113,1,53, , , ,2, ,2, ,2, ,2, ,2, ,2, , , , , , , , , , , , , , ,1,2511,"32,4172868784644",5,1366.0,"598,8",1,1, ,1,5,17,17,1,0,0,170150102803,1701501028030670606,17015010280306706106,1701501028030670610306,202506,6
1,170150,170150,65,4,1,1,2,34,1,10,10,5,2, ,11,6,6, , , ,5,1, ,1,2,12,2, , , , , , , , , ,11, ,9, ,4, , , , , , , , , , , , , , , , , , , , , , , , , , , , , , , , , , , , , , ,5, , , , , , , , , , , ,2, ,2, ,1,120,2, ,2, ,2, , , , , , , , , , , , , , ,1,2513,"33,9091356028778",4,0.0,"199,75",9, , , , , ,17,1,0,0,170150222501,1701502225010650404,17015022250106504104,1701502225010650410104,202504,4
1,170150,170150,59,2,1,2,2,30,2,1,10,1,1,6, ,8,3, ,1,20710404,6,2,120550,2,1, , , ,36,1, ,4, , , , , , , , , , , , ,1071,4321,2, ,3,2,2,2,1,2,1,2,2,2,1,1,0,1,2, , , ,2,24,12,0,9511,3114,6,2,9,1,1,2,1,1, , , , ,235,26,2, ,400,2, ,2, ,2, ,2, ,2, ,2, ,2, , , , , , , , , , , , , , ,1,2511,"114,045806724051",5,661.0,"877,75",1,1, ,1,4,3,17,1,0,0,170150063401,1701500634010590206,17015006340105902106,1701500634010590210206,202506,6
2,170171,170171,59,2,1,3,2,35,3,1,10,6,2, ,11,6,3, , , ,6,1, ,1,1, , , ,40, ,1,4, , , , , , , , , , , , ,1410,8153,2, ,2,2,2,2,1,2,1,2,2,2,1,1,15,1,1,27,1,1,1,40, , , , , , , , , , , ,1, , , , ,425,45,2, , , , ,2, ,2, ,2, ,2, ,2, ,2, , , , , , , , , , , , , , ,1,1721,"63,8047083313918",3,470.0,"307,5",1,1, ,1,8,3,17,6,0,0,170171900501,1701719005010590206,17017190050105902106,1701719005010590210306,202506,6
1,170150,170150,53,6,1,3,1,30,3,1,10,6,2, ,3,9,4, ,2, ,6,1, ,1,1, , , ,40, ,1,4, , , , , , , , , , , , ,8610,7422,1, ,3,2,2,2,1,2,1,2,2,2,1,1,3,1,2, , , ,1,40, , , , , , , , , , , ,1, , , , ,900,80,2, , , , ,2, ,2, ,2, ,2, ,2, ,2, , , , , , , , , , , , , , ,1,2512,"27,9262027500659",5,980.0,"526,666666666667",1,1, ,1,7,17,17,1,0,0,170150348402,1701503484020530604,17015034840205306104,1701503484020530610304,202504,4
1,170150,170150,65,7,1,4,1,31,4,10,10,1,2, ,6,6,6, , , ,6,2,180650,2,1, , , ,84, ,1,4, , , , , , , , , , , , ,5011,5120,2, ,2,1,1,2,2,1,2,2,2,2,2,2,1,3,2, , , ,1,84, , , , , , , , , , , ,5, , , , ,1100,0,1,165, , , ,2, ,2, ,2, ,2, ,2, ,2, , , , , , , , , , , , , , ,1,2511,"36,9816095765497",4,1265.0,"584,25",1,1, ,1,5,8,17,1,0,0,170150152002,1701501520020650704,17015015200206507104,1701501520020650710404,202504,4
1,170150,170150,67,8,1,1,1,35,1,1,10,6,2, ,2,8,3, ,1,20610303,6,1, ,1,1, , , ,40, ,1,4, , , , , , , , , , , , ,6201,2512,2, ,2,2,2,2,1,2,2,2,2,2,2,2,8,1,1,60,1,1,1,40, , , , , , , , , , , ,1, , , , ,920,180,2, , , , ,2, ,2, ,2, ,2, ,2, ,2, , , , , , , , , , , , , , ,1,2512,"39,7773413227338",5,1100.0,1100,1,1, ,1,2,10,17,1,0,0,170150256603,1701502566030670809,17015025660306708109,1701502566030670810109,202509,9
1,170150,170150,67,5,1,1,1,31,1,10,10,5,2, ,5,6,6, , , ,6,3,862,1,1, , , ,50, ,1,4, , , , , , , , , , , , ,4799,9520,6,2, , , , , , , , , , , , ,5,3,1,1,3,2,1,50, , , , , , , , , , , ,5,450,2, ,200, , , , , , , ,2, ,2, ,2, ,2, ,2, ,2, , , , , , , , , , , , , , ,1,2512,"59,1882512102279",4,250.0,"83,3333333333333",4,1, ,2,9,7,17,1,1,0,170150258402,1701502584020670506,17015025840206705106,1701502584020670510106,202506,6
1,170150,170150,67,9,1,2,2,30,3,1,10,6,2, ,2,8,3, ,1,21010204,6,1, ,1,1, , , ,40, ,1,4, , , , , , , , , , , , ,4761,5223,2, ,3,2,2,2,1,1,1,2,2,2,1,1,1,1,1,25,1,1,1,40, , , , , , , , , , , ,1, , , , ,500,43,1,20, , , ,2, ,2, ,2, ,2, ,2, ,2, , , , , , , , , , , , , , ,1,2513,"55,456692703348",5,563.0,"281,5",1,1, ,1,5,7,17,1,0,0,170150334701,1701503347010670906,17015033470106709106,1701503347010670910206,202506,6
1,170150,170150,53,5,1,2,2,35,2,4,10,1,2, ,5,6,6, , , ,6,1, ,1,1, , , ,16,6, ,4, , , , , , , , , , , , ,7911,3322,2, ,2,2,2,2,2,2,2,2,2,2,2,2,1,1,1,5,1,1,1,40, , , , , , , , , , , ,5, , , , ,470,0,2, , , , ,2, ,2, ,2, ,2, ,2, ,2, , , , , , , , , , , , , , ,1,2512,"205,019593289674",4,470.0,425,1,1, ,1,3,14,17,1,0,0,170150280601,1701502806010530504,17015028060105305104,1701502806010530510204,202504,4
1,170150,170150,63,7,1,3,1,33,3,1,10,6,2, ,2,9,5, ,1,30410401,6,1, ,1,1, , , ,40, ,1,4, , , , , , , , , , , , ,6419,3312,2, ,2,2,2,2,1,2,1,2,2,2,1,1,2,1,1,10,1,1,1,40, , , , , , , , , , , ,1, , , , ,470,48,2, , , , ,2, ,2, ,2, ,2, ,2, ,2, , , , , , , , , , , , , , ,1,2512,"56,7297247614269",5,518.0,"589,333333333333",1,1, ,1,3,11,17,1,0,0,170150276303,1701502763030630705,17015027630306307105,1701502763030630710305,202505,5
1,170150,170150,65,4,1,1,1,33,1,1,10,5,2, ,5,6,6, , , ,6,2,50250,2,1, , , ,40, ,1,4, , , , , , , , , , , , ,4759,5223,2, ,2,2,2,2,2,1,1,2,2,2,1,1,2,1,1,5,1,1,1,40, , , , , , , , , , , ,1, , , , ,430,40,1,8, , , ,2, ,2, ,2, ,2, ,2, ,2, , , , , , , , , , , , , , ,1,2512,"32,7588307119171",4,478.0,121,1,1, ,1,5,7,17,1,0,0,170150060701,1701500607010650404,17015006070106504104,1701500607010650410104,202504,4
1,170150,170150,40,2,1,3,1,32,7,10,10,6,2, ,3,6,6, , , ,6,1, ,1,1, , , ,60, ,1,4, , , , , , , , , , , , ,1071,5414,2, ,2,2,2,2,2,2,2,2,2,2,2,2,4,1,2, , , ,1,60, , , , , , , , , , , ,5, , , , ,520,0,2, , , , ,2, ,2, ,2, ,2, ,2, ,2, , , , , , , , , , , , , , ,1,2512,"80,2639118292469",4,520.0,440,1,1, ,1,5,3,17,1,0,0,170150268001,1701502680010400201,17015026800104002101,1701502680010400210301,202501,1
1,170150,170150,59,7,1,1,1,35,1,10,10,5,2, ,5,4,6,1, , ,1,2,50150,2,1, , , ,70, ,1,4, , , , , , , , , , , , ,4781,5211,6,2, , , , , , , , , , , , ,2,4,1,2,3,2,1,70, , , , , , , , , , , ,5,750,1,150,300, , , , , , , ,2, ,2, ,2, ,2, ,2, ,2, , , , , , , , , , , , , , ,1,2513,"244,348222319317",3,600.0,150,1,1, ,2,5,7,17,1,0,0,170150377303,1701503773030590703,17015037730305907103,1701503773030590710103,202503,3
1,170150,170150,63,7,1,1,1,31,1,10,10,1,2, ,5,6,3, , , ,1,2,60150,2,1, , , ,32,8, ,3,1,5,2,2, , , , , , , , ,4799,9520,6,2, , , , , , , , , , , , ,20,3,1,1,2,2,1,40, , , , , , , , , , , ,5,470,2, ,150, , , , , , , ,2, ,2, ,2, ,2, ,2, ,2, , , , , , , , , , , , , , ,1,2513,"78,4829625795418",3,320.0,"81,75",2,1, ,2,9,7,17,1,1,0,170150116003,1701501160030630705,17015011600306307105,1701501160030630710105,202505,5
1,170150,170150,58,7,1,1,1,31,1,2,10,6,2, ,2,9,5, ,1,30730301,6,1, ,1,1, , , ,30,8, ,4, , , , , , , , , , , , ,8549,2356,6,2, , , , , , , , , , , , ,0,9,1,1,2,1,1,40, , , , , , , , , , , ,2,600,2, ,0, , , , , , , ,1,175,2, ,1,300,2, ,2, ,2, , , , , , , , , , , , , , ,1,2511,"12,7842836261659",5,600.0,1075,1,1, ,1,2,16,17,1,0,0,170150118601,1701501186010580712,17015011860105807112,1701501186010580710112,202512,12
1,170950,170950,51,6,1,2,2,34,2,10,10,5,2, ,3,4,6,1, , ,6,1, ,2,2,12,2, , , , , , , , , ,11, ,9, ,4, , , , , , , , , , , , , , , , , , , , , , , , , , , , , , , , , , , , , , ,5, , , , , , , , , , , ,2, ,2, ,2, ,2, ,1,55,2, , , , , , , , , , , , , , ,1,1713,"29,7291768985245",3,0.0,"68,3333333333333",9, , , , , ,17,6,1,0,170950000701,1709500007010510603,17095000070105106103,1709500007010510610203,202503,3
1,170150,170150,60,5,1,3,1,31,3,1,10,6,2, ,2,9,5, ,1,30710201,6,1, ,1,1, , , ,40, ,1,4, , , , , , , , , , , , ,7110,3123,2, ,3,1,2,1,1,2,1,2,2,2,1,1,5,1,1,60,1,1,1,40, , , , , , , , , , , ,1, , , , ,1300,150,1,275, , , ,2, ,2, ,2, ,2, ,2, ,2, , , , , , , , , , , , , , ,1,2511,"28,8032518942919",5,1725.0,1295,1,1, ,1,3,13,17,1,0,0,170150043302,1701500433020600509,17015004330206005109,1701500433020600510309,202509,9
1,170150,170150,56,5,1,2,1,30,2,4,10,1,2, ,5,7,3, , , ,6,1, ,1,1, , , ,40, ,1,4, , , , , , , , , , , , ,8422,210,1, ,1,2,2,2,1,2,1,2,2,2,1,1,10,1,2, , , ,1,40, , , , , , , , , , , ,4, , , , ,1000,100,2, , , , ,2, ,2, ,2, ,2, ,2, ,2, , , , , , , , , , , , , , ,1,2513,"74,8953656473782",4,1100.0,"659,333333333333",1,1, ,1,10,15,17,1,0,0,170150076402,1701500764020560502,17015007640205605102,1701500764020560510202,202502,2
1,170150,170150,55,1,1,2,1,30,3,1,10,6,2, ,2,9,5, ,1,30710301,6,1, ,1,1, , , ,40, ,1,4, , , , , , , , , , , , ,3510,2151,1, ,3,1,2,2,1,1,1,2,2,1,1,1,2,1,2, , , ,1,40, , , , , , , , , , , ,1, , , , ,1200,100,1,150, , , ,2, ,2, ,2, ,2, ,2, ,2, , , , , , , , , , , , , , ,3,2512,"40,5675638263874",5,1450.0,875,1,1, ,1,2,4,17,1,0,0,170150356003,1701503560030550111,17015035600305501111,1701503560030550110211,202511,11
1,170150,170150,55,4,1,4,2,32,4,10,10,1,2, ,15,6,6, , , ,6,2,30156,4,1, , , ,20,1, ,4, , , , , , , , , , , , ,9529,7531,6,2, , , , , , , , , , , , ,3,9,1,1,3,2,1,20, , , , , , , , , , , ,5,50,2, ,10, , , , , , , ,2, ,2, ,2, ,2, ,2, ,2, , , , , , , , , , , , , , ,1,2513,"134,283242210549",4,40.0,"110,375",4,1, ,2,7,19,17,1,0,0,170150398002,1701503980020550402,17015039800205504102,1701503980020550410402,202502,2
1,170180,170180,66,7,1,1,2,32,1,1,10,2,2, ,3,6,6, , , ,6,1, ,1,1, , , ,44, ,2,4, , , , , , , , , , , , ,5610,4311,2, ,2,2,2,2,1,1,1,2,2,1,1,1,1,1,2, , , ,1,40, , , , , , , , , , , ,1, , , , ,990,86,1,30, , , ,2, ,1,270,2, ,2, ,2, ,2, , , , , , , , , , , , , , ,1,1712,"53,5936416577945",4,1106.0,"458,666666666667",1,1, ,1,4,9,17,6,0,0,170180119501,1701801195010660708,17018011950106607108,1701801195010660710108,202508,8
1,170251,170251,60,7,1,2,2,30,2,1,4,1,2, ,2,9,5, ,1,30310403,6,2,170185,1,1, , , ,40, ,1,4, , , , , , , , , , , , ,8690,1342,2, ,2,2,2,2,1,2,1,2,2,2,1,1,2,1,2, , , ,1,40, , , , , , , , , , , ,1, , , , ,1070,65,2, , , , ,2, ,2, ,2, ,2, ,2, ,2, , , , , , , , , , , , , , ,1,1711,"43,5928679236486",5,1135.0,"1018,33333333333",1,1, ,1,1,17,17,6,0,0,170251006301,1702510063010600709,17025100630106007109,1702510063010600710209,202509,9
1,170150,170150,52,5,1,1,1,32,1,1,10,6,2, ,2,10,2, ,1,50510102,6,1, ,1,1, , , ,40, ,1,4, , , , , , , , , , , , ,9103,1112,1, ,3,2,2,2,1,2,1,2,2,1,1,1,6,1,2, , , ,1,40, , , , , , , , , , , ,1, , , , ,1000,100,1,25, , , ,2, ,2, ,2, ,2, ,2, ,2, , , , , , , , , , , , , , ,1,2511,"25,6573428446197",5,1125.0,"687,5",1,1, ,1,1,18,17,1,0,0,170150168903,1701501689030520510,17015016890305205110,1701501689030520510110,202510,10
1,170150,170150,60,1,1,2,1,32,2,10,10,1,2, ,5,6,6, , , ,6,2,60250,1,1, , , ,40, ,1,4, , , , , , , , , , , , ,4100,7112,6,2, , , , , , , , , , , , ,10,2,1,1,3,2,1,40, , , , , , , , , , , ,5,600,2, ,60, , , , , , , ,2, ,2, ,2, ,2, ,2, ,2, , , , , , , , , , , , , , ,1,2513,"44,229725891447",4,540.0,"381,333333333333",1,1, ,2,7,6,17,1,0,0,170150337802,1701503378020600106,17015033780206001106,1701503378020600110206,202506,6
1,170150,170150,75,6,1,1,2,31,1,10,10,6,1,6, ,9,3, ,2, ,6,1, ,1,1, , , ,10,1, ,3,1,30,7, , , , , , , , , ,8549,2359,6,2, , , , , , , , , , , , ,3,9,1,1,3,2,1,10, , , , , , , , , , , ,5,200,2, ,0, , , , , , , ,2, ,2, ,2, ,2, ,2, ,2, , , , , , , , , , , , , , ,1,2512,"61,706297782331",5,200.0,315,2,1, ,2,2,16,17,1,0,0,170150056606,1701500566060750611,17015005660607506111,1701500566060750610111,202511,11
1,170150,170150,69,10,1,2,2,34,2,1,10,5,2, ,5,6,6, , , ,6,2,50250,1,1, , , ,40, ,1,4, , , , , , , , , , , , ,1520,9321,2, ,2,2,2,2,1,1,1,2,2,2,1,1,14,1,2, , , ,1,40, , , , , , , , , , , ,1, , , , ,470,45,1,5, , , ,2, ,2, ,2, ,2, ,2, ,2, , , , , , , , , , , , , , ,1,2513,"29,6841260450968",4,520.0,551,1,1, ,1,9,3,17,1,0,0,170150331102,1701503311020691008,17015033110206910108,1701503311020691010208,202508,8
1,170150,170150,67,3,1,3,1,32,3,1,10,6,2, ,2,10,1, ,1,50610301,6,1, ,2,1, , , ,40, ,1,4, , , , , , , , , , , , ,4759,2512,2, ,2,1,2,2,1,2,1,2,2,2,1,1,5,1,2, , , ,1,40, , , , , , , , , , , ,1, , , , ,1000,120,1,50, , , ,2, ,2, ,2, ,2, ,2, ,2, , , , , , , , , , , , , , ,1,2512,"235,458995043368",5,1170.0,"667,5",1,1, ,1,2,7,17,1,0,0,170150294003,1701502940030670306,17015029400306703106,1701502940030670310306,202506,6
1,170150,170150,71,8,1,1,2,33,1,10,10,5,2, ,5,8,3, ,1,10410303,6,3,862,6,1, , , ,40, ,1,4, , , , , , , , , , , , ,9602,5142,2, ,2,2,2,2,2,2,2,2,2,2,2,2,3,1,1,20,1,1,1,40, , , , , , , , , , , ,5, , , , ,470,0,2, , , , ,2, ,2, ,1,50,2, ,2, ,2, , , , , , , , , , , , , , ,1,2512,"245,324718025195",5,470.0,"175,833333333333",1,1, ,1,5,19,17,1,0,0,170150337502,1701503375020710807,17015033750207108107,1701503375020710810107,202507,7
2,170151,170151,59,8,1,3,2,32,3,1,10,6,2, ,2,9,4, ,1,30110406,6,1, ,4,1, , , ,40, ,1,4, , , , , , , , , , , , ,8521,2330,2, ,2,2,2,2,1,2,1,2,2,2,1,1,7,1,1,40,1,1,1,40, , , , , , , , , , , ,1, , , , ,500,50,2, , , , ,2, ,1,200,2, ,2, ,2, ,2, , , , , , , , , , , , , , ,1,1723,"32,3475949862261",5,550.0,407,1,1, ,1,2,16,17,6,0,0,170151900801,1701519008010590803,17015190080105908103,1701519008010590810303,202503,3
2,170252,170252,73,6,1,8,2,32,4,10,10,5,2, ,5,6,6, , , ,1,1, ,4,1, , , ,10,9, , , , , , , , , , , , , , ,113,6111,4, ,6,1,2,2,2,2,2,2,2,2,2,2,5,11,1,2,3,2,1,10, , , , , , , , , , , ,5, , , , ,120,0,1,50, , , ,2, ,2, ,2, ,2, ,2, ,2, , , , , , , , , , , , , , ,1,1721,"34,3684931197245",4,170.0,"186,666666666667",4,1, ,2,6,1,17,6,0,0,170252902202,1702529022020730609,17025290220207306109,1702529022020730610809,202509,9
1,170155,170155,56,1,1,6,2,31,7,1,10,6,2, ,2,8,3, ,1,20410302,6,1, ,3,1, , , ,40, ,1,4, , , , , , , , , , , , ,4772,5230,2, ,3,1,2,2,1,2,1,2,2,2,1,1,2,1,2, , , ,1,40, , , , , , , , , , , ,1, , , , ,470,44,1,50, , , ,2, ,2, ,2, ,2, ,2, ,2, , , , , , , , , , , , , , ,1,1713,"90,9817493623045",5,564.0,"670,333333333333",1,1, ,1,5,7,17,6,0,0,170155014901,1701550149010560105,17015501490105601105,1701550149010560110605,202505,5
1,170150,170150,71,3,1,3,1,30,3,4,10,6,2, ,11,7,3, , , ,6,1, ,2,1, , , ,40, ,1,4, , , , , , , , , , , , ,8423,5412,1, ,1,1,2,1,1,1,1,2,2,1,1,1,6,1,2, , , ,1,40, , , , , , , , , , , ,4, , , , ,1200,120,1,100, , , ,2, ,2, ,2, ,2, ,2, ,2, , , , , , , , , , , , , , ,1,2513,"14,4663045396859",4,1420.0,444,1,1, ,1,5,15,17,1,0,0,170150122202,1701501222020710310,17015012220207103110,1701501222020710310310,202510,10
2,170157,170157,55,9,1,2,2,33,2,10,10,1,2, ,3,4,6,1, , ,6,2,50450,1,1, , , ,20,1, ,3,1,20,7, , , , , , , , , ,4799,9520,7, , , , , , , , , , , , , ,5,3,1,2,3,2,1,20, , , , , , , , , , , ,5, , , , , , , , , , , ,2, ,2, ,2, ,2, ,1,55,2, , , , , , , , , , , , , , ,1,1723,"151,254256320111",3,0.0,"124,333333333333",2,1, ,2,9,7,17,6,0,0,170157900206,1701579002060550902,17015790020605509102,1701579002060550910202,202502,2
2,170172,170172,74,9,1,1,1,30,1,10,10,5,2, ,5,7,3, , , ,6,3,862,2,1, , , ,40, ,1,4, , , , , , , , , , , , ,4100,7112,4, ,6,2,2,2,2,2,2,2,2,2,2,2,5,2,1,2,3,2,1,40, , , , , , , , , , , ,5, , , , ,500,0,2, , , , ,2, ,2, ,1,100,2, ,2, ,2, , , , , , , , , , , , , , ,1,1721,"24,0925448425965",4,500.0,"152,25",1,1, ,2,7,6,17,6,0,0,170172900502,1701729005020740910,17017290050207409110,1701729005020740910110,202510,10
1,170150,170150,53,4,1,2,2,34,2,2,10,1,2, ,5,6,6, , , ,6,1, ,2,1, , , ,40, ,1,4, , , , , , , , , , , , ,4752,5221,6,2, , , , , , , , , , , , ,3,6,1,1,2,1,1,40, , , , , , , , , , , ,2,1300,2, ,600, , , , , , , ,2, ,2, ,2, ,2, ,2, ,2, , , , , , , , , , , , , , ,1,2513,"69,6032555684559",4,700.0,"318,75",1,1, ,1,5,7,17,1,0,0,170150071902,1701500719020530404,17015007190205304104,1701500719020530410204,202504,4
1,170150,170150,40,3,1,1,1,33,1,10,10,1,2, ,11,8,3, ,1,20210210,6,1, ,1,2,12,1,1,9,1, ,1,1,30,7, , , , , , , , , ,1410,2163,5,2, , , , , , , , , , , , ,6,8,1,3,3,2,1,9, , , , , , , , , , , ,5,700,2, ,400, , , , , , , ,2, ,2, ,1,200,2, ,2, ,2, , , , , , , , , , , , , , ,1,2512,"94,1701445199027",5,300.0,"168,333333333333",2,1, ,2,2,3,17,1,0,0,170150019701,1701500197010400301,17015001970104003101,1701500197010400310101,202501,1
1,170155,170155,57,4,1,1,2,34,1,1,5,6,2, ,2,9,5, ,1,30410603,6,1, ,1,1, , , ,40, ,1,4, , , , , , , , , , , , ,4649,3322,2, ,2,2,2,2,1,1,1,1,2,1,1,1,2,1,1,85,1,1,1,40, , , , , , , , , , , ,1, , , , ,1800,100,1,105, , , ,2, ,2, ,1,120,2, ,2, ,2, , , , , , , , , , , , , , ,1,1713,"63,7829546040899",5,2005.0,2125,1,1, ,1,3,7,17,6,0,0,170155026703,1701550267030570405,17015502670305704105,1701550267030570410105,202505,5
1,170150,170150,53,1,1,3,1,35,3,10,10,6,2, ,3,4,6,1, , ,6,1, ,4,2,12,2, , , , , , , , , ,9,16, , , ,2, , , , , , , , , , , , , , , , , , , , , , , , , , , , , , , , , , , , , ,5, , , , , , , , , , , ,2, ,2, ,2, ,2, ,2, ,2, ,2,2,1,1,1,2,2,2,2,2,2,2,8,1,2513,"45,9548151002935",3,0.0,"107,5",7, ,1, , , ,17,1,0,0,170150336602,1701503366020530104,17015033660205301104,1701503366020530110304,202504,4
1,170150,170150,63,5,1,1,2,34,1,10,10,3,1,6, ,9,4, ,2, ,6,1, ,2,1, , , ,40, ,1,4, , , , , , , , , , , , ,6920,4311,2, ,3,1,2,2,2,1,2,2,2,2,2,2,0,1,1,12,1,1,1,40, , , , , , , , , , , ,5, , , , ,200,0,1,80, , , ,2, ,2, ,2, ,2, ,2, ,2, , , , , , , , , , , , , , ,1,2513,"50,8645714446316",5,280.0,"96,6666666666667",4,1, ,1,4,13,17,1,0,0,170150026001,1701500260010630505,17015002600106305105,1701500260010630510105,202505,5
1,170179,170179,68,10,1,1,2,33,1,5,10,5,2, ,2,10,2, ,1,30310401,6,3,170,1,1, , , ,14,3, ,1,1,1,1,4, , , , , , , , ,8690,2634,6,2, , , , , , , , , , , , ,2,9,1,1,3,1,1,20, , , , , , , , , , , ,5,800,2, ,0, , , , , , , ,2, ,2, ,2, ,2, ,2, ,2, , , , , , , , , , , , , , ,1,1713,"162,131992359596",5,800.0,1200,2,1, ,1,2,17,17,6,0,0,170179102303,1701791023030681010,17017910230306810110,1701791023030681010110,202510,10
1,170150,170150,64,8,1,4,1,30,3,10,10,6,2, ,2,9,5, ,1,30730301,6,2,40150,2,2,12,2, , , , , , , , , ,2,16, , , ,1,5,16,4100,2161,6, , , , , , , , , , , , , , , , , , , , , , , , , , , , , , , , ,5, , , , , , , , , , , ,2, ,2, ,2, ,2, ,2, ,2, ,2,2,1,1,1,2,2,2,2,2,2,2,2,1,2512,"69,8052505162829",5,0.0,149,7, ,1, , , ,17,1,0,0,170150001104,1701500011040640803,17015000110406408103,1701500011040640810403,202503,3
1,170155,170155,67,4,1,4,1,32,3,1,10,6,2, ,11,9,5, ,2, ,6,1, ,2,1, , , ,40, ,1,4, , , , , , , , , , , , ,4772,2411,2, ,2,2,2,2,1,2,1,2,2,2,1,1,2,1,1,30,1,1,1,40, , , , , , , , , , , ,1, , , , ,970,50,2, , , , ,2, ,2, ,2, ,2, ,2, ,2, , , , , , , , , , , , , , ,1,1713,"46,1307728431179",5,1020.0,"936,666666666667",1,1, ,1,2,7,17,6,0,0,170155022407,1701550224070670409,17015502240706704109,1701550224070670410409,202509,9
1,170180,170180,63,3,1,3,2,35,3,1,10,6,2, ,2,9,5, ,1,30330101,6,1, ,2,1, , , ,40, ,1,4, , , , , , , , , , , , ,6910,2611,6,2, , , , , , , , , , , , ,6,6,1,1,3,1,1,40, , , , , , , , , , , ,1,2000,2, ,400, , , , , , , ,2, ,2, ,2, ,2, ,2, ,2, , , , , , , , , , , , , , ,1,1713,"92,5501789919015",5,1600.0,1218,1,1, ,1,2,13,17,6,0,0,170180106703,1701801067030630302,17018010670306303102,1701801067030630310302,202502,2
2,170454,170454,65,8,1,1,1,31,1,10,10,5,2, ,2,9,5, ,1,30810106,6,2,170250,1,1, , , ,40, ,1,4, , , , , , , , , , , , ,7490,2132,6,2, , , , , , , , , , , , ,3,9,1,1,3,1,1,40, , , , , , , , , , , ,5,800,2, ,200, , , , , , , ,2, ,2, ,1,150,2, ,2, ,2, , , , , , , , , , , , , , ,1,1721,"37,9116872656716",5,600.0,"451,666666666667",1,1, ,1,2,13,17,6,0,0,170454901102,1704549011020650804,17045490110206508104,1704549011020650810104,202504,4
1,170150,170150,69,4,1,3,1,33,3,1,10,6,2, ,5,9,4, ,1,30320101,6,1, ,1,1, , , ,40, ,1,4, , , , , , , , , , , , ,3312,7233,2, ,2,2,2,2,1,2,1,2,2,2,1,1,4,1,1,15,1,1,1,40, , , , , , , , , , , ,1, , , , ,500,45,2, , , , ,2, ,2, ,2, ,2, ,2, ,2, , , , , , , , , , , , , , ,1,2512,"27,7726410350449",5,545.0,"173,75",1,1, ,1,7,3,17,1,0,0,170150271201,1701502712010690411,17015027120106904111,1701502712010690410311,202511,11
1,170150,170150,71,6,1,1,2,34,1,10,10,6,2, ,5,6,4, , , ,6,2,130450,1,1, , , ,20,3, ,3,1,20,3,4, , , , , , , , ,5610,5131,2, ,3,1,2,2,2,2,2,2,2,2,2,2,0,1,1,3,2,1,1,30, , , , , , , , , , , ,5, , , , ,120,0,1,50, , , ,2, ,2, ,2, ,2, ,2, ,2, , , , , , , , , , , , , , ,1,2512,"26,5331323259439",4,170.0,"59,3333333333333",2,1, ,1,5,9,17,1,1,0,170150103701,1701501037010710610,17015010370107106110,1701501037010710610110,202510,10
1,170150,170150,53,2,1,2,2,32,2,4,10,1,2, ,11,6,6, , , ,1,2,50450,2,2,12,2, , , , , , , , , ,11, ,9, ,4, , , , , , , , , , , , , , , , , , , , , , , , , , , , , , , , , , , , , , ,5, , , , , , , , , , , ,2, ,2, ,2, ,2, ,2, ,2, , , , , , , , , , , , , , ,1,2513,"27,2052132988638",4,0.0,"196,6",9, , , , , ,17,1,0,0,170150357601,1701503576010530204,17015035760105302104,1701503576010530210204,202504,4
1,170150,170150,69,8,1,4,2,30,3,10,10,6,1,1, ,9,4, ,2, ,6,1, ,1,2,12,2, , , , , , , , , ,11, ,9, ,3, , , , , , , , , , , , , , , , , , , , , , , , , , , , , , , , , , , , , , ,5, , , , , , , , , , , ,2, ,2, ,2, ,2, ,2, ,2, , , , , , , , , , , , , , ,1,2513,"29,6841260450968",5,0.0,190,9, , , , , ,17,1,0,0,170150331102,1701503311020690808,17015033110206908108,1701503311020690810408,202508,8
1,170150,170150,68,5,1,3,2,34,3,1,10,6,2, ,5,9,5, ,1,30410302,6,1, ,1,1, , , ,40, ,1,4, , , , , , , , , , , , ,8530,2351,2, ,2,2,2,2,1,2,1,2,2,2,1,1,4,1,2, , , ,1,40, , , , , , , , , , , ,1, , , , ,423,47,2, , , , ,2, ,2, ,2, ,2, ,2, ,2, , , , , , , , , , , , , , ,1,2511,"81,9606541528406",5,470.0,"567,5",1,1, ,1,2,16,17,1,0,0,170150218404,1701502184040680510,17015021840406805110,1701502184040680510310,202510,10
1,170150,170150,57,1,1,2,2,35,2,10,10,1,2, ,11,6,3, , , ,6,2,111650,2,2,12,2, , , , , , , , , ,11, ,9, ,4, , , , , , , , , , , , , , , , , , , , , , , , , , , , , , , , , , , , , , ,5, , , , , , , , , , , ,2, ,2, ,2, ,2, ,2, ,2, , , , , , , , , , , , , , ,1,2513,"72,012890919853",3,0.0,88,9, , , , , ,17,1,1,0,170150383403,1701503834030570105,17015038340305701105,1701503834030570110205,202505,5
1,170150,170150,57,7,1,2,1,31,3,10,10,6,2, ,3,8,2, ,2, ,6,1, ,2,1, , , ,60, ,1,4, , , , , , , , , , , , ,4922,8322,6,2, , , , , , , , , , , , ,3,3,1,1,3,2,1,60, , , , , , , , , , , ,5,800,2, ,480, , , , , , , ,2, ,2, ,2, ,2, ,2, ,2, , , , , , , , , , , , , , ,1,2513,"72,012890919853",5,320.0,400,4,1, ,2,8,8,17,1,0,0,170150383403,1701503834030570705,17015038340305707105,1701503834030570710205,202505,5
1,170150,170150,47,7,1,2,2,30,2,10,10,5,2, ,8,6,6, , , ,6,3,862,1,1, , , ,40, ,1,4, , , , , , , , , , , , ,5610,5131,2, ,2,1,2,2,2,1,2,2,2,2,2,2,0,1,1,2,3,2,1,40, , , , , , , , , , , ,5, , , , ,250,0,1,50, , , ,2, ,2, ,2, ,2, ,2, ,2, , , , , , , , , , , , , , ,1,2512,"65,4688478191688",4,300.0,325,4,1, ,2,5,9,17,1,0,0,170150386202,1701503862020470702,17015038620204707102,1701503862020470710202,202502,2
1,170150,170150,53,2,1,1,1,31,1,4,10,1,2, ,5,8,3, ,1,20710506,6,1, ,2,1, , , ,40, ,1,4, , , , , , , , , , , , ,8422,210,1, ,1,2,2,2,1,2,1,2,2,2,1,1,4,1,2, , , ,1,40, , , , , , , , , , , ,4, , , , ,903,80,2, , , , ,2, ,2, ,2, ,2, ,2, ,2, , , , , , , , , , , , , , ,1,2513,"27,2052132988638",5,983.0,"196,6",1,1, ,1,10,15,17,1,0,0,170150357601,1701503576010530204,17015035760105302104,1701503576010530210104,202504,4
1,170150,170150,62,1,1,2,2,33,2,10,10,1,1,6, ,9,3, ,2, ,6,1, ,2,2,12,2, , , , , , , , , ,11, ,9, ,3, , , , , , , , , , , , , , , , , , , , , , , , , , , , , , , , , , , , , , ,5, , , , , , , , , , , ,2, ,2, ,2, ,2, ,2, ,2, , , , , , , , , , , , , , ,1,2512,"46,1613433967075",5,0.0,"127,4",9, , , , , ,17,1,0,0,170150261104,1701502611040620104,17015026110406201104,1701502611040620110204,202504,4
1,170150,170150,63,2,1,2,2,31,2,1,10,5,2, ,2,9,4, ,1,30910801,6,2,180150,2,1, , , ,40, ,1,4, , , , , , , , , , , , ,5229,2262,2, ,2,1,2,1,1,2,1,2,2,2,1,1,6,1,2, , , ,1,40, , , , , , , , , , , ,1, , , , ,900,90,1,130, , , ,2, ,2, ,2, ,2, ,2, ,2, , , , , , , , , , , , , , ,1,2511,"13,5810138767059",5,1120.0,1331,1,1, ,1,2,8,17,1,0,0,170150076903,1701500769030630205,17015007690306302105,1701500769030630210205,202505,5
1,170150,170150,55,7,1,3,2,30,3,10,10,6,2, ,2,9,5, ,1,30310401,6,1, ,2,1, , , ,36,1, ,1,1,20,7, , , , , , , , , ,8690,2634,6,2, , , , , , , , , , , , ,5,6,1,1,3,1,1,36, , , , , , , , , , , ,5,900,2, ,200, , , , , , , ,2, ,2, ,2, ,2, ,2, ,2, , , , , , , , , , , , , , ,1,2512,"88,1880275455574",5,700.0,305,2,1, ,1,2,17,17,1,0,0,170150231801,1701502318010550711,17015023180105507111,1701502318010550710311,202511,11
1,170150,170150,40,6,1,3,1,34,3,1,10,6,2, ,2,10,2, ,1,50410307,6,1, ,2,1, , , ,40, ,1,4, , , , , , , , , , , , ,5320,4412,2, ,2,2,2,2,1,2,1,2,2,2,1,1,2,1,2, , , ,1,40, , , , , , , , , , , ,1, , , , ,870,50,2, , , , ,2, ,2, ,2, ,2, ,2, ,2, , , , , , , , , , , , , , ,1,2512,"14,4275510858889",5,920.0,"549,166666666667",1,1, ,1,4,8,17,1,0,0,170150231802,1701502318020400601,17015023180204006101,1701502318020400610301,202501,1
1,170150,170150,65,8,1,2,2,31,2,10,10,5,2, ,3,9,3, ,2, ,6,2,80450,6,2,12,2, , , , , , , , , ,11, ,9, ,4, , , , , , , , , , , , , , , , , , , , , , , , , , , , , , , , , , , , , , ,5, , , , , , , , , , , ,2, ,2, ,2, ,2, ,2, ,2, , , , , , , , , , , , , , ,1,2512,"35,6907165676269",5,0.0,"108,333333333333",9, , , , , ,17,1,0,0,170150331601,1701503316010650804,17015033160106508104,1701503316010650810204,202504,4
1,170150,170150,40,1,1,1,1,31,1,10,10,1,2, ,3,6,6, , , ,6,3,170,2,1, , , ,32,1, ,3,1,10,1,4, , , , , , , , ,8130,6113,6,2, , , , , , , , , , , , ,10,8,1,1,3,2,1,32, , , , , , , , , , , ,5,300,2, ,15, , , , , , , ,2, ,2, ,2, ,2, ,2, ,2, , , , , , , , , , , , , , ,1,2511,"31,0322039705976",4,285.0,72,2,1, ,2,6,14,17,1,1,0,170150106502,1701501065020400101,17015010650204001101,1701501065020400110101,202501,1
2,170185,170185,62,8,1,3,1,32,3,1,10,6,2, ,11,6,6, , , ,6,1, ,4,1, , , ,40, ,1,4, , , , , , , , , , , , ,7490,4415,2, ,2,2,2,2,1,2,1,2,2,2,1,1,1,1,1,20,4,1,1,40, , , , , , , , , , , ,1, , , , ,920,60,2, , , , ,2, ,2, ,2, ,2, ,2, ,2, , , , , , , , , , , , , , ,1,1723,"13,384221637044",4,980.0,"260,285714285714",1,1, ,1,4,13,17,6,0,0,170185903501,1701859035010620801,17018590350106208101,1701859035010620810301,202501,1
1,170150,170150,63,9,1,2,2,34,2,10,10,5,2, ,2,9,5, ,1,30110501,6,1, ,2,2,12,2, , , , , , , , , ,11, ,9, ,4, , , , , , , , , , , , , , , , , , , , , , , , , , , , , , , , , , , , , , ,5, , , , , , , , , , , ,2, ,2, ,2, ,1,50,2, ,2, , , , , , , , , , , , , , ,1,2511,"35,6166482266008",5,0.0,164,9, , , , , ,17,1,0,0,170150123502,1701501235020630902,17015012350206309102,1701501235020630910202,202502,2
1,170150,170150,71,4,1,1,2,32,1,1,10,2,2, ,5,6,2, , , ,1,2,220450,1,1, , , ,40, ,1,4, , , , , , , , , , , , ,8710,9112,2, ,2,2,2,2,1,1,1,2,2,1,1,1,0,1,1,10,2,1,1,40, , , , , , , , , , , ,1, , , , ,425,45,1,8, , , ,2, ,2, ,2, ,2, ,2, ,2, , , , , , , , , , , , , , ,1,2512,"167,516631227954",3,478.0,"97,6",1,1, ,1,9,17,17,1,0,0,170150337502,1701503375020710410,17015033750207104110,1701503375020710410110,202510,10
1,170150,170150,74,4,1,2,2,32,2,10,10,5,2, ,11,6,6, , , ,6,2,60250,1,2,12,2, , , , , , , , , ,11, ,9, ,4, , , , , , , , , , , , , , , , , , , , , , , , , , , , , , , , , , , , , , ,5, , , , , , , , , , , ,2, ,2, ,2, ,2, ,2, ,2, , , , , , , , , , , , , , ,1,2512,"35,1643409926854",4,0.0,160,9, , , , , ,17,1,0,0,170150299002,1701502990020740410,17015029900207404110,1701502990020740410210,202510,10
1,170150,170150,51,4,1,1,2,35,1,10,10,1,2, ,3,4,4,1, , ,6,1, ,1,1, , , ,40, ,1,4, , , , , , , , , , , , ,5610,9412,2, ,3,1,2,2,2,2,2,2,2,2,2,2,0,1,1,3,2,1,2,20,20,0,4799,9520,6,2,3,1,1,3,2,5, , , , ,150,0,1,30,50,2, ,2, ,2, ,2, ,2, ,1,55,2, , , , , , , , , , , , , , ,1,2511,"48,9961513268109",3,230.0,"70,4",4,1, ,1,9,9,17,1,1,0,170150128811,1701501288110510403,17015012881105104103,1701501288110510410103,202503,3
1,170150,170150,74,4,1,4,2,33,4,5,10,1,2, ,5,6,6, , , ,6,1, ,3,1, , , ,10,3, ,1,1,10,1,3, , , , , , , , ,9602,5142,6,2, , , , , , , , , , , , ,5,8,1,1,3,2,1,20, , , , , , , , , , , ,5,300,2, ,0, , , , , , , ,2, ,2, ,2, ,2, ,2, ,2, , , , , , , , , , , , , , ,1,2512,"22,05130258769",4,300.0,954,2,1, ,2,5,19,17,1,0,0,170150355910,1701503559100740410,17015035591007404110,1701503559100740410410,202510,10
1,170150,170150,62,7,1,2,1,31,3,10,10,6,2, ,11,6,6, , , ,6,1, ,2,1, , , ,40, ,1,4, , , , , , , , , , , , ,4330,7131,6,2, , , , , , , , , , , , ,12,8,1,1,3,2,1,40, , , , , , , , , , , ,5,300,2, ,0, , , , , , , ,2, ,2, ,2, ,2, ,2, ,2, , , , , , , , , , , , , , ,1,2512,"48,7518510606335",4,300.0,"143,75",4,1, ,2,7,6,17,1,0,0,170150016306,1701500163060620704,17015001630606207104,1701500163060620710204,202504,4
1,170177,170177,72,6,1,3,2,30,3,10,10,6,2, ,8,8,3, ,1,21020301,6,1, ,3,2,12,2, , , , , , , , , ,8,52, , , ,2, , , , , , , , , , , , , , , , , , , , , , , , , , , , , , , , , , , , , ,5, , , , , , , , , , , ,2, ,1,150,2, ,2, ,2, ,2, ,2,2,1,1,1,2,2,2,2,2,2,2,8,1,1713,"186,351856062143",5,0.0,325,7, ,1, , , ,17,6,0,0,170177094502,1701770945020720611,17017709450207206111,1701770945020720610311,202511,11
1,170150,170150,60,1,1,3,2,30,3,10,10,6,2, ,2,9,4, ,1,30110301,6,1, ,1,1, , , ,45, ,1,4, , , , , , , , , , , , ,8890,2342,6,2, , , , , , , , , , , , ,0,8,1,1,3,1,1,45, , , , , , , , , , , ,5,0,2, ,0, , , , , , , ,2, ,2, ,2, ,2, ,2, ,2, , , , , , , , , , , , , , ,1,2513,"65,6566616805775",5,0.0,200,4,1, ,1,2,17,17,1,0,0,170150006004,1701500060040600109,17015000600406001109,1701500060040600110309,202509,9
1,170150,170150,66,5,1,1,1,32,1,1,5,5,2, ,2,10,1, ,1,50410201,6,1, ,2,1, , , ,40, ,1,4, , , , , , , , , , , , ,8291,3313,2, ,2,1,2,2,1,1,1,1,2,2,1,1,10,1,2, , , ,1,40, , , , , , , , , , , ,1, , , , ,900,90,1,126, , , ,2, ,2, ,2, ,2, ,2, ,2, , , , , , , , , , , , , , ,1,2512,"36,880405253818",5,1116.0,"628,666666666667",1,1, ,1,3,14,17,1,0,0,170150221801,1701502218010660508,17015022180106605108,1701502218010660510108,202508,8
1,170150,170150,55,4,1,2,1,35,3,10,10,6,2, ,5,8,3, ,2, ,6,1, ,2,1, , , ,22,1, ,1,1,2,1,4, , , , , , , , ,7020,2359,6,2, , , , , , , , , , , , ,5,8,1,1,2,1,1,22, , , , , , , , , , , ,5,300,2, ,0, , , , , , , ,2, ,2, ,2, ,2, ,2, ,2, , , , , , , , , , , , , , ,1,2512,"29,0365968784961",5,300.0,"464,4",2,1, ,1,2,13,17,1,0,0,170150098802,1701500988020550411,17015009880205504111,1701500988020550410211,202511,11
2,170179,170179,51,1,1,1,2,32,1,1,10,6,2, ,5,6,4, , , ,6,1, ,1,1, , , ,60, ,1,4, , , , , , , , , , , , ,1010,5223,2, ,2,1,2,2,1,1,1,2,2,1,1,1,2,1,2, , , ,1,60, , , , , , , , , , , ,1, , , , ,600,100,1,67, , , ,2, ,2, ,1,120,2, ,2, ,2, , , , , , , , , , , , , , ,1,1723,"61,2697800455661",4,767.0,"226,25",1,1, ,1,5,3,17,6,0,0,170179902002,1701799020020510103,17017990200205101103,1701799020020510110103,202503,3
1,170151,170151,71,6,1,1,1,30,1,10,10,5,2, ,11,7,2, , , ,6,3,170,1,2,12,2, , , , , , , , , ,4,2, , , ,1,5,4,5320,8321,2, , , , , , , , , , , , , , , , , , , , , , , , , , , , , , , , ,5, , , , , , , , , , , ,2, ,2, ,1,280,2, ,2, ,2, ,2,2,1,1,1,2,2,2,2,2,2,2,2,1,1713,"184,776703535092",4,0.0,70,7, ,1, , , ,17,6,1,0,170151006003,1701510060030710610,17015100600307106110,1701510060030710610110,202510,10
1,170150,170150,58,4,1,1,1,30,1,1,10,1,2, ,2,8,3, ,1,20610303,6,1, ,2,1, , , ,40, ,1,4, , , , , , , , , , , , ,4752,5223,2, ,2,2,2,2,1,1,1,2,2,2,1,1,3,1,1,10,1,1,1,40, , , , , , , , , , , ,1, , , , ,446,44,1,8, , , ,2, ,2, ,1,90,2, ,2, ,2, , , , , , , , , , , , , , ,1,2513,"12,9839525048699",5,498.0,362,1,1, ,1,5,7,17,1,0,0,170150223105,1701502231050580412,17015022310505804112,1701502231050580410112,202512,12
1,170150,170150,53,2,1,1,2,30,1,10,10,5,2, ,3,7,3, , , ,6,1, ,1,2,12,2, , , , , , , , , ,11, ,9, ,4, , , , , , , , , , , , , , , , , , , , , , , , , , , , , , , , , , , , , , ,5, , , , , , , , , , , ,2, ,2, ,2, ,2, ,2, ,2, , , , , , , , , , , , , , ,1,2512,"205,019593289674",4,0.0,"130,2",9, , , , , ,17,1,0,0,170150280601,1701502806010530204,17015028060105302104,1701502806010530210104,202504,4
1,170150,170150,63,2,1,1,1,34,1,1,10,5,2, ,2,9,5, ,1,30210205,6,1, ,1,1, , , ,50, ,1,4, , , , , , , , , , , , ,7310,1439,2, ,2,2,2,2,1,2,1,2,2,2,1,1,5,1,2, , , ,1,50, , , , , , , , , , , ,1, , , , ,2000,200,2, , , , ,2, ,2, ,2, ,2, ,2, ,2, , , , , , , , , , , , , , ,1,2511,"14,1182582282864",5,2200.0,1370,1,1, ,1,1,13,17,1,0,0,170150076903,1701500769030630202,17015007690306302102,1701500769030630210102,202502,2
1,170150,170150,58,5,1,3,2,30,3,1,10,6,2, ,2,9,5, ,1,30910205,6,1, ,1,1, , , ,40, ,1,4, , , , , , , , , , , , ,8610,2211,2, ,3,2,2,2,1,2,1,2,2,2,1,1,1,1,2, , , ,1,40, , , , , , , , , , , ,1, , , , ,500,50,2, , , , ,2, ,2, ,2, ,2, ,2, ,2, , , , , , , , , , , , , , ,1,2511,"25,1007192241372",5,550.0,460,1,1, ,1,2,17,17,1,0,0,170150207001,1701502070010580512,17015020700105805112,1701502070010580510312,202512,12
1,170150,170150,72,6,1,3,2,34,3,1,10,6,2, ,2,9,5, ,1,30410102,6,1, ,1,1, , , ,40, ,1,4, , , , , , , , , , , , ,2511,2411,2, ,3,2,2,2,1,1,1,2,2,2,1,1,10,1,2, , , ,1,40, , , , , , , , , , , ,1, , , , ,1000,100,1,15, , , ,2, ,2, ,2, ,2, ,2, ,2, , , , , , , , , , , , , , ,1,2512,"34,6259010743386",5,1115.0,"478,333333333333",1,1, ,1,2,3,17,1,0,0,170150260002,1701502600020720608,17015026000207206108,1701502600020720610308,202508,8
1,170150,170150,75,6,1,1,2,31,1,10,10,5,2, ,5,4,6,1, , ,1,2,60160,1,1, , , ,48, ,1,4, , , , , , , , , , , , ,5630,9411,6,2, , , , , , , , , , , , ,3,4,1,1,3,2,1,48, , , , , , , , , , , ,5,470,1,10,100, , , , , , , ,2, ,2, ,2, ,2, ,2, ,2, , , , , , , , , , , , , , ,1,2512,"45,5770109376645",3,380.0,245,4,1, ,2,9,9,17,1,0,0,170150172701,1701501727010750611,17015017270107506111,1701501727010750610111,202511,11
1,170150,170150,58,6,1,3,2,31,3,1,10,3,2, ,2,9,4, ,1,30910401,6,1, ,4,1, , , ,24,8, ,4, , , , , , , , , , , , ,8412,1112,1, ,3,2,2,2,1,1,1,2,2,2,1,1,1,1,2, , , ,1,40, , , , , , , , , , , ,1, , , , ,1500,500,1,8, , , ,2, ,1,300,2, ,2, ,2, ,2, , , , , , , , , , , , , , ,1,2511,"56,229023936548",5,2008.0,"1388,4",1,1, ,1,1,15,17,1,0,0,170150134904,1701501349040580603,17015013490405806103,1701501349040580610303,202503,3
1,170150,170150,73,1,1,3,2,35,3,10,10,3,2, ,5,9,3, ,2, ,6,1, ,3,1, , , ,40, ,1,4, , , , , , , , , , , , ,8620,3344,6,2, , , , , , , , , , , , ,0,8,1,1,3,1,1,40, , , , , , , , , , , ,5,0,2, ,0, , , , , , , ,2, ,1,200,2, ,2, ,2, ,2, , , , , , , , , , , , , , ,1,2513,"29,3224605395465",5,0.0,523,4,1, ,1,3,17,17,1,0,0,170150157701,1701501577010730112,17015015770107301112,1701501577010730110312,202512,12
1,170150,170150,51,5,1,2,2,35,2,10,10,5,2, ,15,4,6,1, , ,6,2,131750,2,2,12,2, , , , , , , , , ,11, ,9, ,4, , , , , , , , , , , , , , , , , , , , , , , , , , , , , , , , , , , , , , ,5, , , , , , , , , , , ,2, ,2, ,2, ,2, ,2, ,2, , , , , , , , , , , , , , ,1,2512,"54,1537978244213",3,0.0,"121,25",9, , , , , ,17,1,0,0,170150246901,1701502469010510503,17015024690105105103,1701502469010510510203,202503,3
1,170150,170150,60,5,1,1,2,34,1,1,10,6,2, ,5,9,5, ,1,30730301,6,2,50451,1,1, , , ,40, ,1,4, , , , , , , , , , , , ,8411,2161,1, ,3,2,2,2,1,2,1,2,2,2,1,1,3,1,2, , , ,1,40, , , , , , , , , , , ,1, , , , ,1200,110,2, , , , ,2, ,2, ,2, ,2, ,2, ,2, , , , , , , , , , , , , , ,1,2513,"121,226529925128",5,1310.0,1310,1,1, ,1,2,15,17,1,0,0,170150329902,1701503299020600506,17015032990206005106,1701503299020600510106,202506,6
1,170150,170150,52,3,1,2,1,30,3,1,10,6,2, ,5,8,3, ,1,20910301,6,1, ,1,1, , , ,40, ,1,4, , , , , , , , , , , , ,8620,3221,2, ,3,2,2,2,1,2,1,2,2,2,1,1,8,1,1,10,1,1,1,40, , , , , , , , , , , ,1, , , , ,900,40,2, , , , ,2, ,2, ,2, ,2, ,2, ,2, , , , , , , , , , , , , , ,1,2513,"36,3309774206911",5,940.0,520,1,1, ,1,3,17,17,1,0,0,170150021603,1701500216030520301,17015002160305203101,1701500216030520310201,202501,1
1,170155,170155,64,5,1,4,2,30,3,2,10,6,2, ,3,9,4, ,2, ,6,2,40550,2,2,12,2, , , , , , , , , ,11, ,8, ,6, , , , , , , , , , , , , , , , , , , , , , , , , , , , , , , , , , , , , , ,2, , , , , , , , , , , ,2, ,2, ,2, ,2, ,2, ,2, , , , , , , , , , , , , , ,1,1711,"30,3442039501197",5,0.0,"192,833333333333",9, , , , , ,17,6,0,0,170155041102,1701550411020640503,17015504110206405103,1701550411020640510403,202503,3
1,170150,170150,66,9,1,5,1,32,7,1,10,6,2, ,5,6,6, , , ,6,2,220150,4,1, , , ,60, ,1,4, , , , , , , , , , , , ,8010,5414,2, ,3,2,2,2,1,2,1,2,2,2,1,1,1,1,1,30,1,1,1,60, , , , , , , , , , , ,1, , , , ,470,45,2, , , , ,2, ,2, ,2, ,2, ,2, ,2, , , , , , , , , , , , , , ,1,2513,"68,5501146391172",4,515.0,206,1,1, ,1,5,14,17,1,0,0,170150364601,1701503646010660905,17015036460106609105,1701503646010660910505,202505,5
1,170150,170150,63,4,1,1,2,32,1,4,10,1,2, ,5,9,4, ,1,31030104,6,1, ,1,1, , , ,40, ,1,4, , , , , , , , , , , , ,8423,5412,1, ,1,2,2,2,1,2,1,2,2,2,1,1,12,1,2, , , ,1,40, , , , , , , , , , , ,4, , , , ,1500,400,2, , , , ,2, ,2, ,2, ,2, ,2, ,2, , , , , , , , , , , , , , ,1,2511,"323,10906949633",5,1900.0,"1466,66666666667",1,1, ,1,5,15,17,1,0,0,170150209904,1701502099040630402,17015020990406304102,1701502099040630410102,202502,2
1,170150,170150,69,10,1,1,1,34,1,2,10,1,2, ,5,6,6, , , ,6,1, ,1,1, , , ,50, ,1,4, , , , , , , , , , , , ,4922,8322,6,2, , , , , , , , , , , , ,10,3,1,1,3,1,1,50, , , , , , , , , , , ,2,900,1,30,430, , , , , , , ,2, ,2, ,1,150,2, ,2, ,2, , , , , , , , , , , , , , ,1,2512,"22,9153826874335",4,500.0,218,1,1, ,1,8,8,17,1,0,0,170150217104,1701502171040691008,17015021710406910108,1701502171040691010108,202508,8
1,170150,170150,76,1,1,1,1,30,1,1,10,5,2, ,5,7,3, , , ,6,2,120550,2,1, , , ,40, ,1,4, , , , , , , , , , , , ,8020,3521,2, ,2,1,2,2,1,2,1,2,2,1,1,1,2,1,2, , , ,1,40, , , , , , , , , , , ,1, , , , ,420,50,1,70, , , ,2, ,2, ,2, ,2, ,2, ,2, , , , , , , , , , , , , , ,1,2512,"54,3614505490431",4,540.0,180,1,1, ,1,3,14,17,1,0,0,170150024103,1701500241030760112,17015002410307601112,1701500241030760110112,202512,12
1,170150,170150,67,1,1,3,1,31,3,10,10,6,2, ,11,4,6,1, , ,6,1, ,1,1, , , ,40, ,1,4, , , , , , , , , , , , ,4100,9313,4, ,6,2,2,2,2,2,2,2,2,2,2,2,10,2,1,5,2,2,1,40, , , , , , , , , , , ,5, , , , ,120,0,2, , , , ,2, ,2, ,2, ,2, ,2, ,2, , , , , , , , , , , , , , ,1,2513,"56,6506459594368",3,120.0,"196,666666666667",4,1, ,2,9,6,17,1,0,0,170150000502,1701500005020670109,17015000050206701109,1701500005020670110309,202509,9
1,170150,170150,63,2,1,1,1,30,1,1,10,5,2, ,5,6,6, , , ,6,2,131750,1,1, , , ,60, ,1,4, , , , , , , , , , , , ,8010,5414,2, ,3,2,2,2,1,2,1,2,2,2,1,1,6,1,1,50,1,1,1,60, , , , , , , , , , , ,1, , , , ,510,42,2, , , , ,2, ,2, ,2, ,2, ,2, ,2, , , , , , , , , , , , , , ,1,2511,"21,0214584115387",4,552.0,"360,666666666667",1,1, ,1,5,14,17,1,0,0,170150251104,1701502511040630202,17015025110406302102,1701502511040630210102,202502,2
1,170155,170155,65,7,1,1,1,30,1,10,10,5,2, ,5,7,3, , , ,6,2,40150,2,1, , , ,50, ,1,4, , , , , , , , , , , , ,4922,8322,6,2, , , , , , , , , , , , ,1,3,1,1,3,2,1,50, , , , , , , , , , , ,5,650,2, ,250, , , , , , , ,2, ,2, ,2, ,2, ,2, ,2, , , , , , , , , , , , , , ,1,1713,"66,9523110193353",4,400.0,"166,666666666667",4,1, ,2,8,8,17,6,0,0,170155019702,1701550197020650707,17015501970206507107,1701550197020650710107,202507,7
1,170150,170150,51,4,1,1,1,35,1,10,10,6,2, ,2,10,1, ,1,50520201,6,1, ,1,1, , , ,60, ,1,4, , , , , , , , , , , , ,4922,8322,6,2, , , , , , , , , , , , ,10,3,1,1,2,1,1,60, , , , , , , , , , , ,5,1150,2, ,450, , , , , , , ,1,150,2, ,2, ,2, ,2, ,2, , , , , , , , , , , , , , ,1,2511,"20,3680469695148",5,700.0,700,1,1, ,1,8,8,17,1,0,0,170150316203,1701503162030510403,17015031620305104103,1701503162030510410103,202503,3
1,170150,170150,59,4,1,2,2,33,5,5,10,6,2, ,2,8,3, ,1,20910201,6,1, ,1,2,12,2, , , , , , , , , ,6,1, , , ,2, , , , , , , , , , , , , , , , , , , , , , , , , , , , , , , , , , , , , ,5, , , , , , , , , , , ,2, ,2, ,1,100,2, ,2, ,2, ,2,2,1,1,1,2,2,2,2,2,2,2,8,1,2511,"16,5189937039159",5,0.0,500,7, ,1, , , ,17,1,0,0,170150138709,1701501387090590403,17015013870905904103,1701501387090590410203,202503,3
1,170150,170150,54,7,1,3,1,30,3,1,10,6,2, ,2,9,4, ,1,30310301,6,1, ,2,1, , , ,40, ,1,4, , , , , , , , , , , , ,8549,3513,2, ,3,2,2,2,1,2,1,2,2,2,1,1,5,1,1,8,1,1,1,40, , , , , , , , , , , ,1, , , , ,500,50,2, , , , ,2, ,2, ,2, ,2, ,2, ,2, , , , , , , , , , , , , , ,1,2511,"38,0144412805341",5,550.0,"883,333333333333",1,1, ,1,3,16,17,1,0,0,170150064001,1701500640010540704,17015006400105407104,1701500640010540710304,202504,4
1,170150,170150,53,5,1,1,2,32,1,10,10,6,1,6, ,9,1, ,2, ,6,1, ,1,2,12,2, , , , , , , , , ,8,52, , , ,1,3,52,6419,4312,2, , , , , , , , , , , , , , , , , , , , , , , , , , , , , , , , ,5, , , , , , , , , , , ,2, ,1,180,1,200,2, ,2, ,2, ,2,1,1,1,1,2,2,2,2,2,2,2,3,1,2512,"85,6216498722397",5,0.0,191,7, ,1, , , ,17,1,0,0,170150364701,1701503647010530504,17015036470105305104,1701503647010530510104,202504,4
1,170150,170150,75,9,1,1,1,34,1,1,10,1,2, ,11,6,6, , , ,6,1, ,1,1, , , ,40, ,1,4, , , , , , , , , , , , ,1071,3322,2, ,2,1,2,2,1,1,1,2,2,1,1,1,1,1,2, , , ,1,40, , , , , , , , , , , ,1, , , , ,900,85,1,112, , , ,2, ,2, ,2, ,2, ,2, ,2, , , , , , , , , , , , , , ,1,2512,"117,135150261502",4,1097.0,"274,25",1,1, ,1,3,3,17,1,0,0,170150298803,1701502988030750911,17015029880307509111,1701502988030750910111,202511,11
1,170150,170150,55,7,1,2,1,33,3,10,10,6,2, ,3,9,5, ,2, ,6,1, ,1,1, , , ,52, ,1,4, , , , , , , , , , , , ,4772,5223,2, ,3,2,2,2,2,2,2,2,2,2,2,2,0,1,1,20,1,1,1,52, , , , , , , , , , , ,5, , , , ,470,0,2, , , , ,2, ,2, ,2, ,2, ,2, ,2, , , , , , , , , , , , , , ,1,2512,"17,4383666506276",5,470.0,"352,5",1,1, ,1,5,7,17,1,0,0,170150033902,1701500339020550711,17015003390205507111,1701500339020550710211,202511,11
1,170150,170150,52,6,1,1,1,30,1,1,10,1,2, ,11,7,3, , , ,2,2,40150,2,1, , , ,48, ,1,4, , , , , , , , , , , , ,2394,8332,2, ,3,1,2,2,1,1,1,2,2,2,1,1,0,1,2, , , ,1,48, , , , , , , , , , , ,1, , , , ,630,70,1,100, , , ,2, ,2, ,2, ,2, ,2, ,2, , , , , , , , , , , , , , ,1,2513,"29,6215869109363",4,800.0,202,1,1, ,1,8,3,17,1,0,0,170150021603,1701500216030520610,17015002160305206110,1701500216030520610110,202510,10
1,170150,170150,59,7,1,2,2,34,2,1,10,5,2, ,2,9,5, ,1,30910205,6,1, ,1,1, , , ,40, ,1,4, , , , , , , , , , , , ,8610,2211,2, ,3,2,2,2,1,1,1,2,2,1,1,1,10,1,2, , , ,1,40, , , , , , , , , , , ,1, , , , ,1000,95,1,22, , , ,2, ,2, ,2, ,2, ,2, ,2, , , , , , , , , , , , , , ,1,2511,"15,7099534717681",5,1117.0,"1152,33333333333",1,1, ,1,2,17,17,1,0,0,170150145005,1701501450050590703,17015014500505907103,1701501450050590710203,202503,3
1,170150,170150,52,6,1,1,2,31,1,1,10,6,2, ,5,6,6, , , ,6,1, ,4,1, , , ,40, ,1,4, , , , , , , , , , , , ,4773,5230,2, ,2,2,2,2,1,1,1,2,2,2,1,1,3,1,1,12,4,1,1,40, , , , , , , , , , , ,1, , , , ,425,45,1,7, , , ,2, ,2, ,2, ,2, ,2, ,2, , , , , , , , , , , , , , ,1,2513,"206,384016006606",4,477.0,"105,4",1,1, ,1,5,7,17,1,0,0,170150139603,1701501396030520610,17015013960305206110,1701501396030520610110,202510,10
1,170150,170150,73,9,1,2,1,32,2,10,10,5,2, ,3,6,6, , , ,6,2,50350,1,1, , , ,40, ,1,4, , , , , , , , , , , , ,4540,7231,5,2, , , , , , , , , , , , ,5,6,1,2,2,1,1,40, , , , , , , , , , , ,5,1000,2, ,500, , , , , , , ,2, ,2, ,2, ,2, ,2, ,2, , , , , , , , , , , , , , ,1,2512,"34,0687633157826",4,500.0,354,1,1, ,1,7,7,17,1,0,0,170150363902,1701503639020730912,17015036390207309112,1701503639020730910212,202512,12
1,170150,170150,63,3,1,1,2,34,1,1,10,6,2, ,2,9,5, ,1,30910205,6,1, ,2,1, , , ,60, ,1,4, , , , , , , , , , , , ,8610,2211,1, ,3,2,2,2,1,2,1,2,2,2,1,1,4,1,2, , , ,2,40,20,0,8620,2211,6,2,8,1,1,2,1,1, , , , ,1400,140,2, ,200,2, ,2, ,2, ,2, ,2, ,2, ,2, , , , , , , , , , , , , , ,1,2511,"35,6166482266008",5,1740.0,870,1,1, ,1,2,17,17,1,0,0,170150123502,1701501235020630302,17015012350206303102,1701501235020630310102,202502,2
1,170352,170352,68,5,1,4,2,30,3,10,10,6,2, ,3,7,3, , , ,6,1, ,3,2,12,2, , , , , , , , , ,11, ,6,2,4, , , , , , , , , , , , , , , , , , , , , , , , , , , , , , , , , , , , , , ,5, , , , , , , , , , , ,2, ,2, ,2, ,2, ,2, ,2, , , , , , , , , , , , , , ,1,1711,"120,034957099436",4,0.0,"39,5833333333333",9, , , , , ,17,6,1,1,170352020403,1703520204030680507,17035202040306805107,1703520204030680510407,202507,7
1,170150,170150,66,2,1,3,2,35,3,1,10,3,2, ,2,9,5, ,1,30310402,6,1, ,1,1, , , ,40, ,1,4, , , , , , , , , , , , ,6419,2423,2, ,2,1,2,1,1,2,1,2,2,1,1,1,10,1,2, , , ,1,40, , , , , , , , , , , ,1, , , , ,800,80,1,120, , , ,2, ,2, ,2, ,2, ,2, ,2, , , , , , , , , , , , , , ,1,2511,"19,7064832310107",5,1000.0,"337,5",1,1, ,1,2,11,17,1,0,0,170150173101,1701501731010660205,17015017310106602105,1701501731010660210305,202505,5
1,170150,170150,68,1,1,3,1,30,3,1,10,6,2, ,2,9,4, ,1,30910402,6,1, ,2,1, , , ,40, ,1,4, , , , , , , , , , , , ,8423,5411,1, ,1,2,2,2,1,2,1,2,2,2,1,1,1,1,2, , , ,1,40, , , , , , , , , , , ,1, , , , ,800,80,2, , , , ,2, ,2, ,2, ,2, ,2, ,2, , , , , , , , , , , , , , ,1,2513,"99,027656180155",5,880.0,345,1,1, ,1,5,15,17,1,0,0,170150389301,1701503893010680110,17015038930106801110,1701503893010680110310,202510,10
1,170150,170150,63,10,1,2,1,31,2,1,5,1,2, ,5,6,6, , , ,2,2,80253,1,1, , , ,66, ,1,4, , , , , , , , , , , , ,8010,5414,2, ,3,2,2,2,1,1,1,2,2,1,1,1,4,1,2, , , ,2,60,6,0,9319,3422,6,2,8,1,1,3,2,1, , , , ,900,200,1,50,200,2, ,2, ,2, ,2, ,2, ,2, ,2, , , , , , , , , , , , , , ,1,2512,"44,0191386869424",4,1350.0,"934,666666666667",1,1, ,1,5,14,17,1,0,0,170150234001,1701502340010631002,17015023400106310102,1701502340010631010202,202502,2
1,170150,170150,70,1,1,2,2,34,3,10,10,6,2, ,2,10,1, ,1,50110104,6,1, ,2,2,12,2, , , , , , , , , ,8,52, , , ,1,5,52,6820,4321,2, , , , , , , , , , , , , , , , , , , , , , , , , , , , , , , , ,5, , , , , , , , , , , ,2, ,2, ,2, ,2, ,2, ,2, ,2,2,2,1,1,2,2,2,2,2,2,2,2,1,2511,"22,5753205418696",5,0.0,1200,7, ,1, , , ,17,1,0,0,170150319302,1701503193020700109,17015031930207001109,1701503193020700110209,202509,9
1,170150,170150,75,2,1,2,2,32,9,1,5,6,2, ,2,9,4, ,1,30320101,6,1, ,1,1, , , ,40, ,1,4, , , , , , , , , , , , ,7310,2642,2, ,2,2,2,2,1,2,1,1,2,2,1,1,7,1,1,50,1,1,1,40, , , , , , , , , , , ,1, , , , ,1200,120,1,20, , , ,2, ,2, ,2, ,2, ,2, ,2, , , , , , , , , , , , , , ,1,2511,"26,1263486294138",5,1340.0,1170,1,1, ,1,2,13,17,1,0,0,170150149809,1701501498090750211,17015014980907502111,1701501498090750210211,202511,11
1,170150,170150,60,6,1,1,2,31,1,10,10,6,2, ,5,6,6, , , ,6,1, ,3,1, , , ,30,1, ,2,1,5,1,4, , , , , , , , ,9700,9111,10, ,3,1,2,2,2,2,2,2,2,2,2,2,2,8,1,1, , ,1,40, , , , , , , , , , , ,5, , , , ,250,0,1,70, , , ,2, ,2, ,2, ,2, ,2, ,2, , , , , , , , , , , , , , ,1,2513,"57,1956575317443",4,320.0,"103,75",2,1, ,3,9,20,17,1,0,0,170150149902,1701501499020600606,17015014990206006106,1701501499020600610106,202506,6
1,170150,170150,47,6,1,1,1,30,1,1,10,1,2, ,2,9,5, ,1,30710404,6,2,110150,2,1, , , ,40, ,1,4, , , , , , , , , , , , ,4321,2152,2, ,2,2,2,2,1,1,1,2,2,2,1,1,3,1,1,43,1,1,1,40, , , , , , , , , , , ,1, , , , ,950,100,1,21, , , ,2, ,2, ,2, ,2, ,2, ,2, , , , , , , , , , , , , , ,1,2511,"24,5294328668006",5,1071.0,884,1,1, ,1,2,6,17,1,0,0,170150142503,1701501425030470602,17015014250304706102,1701501425030470610102,202502,2
1,170150,170150,56,1,1,3,2,33,3,10,10,2,2, ,5,9,3, ,2, ,6,1, ,1,1, , , ,20,1, ,4, , , , , , , , , , , , ,8230,3332,6,2, , , , , , , , , , , , ,10,8,1,1,3,1,1,20, , , , , , , , , , , ,5,250,2, ,0, , , , , , , ,2, ,2, ,2, ,2, ,2, ,2, , , , , , , , , , , , , , ,1,2512,"14,4531101834176",5,250.0,110,4,1, ,1,3,14,17,1,0,0,170150102003,1701501020030560105,17015010200305601105,1701501020030560110305,202505,5
1,170150,170150,74,8,1,2,1,32,3,10,10,6,1,3, ,7,3, , , ,6,1, ,3,2,12,2, , , , , , , , , ,11, ,9, ,3, , , , , , , , , , , , , , , , , , , , , , , , , , , , , , , , , , , , , , ,5, , , , , , , , , , , ,2, ,2, ,2, ,2, ,2, ,2, , , , , , , , , , , , , , ,1,2512,"21,8921384853607",4,0.0,"166,666666666667",9, , , , , ,17,1,0,0,170150106301,1701501063010740810,17015010630107408110,1701501063010740810210,202510,10
2,170179,170179,60,9,1,1,2,33,1,1,10,6,1,6, ,7,1, , , ,6,1, ,1,1, , , ,40, ,1,4, , , , , , , , , , , , ,119,6113,2, ,2,2,2,2,1,2,1,2,2,2,1,1,9,11,1,86,1,1,1,40, , , , , , , , , , , ,1, , , , ,895,45,2, , , , ,2, ,2, ,1,50,2, ,2, ,2, , , , , , , , , , , , , , ,1,1723,"117,963333784637",4,940.0,"247,5",1,1, ,1,6,1,17,6,0,0,170179902002,1701799020020600909,17017990200206009109,1701799020020600910109,202509,9
1,170151,170151,52,8,1,2,2,33,2,10,10,5,2, ,3,6,6, , , ,6,2,40150,1,1, , , ,18,1, ,1,1,25,1,4, , , , , , , , ,4772,5223,2, ,3,2,2,2,2,2,2,2,2,2,2,2,0,1,1,4,2,1,1,18, , , , , , , , , , , ,5, , , , ,250,0,2, , , , ,2, ,1,380,2, ,2, ,2, ,2, , , , , , , , , , , , , , ,1,1713,"70,8907081514751",4,250.0,"233,5",2,1, ,1,5,7,17,6,0,0,170151004206,1701510042060520801,17015100420605208101,1701510042060520810201,202501,1
1,170150,170150,53,6,1,2,2,33,2,1,10,1,2, ,2,9,5, ,1,30410102,6,2,50550,2,2,12,1,4,40, ,1,4, , , , , , , , , , , , ,8411,3352,1, ,1,2,2,2,1,1,1,2,2,2,1,1,7,1,2, , , ,1,40, , , , , , , , , , , ,1, , , , ,1400,500,1,8, , , ,2, ,2, ,2, ,2, ,2, ,2, , , , , , , , , , , , , , ,1,2511,"35,7636242061968",5,1908.0,1054,1,1, ,1,3,15,17,1,0,0,170150161502,1701501615020530601,17015016150205306101,1701501615020530610201,202501,1
1,170150,170150,72,6,1,1,2,32,1,10,10,2,2, ,2,8,2, ,1,10910301,6,2,110754,1,2,12,2, , , , , , , , , ,2,4, , , ,1,5,4,8690,3221,6, , , , , , , , , , , , , , , , , , , , , , , , , , , , , , , , ,5, , , , , , , , , , , ,2, ,1,200,2, ,2, ,2, ,2, ,2,2,2,1,1,2,2,2,2,2,2,2,2,1,2511,"187,804987780418",5,0.0,"66,6666666666667",7, ,1, , , ,17,1,1,0,170150233201,1701502332010720608,17015023320107206108,1701502332010720610108,202508,8
1,170150,170150,60,4,1,3,2,32,3,1,10,3,2, ,2,9,5, ,1,30310403,6,1, ,3,1, , , ,40, ,1,4, , , , , , , , , , , , ,2023,3322,2, ,2,2,2,2,1,1,1,2,2,1,1,1,0,1,2, , , ,1,40, , , , , , , , , , , ,1, , , , ,470,42,1,52, , , ,2, ,1,132,2, ,2, ,2, ,2, , , , , , , , , , , , , , ,1,2511,"29,118846327027",5,564.0,332,1,1, ,1,3,3,17,1,0,0,170150043302,1701500433020600406,17015004330206004106,1701500433020600410306,202506,6
1,170150,170150,66,2,1,2,1,30,9,1,10,3,2, ,5,7,3, , , ,5,2,120550,1,1, , , ,40, ,1,4, , , , , , , , , , , , ,5610,9412,2, ,2,1,2,2,1,1,1,2,2,2,1,1,10,1,2, , , ,1,40, , , , , , , , , , , ,1, , , , ,470,45,1,58, , , ,2, ,2, ,2, ,2, ,2, ,2, , , , , , , , , , , , , , ,1,2511,"17,572063398827",4,573.0,"458,4",1,1, ,1,9,9,17,1,0,0,170150254402,1701502544020660208,17015025440206602108,1701502544020660210208,202508,8
1,170150,170150,69,10,1,1,2,34,1,1,10,6,2, ,2,10,2, ,1,50410308,6,1, ,1,1, , , ,40, ,1,4, , , , , , , , , , , , ,8610,2211,1, ,1,1,2,2,1,1,1,2,2,1,1,1,8,1,2, , , ,1,40, , , , , , , , , , , ,1, , , , ,1400,200,1,250, , , ,1,150,2, ,2, ,1,200,2, ,2, , , , , , , , , , , , , , ,1,2512,"36,3485380559289",5,1850.0,2200,1,1, ,1,2,17,17,1,0,0,170150140101,1701501401010691008,17015014010106910108,1701501401010691010108,202508,8
1,170150,170150,66,6,1,1,1,30,1,10,10,6,2, ,5,7,3, , , ,6,1, ,2,1, , , ,40, ,1,4, , , , , , , , , , , , ,5320,8321,6,2, , , , , , , , , , , , ,5,3,1,1,3,2,1,40, , , , , , , , , , , ,5,670,2, ,250, , , , , , , ,2, ,2, ,2, ,2, ,2, ,2, , , , , , , , , , , , , , ,1,2513,"30,43797661198",4,420.0,360,4,1, ,2,8,8,17,1,0,0,170150395401,1701503954010660608,17015039540106606108,1701503954010660610108,202508,8
1,170150,170150,51,7,1,1,1,32,1,10,10,5,2, ,11,4,6,1, , ,6,1, ,1,1, , , ,20,4, ,2,1,20,1,4, , , , , , , , ,4922,8322,6,2, , , , , , , , , , , , ,1,3,1,1,3,2,1,20, , , , , , , , , , , ,5,250,2, ,50, , , , , , , ,2, ,2, ,1,120,2, ,2, ,2, , , , , , , , , , , , , , ,1,2513,"32,5848399431734",3,200.0,"212,5",2,1, ,2,8,8,17,1,0,0,170150001601,1701500016010510703,17015000160105107103,1701500016010510710103,202503,3
1,170179,170179,67,6,1,3,1,30,3,1,10,6,2, ,2,9,4, ,1,30110408,6,2,170150,1,1, , , ,48, ,1,4, , , , , , , , , , , , ,7110,3118,2, ,3,2,2,2,1,2,1,2,2,2,1,1,2,1,1,5,2,1,1,48, , , , , , , , , , , ,1, , , , ,940,45,2, , , , ,2, ,2, ,2, ,2, ,2, ,2, , , , , , , , , , , , , , ,1,1713,"47,642962575777",5,985.0,"501,666666666667",1,1, ,1,3,13,17,6,0,0,170179101604,1701791016040670609,17017910160406706109,1701791016040670610309,202509,9
1,170150,170150,70,5,1,2,2,30,3,1,10,6,2, ,2,10,1, ,1,50110104,6,1, ,2,1, , , ,40, ,1,4, , , , , , , , , , , , ,8521,2341,1, ,3,2,2,2,1,2,1,2,2,1,1,1,5,1,2, , , ,1,40, , , , , , , , , , , ,1, , , , ,1170,100,1,20, , , ,2, ,2, ,2, ,2, ,2, ,2, , , , , , , , , , , , , , ,1,2512,"23,1269684336692",5,1290.0,604,1,1, ,1,2,16,17,1,0,0,170150023804,1701500238040700509,17015002380407005109,1701500238040700510209,202509,9
1,170156,170156,59,1,1,3,2,34,3,1,10,6,2, ,5,9,5, ,1,30710201,6,1, ,1,1, , , ,40, ,1,4, , , , , , , , , , , , ,5110,5111,2, ,2,1,2,2,1,1,1,2,2,2,1,1,3,1,2, , , ,1,40, , , , , , , , , , , ,1, , , , ,1200,120,1,300, , , ,2, ,2, ,2, ,2, ,2, ,2, , , , , , , , , , , , , , ,1,1712,"103,384471863218",5,1620.0,980,1,1, ,1,5,8,17,6,0,0,170156052702,1701560527020590106,17015605270205901106,1701560527020590110306,202506,6
1,170155,170155,60,3,1,3,2,34,3,1,10,6,2, ,2,10,2, ,1,50410401,6,1, ,1,1, , , ,40, ,1,4, , , , , , , , , , , , ,2100,3322,2, ,2,2,2,1,1,2,1,2,2,1,1,1,2,1,2, , , ,1,40, , , , , , , , , , , ,1, , , , ,800,70,1,150, , , ,2, ,2, ,2, ,2, ,2, ,2, , , , , , , , , , , , , , ,1,1713,"59,5122290303883",5,1020.0,705,1,1, ,1,3,3,17,6,0,0,170155025303,1701550253030600306,17015502530306003106,1701550253030600310306,202506,6
1,170150,170150,69,6,1,1,1,33,1,1,10,6,2, ,2,9,4, ,1,30410302,6,1, ,1,1, , , ,40, ,1,4, , , , , , , , , , , , ,4711,2413,2, ,2,2,2,2,1,2,1,2,2,2,1,1,6,1,2, , , ,1,40, , , , , , , , , , , ,1, , , , ,1200,100,2, , , , ,2, ,2, ,1,250,2, ,2, ,2, , , , , , , , , , , , , , ,1,2511,"11,409454619677",5,1300.0,1550,1,1, ,1,2,7,17,1,0,0,170150286101,1701502861010690608,17015028610106906108,1701502861010690610108,202508,8
2,170352,170352,75,1,1,2,2,33,2,1,10,1,2, ,11,4,6,1, , ,6,2,20150,1,1, , , ,20,1, ,1,1,10,7, , , , , , , , , ,141,6121,2, ,3,2,2,2,2,2,2,2,2,2,2,2,12,1,1,2,3,2,1,20, , , , , , , , , , , ,5, , , , ,200,0,2, , , , ,2, ,2, ,2, ,2, ,2, ,2, , , , , , , , , , , , , , ,1,1721,"24,1591008743914",3,200.0,"192,5",2,1, ,2,6,1,17,6,0,0,170352900501,1703529005010750111,17035290050107501111,1703529005010750110211,202511,11
1,170150,170150,65,6,1,1,1,35,1,1,10,1,1,3, ,8,1, ,2, ,6,1, ,1,1, , , ,44, ,2,4, , , , , , , , , , , , ,4530,5223,2, ,2,2,2,2,1,2,1,2,2,2,1,1,15,1,1,8,1,1,1,40, , , , , , , , , , , ,1, , , , ,620,80,2, , , , ,2, ,2, ,2, ,2, ,2, ,2, , , , , , , , , , , , , , ,1,2512,"57,7625714769927",5,700.0,"333,333333333333",1,1, ,1,5,7,17,1,0,0,170150016601,1701500166010650607,17015001660106506107,1701500166010650610107,202507,7
1,170150,170150,56,7,1,1,1,33,1,1,10,5,2, ,5,6,6, , , ,6,1, ,2,1, , , ,40, ,1,4, , , , , , , , , , , , ,5610,5131,2, ,2,1,2,1,1,1,1,2,2,1,1,1,8,1,2, , , ,1,40, , , , , , , , , , , ,1, , , , ,400,120,1,100, , , ,2, ,2, ,2, ,2, ,2, ,2, , , , , , , , , , , , , , ,1,2512,"47,5325582992008",4,620.0,"206,666666666667",1,1, ,1,5,9,17,1,0,0,170150312402,1701503124020560702,17015031240205607102,1701503124020560710102,202502,2
1,170150,170150,58,6,1,1,1,34,1,10,10,2,2, ,5,9,3, ,2, ,6,3,862,1,1, , , ,60, ,1,4, , , , , , , , , , , , ,5610,5120,2, ,3,2,2,2,2,1,2,2,2,2,2,2,5,1,1,2,2,1,1,60, , , , , , , , , , , ,5, , , , ,460,0,1,5, , , ,2, ,2, ,2, ,2, ,2, ,2, , , , , , , , , , , , , , ,2,2511,"33,0093439877736",5,465.0,"407,5",4,1, ,1,5,9,17,1,0,0,170150315407,1701503154070580603,17015031540705806103,1701503154070580610103,202503,3
1,170150,170150,47,2,1,3,2,32,3,1,10,6,2, ,5,8,3, ,1,20410702,6,2,60250,3,1, , , ,40, ,1,4, , , , , , , , , , , , ,8550,2351,1, ,1,2,2,2,1,2,1,2,2,2,1,1,3,1,2, , , ,1,40, , , , , , , , , , , ,1, , , , ,700,190,2, , , , ,2, ,2, ,2, ,2, ,2, ,2, , , , , , , , , , , , , , ,1,2511,"21,9112158068699",5,890.0,390,1,1, ,1,2,16,17,1,0,0,170150041603,1701500416030470202,17015004160304702102,1701500416030470210302,202502,2
1,170150,170150,67,8,1,3,2,33,3,1,10,6,2, ,2,8,2, ,1,10910301,2,1, ,2,1, , , ,40, ,1,4, , , , , , , , , , , , ,8610,3221,1, ,1,2,2,2,1,1,1,2,2,2,1,1,12,1,2, , , ,1,40, , , , , , , , , , , ,1, , , , ,510,60,1,8, , , ,2, ,2, ,2, ,2, ,2, ,2, , , , , , , , , , , , , , ,1,2512,"35,5939186322188",5,578.0,"598,666666666667",1,1, ,1,3,17,17,1,0,0,170150037202,1701500372020670806,17015003720206708106,1701500372020670810306,202506,6
1,170150,170150,71,6,1,2,2,31,2,1,10,1,2, ,2,9,4, ,1,30110501,6,1, ,1,1, , , ,40, ,1,4, , , , , , , , , , , , ,8412,2634,1, ,1,2,2,2,1,2,1,2,2,2,1,1,6,1,2, , , ,1,40, , , , , , , , , , , ,1, , , , ,890,110,2, , , , ,2, ,2, ,2, ,2, ,2, ,2, , , , , , , , , , , , , , ,1,2511,"41,0989815624303",5,1000.0,"609,333333333333",1,1, ,1,2,15,17,1,0,0,170150221302,1701502213020710610,17015022130207106110,1701502213020710610210,202510,10
1,170177,170177,55,6,1,1,1,33,1,1,10,5,2, ,2,9,5, ,1,30710102,6,1, ,1,1, , , ,45, ,1,4, , , , , , , , , , , , ,2220,2145,2, ,2,1,2,2,1,1,1,2,2,1,1,1,3,1,2, , , ,1,45, , , , , , , , , , , ,1, , , , ,1400,120,1,193, , , ,2, ,2, ,2, ,2, ,2, ,2, , , , , , , , , , , , , , ,1,1712,"41,4457454222875",5,1713.0,571,1,1, ,1,2,3,17,6,0,0,170177094305,1701770943050550611,17017709430505506111,1701770943050550610111,202511,11
1,170150,170150,58,6,1,3,1,31,3,10,10,6,1,1, ,9,3, ,2, ,6,1, ,2,2,12,2, , , , , , , , , ,11, ,9, ,3, , , , , , , , , , , , , , , , , , , , , , , , , , , , , , , , , , , , , , ,5, , , , , , , , , , , ,2, ,2, ,2, ,2, ,2, ,2, , , , , , , , , , , , , , ,1,2512,"18,7126657685233",5,0.0,"133,333333333333",9, , , , , ,17,1,0,0,170150286602,1701502866020580612,17015028660205806112,1701502866020580610312,202512,12
1,170150,170150,54,6,1,3,1,33,3,10,10,6,2, ,2,9,5, ,1,30710602,6,1, ,1,1, , , ,10,1, ,2,1,40,4,4, , , , , , , , ,4761,5223,7, , , , , , , , , , , , , ,2,9,1,2,2,1,1,10, , , , , , , , , , , ,5, , , , , , , , , , , ,2, ,2, ,2, ,2, ,2, ,2, , , , , , , , , , , , , , ,1,2512,"38,6994917371009",5,0.0,"590,333333333333",2,1, ,1,5,7,17,1,0,0,170150380905,1701503809050540607,17015038090505406107,1701503809050540610307,202507,7
1,170150,170150,71,7,1,1,2,33,1,10,10,1,2, ,11,6,6, , , ,6,1, ,1,2,12,2, , , , , , , , , ,11, ,9, ,4, , , , , , , , , , , , , , , , , , , , , , , , , , , , , , , , , , , , , , ,5, , , , , , , , , , , ,2, ,2, ,2, ,2, ,1,55,2, , , , , , , , , , , , , , ,1,2513,"14,4663045396859",4,0.0,122,9, , , , , ,17,1,0,0,170150122202,1701501222020710710,17015012220207107110,1701501222020710710110,202510,10
1,170156,170156,73,6,1,1,2,31,1,1,10,3,2, ,5,9,4, ,2, ,6,1, ,1,1, , , ,40, ,1,4, , , , , , , , , , , , ,8690,8321,2, ,2,2,2,2,1,1,1,2,2,2,1,1,1,1,1,30,1,1,1,40, , , , , , , , , , , ,1, , , , ,1040,60,1,5, , , ,2, ,2, ,1,100,2, ,2, ,2, , , , , , , , , , , , , , ,1,1712,"133,502187420882",5,1105.0,"301,25",1,1, ,1,8,17,17,6,0,0,170156064101,1701560641010730609,17015606410107306109,1701560641010730610109,202509,9
1,170150,170150,55,7,1,4,1,32,7,1,10,6,2, ,2,8,3, ,1,20110103,6,1, ,2,1, , , ,40, ,1,4, , , , , , , , , , , , ,6010,2656,2, ,2,2,2,2,1,2,1,2,2,2,1,1,2,1,1,18,1,1,1,40, , , , , , , , , , , ,1, , , , ,530,70,2, , , , ,2, ,2, ,2, ,2, ,2, ,2, , , , , , , , , , , , , , ,1,2513,"27,2298225383872",5,600.0,420,1,1, ,1,2,10,17,1,0,0,170150016701,1701500167010550702,17015001670105507102,1701500167010550710402,202502,2
1,170177,170177,71,2,1,4,1,35,7,2,10,6,2, ,2,9,5, ,1,30410203,6,2,110350,4,1, , , ,20,9, , , , , , , , , , , , , , ,4789,5211,6,2, , , , , , , , , , , , ,4,9,1,1,3,1,1,20, , , , , , , , , , , ,2,1200,2, ,500, , , , , , , ,2, ,2, ,2, ,2, ,2, ,2, , , , , , , , , , , , , , ,1,1712,"24,3553714790524",5,700.0,"440,5",1,1, ,1,5,7,17,6,0,0,170177094304,1701770943040710210,17017709430407102110,1701770943040710210410,202510,10
1,170150,170150,54,7,1,2,1,34,7,1,10,6,2, ,5,6,6, , , ,6,2,131150,2,1, , , ,40, ,1,4, , , , , , , , , , , , ,4719,5223,2, ,2,2,2,2,1,1,1,2,2,1,1,1,2,1,2, , , ,1,40, , , , , , , , , , , ,1, , , , ,450,50,1,16, , , ,2, ,2, ,2, ,2, ,2, ,2, , , , , , , , , , , , , , ,1,2513,"26,8594234339179",4,516.0,"574,5",1,1, ,1,5,7,17,1,0,0,170150160502,1701501605020540707,17015016050205407107,1701501605020540710207,202507,7
2,170750,170750,70,10,1,3,1,34,3,3,10,5,2, ,5,6,6, , , ,6,2,230150,3,1, , , ,40, ,1,4, , , , , , , , , , , , ,127,6112,4, ,6,2,2,2,2,2,2,2,2,2,2,2,15,11,1,3,2,1,1,40, , , , , , , , , , , ,3, , , , ,300,0,2, , , , ,2, ,2, ,2, ,2, ,2, ,2, , , , , , , , , , , , , , ,1,1721,"77,3003166913361",4,300.0,"160,7",4,1, ,1,6,1,17,6,0,0,170750901501,1707509015010701009,17075090150107010109,1707509015010701010309,202509,9
1,170150,170150,57,2,1,2,2,31,2,1,10,5,2, ,11,6,6, , , ,6,1, ,1,1, , , ,20,1, ,1,1,20,7, , , , , , , , , ,8121,9112,2, ,3,2,2,2,1,1,1,2,2,2,1,1,0,1,1,25,1,1,1,20, , , , , , , , , , , ,1, , , , ,220,21,1,6, , , ,2, ,2, ,2, ,2, ,2, ,2, , , , , , , , , , , , , , ,1,2513,"21,1845730918707",4,247.0,"379,666666666667",2,1, ,1,9,14,17,1,0,0,170150046806,1701500468060570208,17015004680605702108,1701500468060570210208,202508,8
1,170150,170150,63,2,1,3,2,32,4,10,10,1,2, ,2,9,5, ,1,30410102,6,2,70150,3,2,12,2, , , , , , , , , ,11, ,9, ,4, , , , , , , , , , , , , , , , , , , , , , , , , , , , , , , , , , , , , , ,5, , , , , , , , , , , ,2, ,2, ,2, ,2, ,2, ,2, , , , , , , , , , , , , , ,1,2512,"55,1563276546976",5,0.0,"227,5",9, , , , , ,17,1,0,0,170150087402,1701500874020630205,17015008740206302105,1701500874020630210305,202505,5
1,170150,170150,52,7,1,1,1,33,1,10,10,1,2, ,2,10,1, ,1,51030105,6,1, ,1,1, , , ,20,3, ,1,1,20,1,1, , , , , , , , ,6910,2611,6,2, , , , , , , , , , , , ,0,9,1,1,2,1,1,20, , , , , , , , , , , ,5,600,2, ,20, , , , , , , ,2, ,2, ,1,300,2, ,2, ,2, , , , , , , , , , , , , , ,1,2511,"26,6405394084366",5,580.0,1980,2,1, ,1,2,13,17,1,0,0,170150168903,1701501689030520701,17015016890305207101,1701501689030520710101,202501,1
1,170155,170155,56,6,1,1,1,31,1,1,5,1,2, ,5,8,2, ,1,10610102,6,1, ,1,1, , , ,60, ,2,3,1,5,1,2, , , , , , , , ,4510,4311,2, ,2,1,2,2,1,1,1,1,2,1,1,1,9,1,2, , , ,1,40, , , , , , , , , , , ,1, , , , ,510,130,1,200, , , ,2, ,2, ,1,200,2, ,2, ,2, , , , , , , , , , , , , , ,1,1712,"201,516435929099",5,840.0,"422,5",1,1, ,1,4,7,17,6,0,0,170155027404,1701550274040560602,17015502740405606102,1701550274040560610102,202502,2
1,170155,170155,59,5,1,2,1,31,2,10,10,5,2, ,2,9,4, ,1,30310403,6,2,170250,1,1, , , ,48, ,1,4, , , , , , , , , , , , ,7990,5113,6,2, , , , , , , , , , , , ,3,8,1,1,3,1,1,48, , , , , , , , , , , ,5,500,2, ,0, , , , , , , ,2, ,2, ,2, ,2, ,2, ,2, , , , , , , , , , , , , , ,1,1713,"66,6061232777405",5,500.0,"237,5",1,1, ,1,5,14,17,6,0,0,170155018404,1701550184040590506,17015501840405905106,1701550184040590510206,202506,6
1,170150,170150,71,5,1,2,2,33,2,1,10,1,2, ,2,10,1, ,1,50410304,6,1, ,1,1, , , ,40, ,1,4, , , , , , , , , , , , ,1702,5223,2, ,2,2,2,1,1,2,1,2,2,2,1,1,12,1,2, , , ,1,40, , , , , , , , , , , ,1, , , , ,800,100,1,40, , , ,2, ,2, ,2, ,2, ,2, ,2, , , , , , , , , , , , , , ,1,2511,"65,5777557813462",5,940.0,"493,333333333333",1,1, ,1,5,3,17,1,0,0,170150123802,1701501238020710510,17015012380207105110,1701501238020710510210,202510,10
1,170150,170150,65,6,1,2,1,30,7,10,10,6,2, ,5,7,3, , , ,6,1, ,5,1, , , ,40, ,1,4, , , , , , , , , , , , ,4321,7411,2, ,2,1,2,2,2,2,2,2,2,2,2,2,13,1,1,4,2,1,1,40, , , , , , , , , , , ,5, , , , ,470,0,1,45, , , ,2, ,2, ,2, ,2, ,2, ,2, , , , , , , , , , , , , , ,1,2513,"19,3872893492263",4,515.0,"320,2",1,1, ,1,7,6,17,1,0,0,170150121005,1701501210050650604,17015012100506506104,1701501210050650610204,202504,4
1,170150,170150,55,2,1,2,2,34,2,10,10,5,2, ,3,6,4, , , ,6,2,230150,1,1, , , ,20,1, ,4, , , , , , , , , , , , ,9700,9111,10, ,3,2,2,2,2,2,2,2,2,2,2,2,2,8,1,1, , ,1,20, , , , , , , , , , , ,5, , , , ,160,0,2, , , , ,2, ,2, ,2, ,2, ,2, ,2, , , , , , , , , , , , , , ,1,2512,"56,2627199682636",4,160.0,152,4,1, ,3,9,20,17,1,0,0,170150036802,1701500368020550211,17015003680205502111,1701500368020550210211,202511,11
1,170150,170150,52,4,1,3,2,35,5,1,10,2,2, ,5,9,4, ,2, ,6,1, ,1,1, , , ,40, ,1,4, , , , , , , , , , , , ,4711,4225,2, ,2,2,2,2,1,2,1,2,2,2,1,1,9,1,2, , , ,1,40, , , , , , , , , , , ,1, , , , ,450,50,2, , , , ,2, ,2, ,2, ,2, ,2, ,2, , , , , , , , , , , , , , ,1,2513,"175,07506512637",5,500.0,200,1,1, ,1,4,7,17,1,0,0,170150221501,1701502215010520410,17015022150105204110,1701502215010520410310,202510,10
1,170150,170150,60,1,1,1,2,31,1,10,10,5,2, ,3,4,6,1, , ,6,2,130350,1,2,12,2, , , , , , , , , ,11, ,9, ,4, , , , , , , , , , , , , , , , , , , , , , , , , , , , , , , , , , , , , , ,5, , , , , , , , , , , ,2, ,2, ,2, ,2, ,2, ,2, , , , , , , , , , , , , , ,1,2512,"312,007148617762",3,0.0,"202,5",9, , , , , ,17,1,0,0,170150377203,1701503772030600106,17015037720306001106,1701503772030600110106,202506,6
1,170150,170150,69,6,1,2,1,32,7,1,10,6,2, ,2,8,3, ,1,20710402,1,2,50150,1,1, , , ,40, ,1,4, , , , , , , , , , , , ,3312,3113,2, ,2,2,2,2,1,2,1,2,2,2,1,1,6,1,1,10,4,1,1,40, , , , , , , , , , , ,1, , , , ,700,70,2, , , , ,2, ,2, ,2, ,2, ,2, ,2, , , , , , , , , , , , , , ,1,2513,"21,3567542774245",5,770.0,770,1,1, ,1,3,3,17,1,0,0,170150376603,1701503766030690608,17015037660306906108,1701503766030690610208,202508,8
2,170153,170153,73,9,1,2,1,32,3,10,10,6,2, ,11,6,6, , , ,6,1, ,3,1, , , ,40, ,1,4, , , , , , , , , , , , ,4100,7112,4, ,6,2,2,2,2,2,2,2,2,2,2,2,10,2,1,5,3,2,1,40, , , , , , , , , , , ,5, , , , ,500,0,2, , , , ,2, ,2, ,2, ,2, ,2, ,2, , , , , , , , , , , , , , ,1,1722,"25,405440389544",4,500.0,"376,25",1,1, ,2,7,6,17,6,0,0,170153001504,1701530015040730909,17015300150407309109,1701530015040730910209,202509,9
2,170751,170751,53,1,1,2,2,35,3,10,10,6,2, ,2,9,4, ,1,30110410,6,2,90150,1,1, , , ,40, ,1,4, , , , , , , , , , , , ,9311,3423,6,2, , , , , , , , , , , , ,2,6,1,2,2,1,1,40, , , , , , , , , , , ,5,700,2, ,300, , , , , , , ,2, ,2, ,2, ,2, ,2, ,2, , , , , , , , , , , , , , ,1,1723,"34,8152512054014",5,400.0,"154,166666666667",4,1, ,1,3,18,17,6,0,0,170751000205,1707510002050530104,17075100020505301104,1707510002050530110204,202504,4
1,170150,170150,72,1,1,2,2,34,2,10,10,5,2, ,11,8,2, ,2, ,6,1, ,2,2,12,2, , , , , , , , , ,8,32, , , ,1,5,32,6110,4120,1, , , , , , , , , , , , , , , , , , , , , , , , , , , , , , , , ,5, , , , , , , , , , , ,2, ,2, ,2, ,2, ,2, ,2, ,2,2,1,1,1,2,2,2,2,2,2,2,2,1,2512,"51,7740106579928",5,0.0,266,7, ,1, , , ,17,1,0,0,170150038401,1701500384010720111,17015003840107201111,1701500384010720110211,202511,11
1,170150,170150,69,5,1,5,2,34,7,10,10,6,2, ,5,4,6,1, , ,6,2,180150,1,1, , , ,40, ,1,4, , , , , , , , , , , , ,1410,7533,2, ,3,2,2,2,2,2,2,2,2,2,2,2,0,1,1,3,2,1,1,40, , , , , , , , , , , ,5, , , , ,0,0,2, , , , ,2, ,2, ,2, ,2, ,2, ,2, , , , , , , , , , , , , , ,1,2513,"29,6841260450968",3,0.0,"158,333333333333",4,1, ,1,7,3,17,1,0,0,170150331102,1701503311020690508,17015033110206905108,1701503311020690510508,202508,8
1,170152,170152,54,5,1,1,2,33,1,10,10,6,2, ,5,6,6, , , ,6,2,130550,1,1, , , ,20,1, ,3,1,20,1,4, , , , , , , , ,8549,2359,6,2, , , , , , , , , , , , ,2,8,1,1,3,2,1,20, , , , , , , , , , , ,5,300,2, ,50, , , , , , , ,2, ,2, ,2, ,2, ,2, ,2, , , , , , , , , , , , , , ,1,1713,"79,251551231941",4,250.0,135,2,1, ,2,2,16,17,6,0,0,170152008701,1701520087010540507,17015200870105405107,1701520087010540510107,202507,7
1,170150,170150,62,7,1,3,1,34,3,1,10,6,2, ,2,8,3, ,1,20710506,6,1, ,4,1, , , ,40, ,1,4, , , , , , , , , , , , ,4659,5223,2, ,2,2,2,1,1,1,1,2,2,1,1,1,6,1,1,30,1,1,1,40, , , , , , , , , , , ,1, , , , ,425,45,1,30, , , ,2, ,2, ,2, ,2, ,2, ,2, , , , , , , , , , , , , , ,1,2513,"20,1115499276435",5,500.0,280,1,1, ,1,5,7,17,1,0,0,170150388601,1701503886010620704,17015038860106207104,1701503886010620710304,202504,4
1,170150,170150,63,3,1,2,1,34,3,1,5,6,2, ,11,9,5, ,1,30610401,6,1, ,2,1, , , ,40, ,1,4, , , , , , , , , , , , ,6419,2511,2, ,2,2,2,2,1,1,1,1,2,1,1,1,6,1,2, , , ,1,40, , , , , , , , , , , ,1, , , , ,1000,100,1,90, , , ,2, ,2, ,2, ,2, ,2, ,2, , , , , , , , , , , , , , ,1,2513,"122,444065007536",5,1190.0,595,1,1, ,1,2,11,17,1,0,0,170150041301,1701500413010630302,17015004130106303102,1701500413010630310202,202502,2
1,170150,170150,60,4,1,4,2,32,3,1,10,6,1,6, ,9,3, ,2, ,6,1, ,1,1, , , ,20,1, ,4, , , , , , , , , , , , ,6920,4311,2, ,3,2,2,2,1,2,1,2,2,2,2,2,2,1,1,10,1,1,1,20, , , , , , , , , , , ,1, , , , ,240,30,2, , , , ,2, ,2, ,2, ,2, ,2, ,2, , , , , , , , , , , , , , ,1,2512,"48,9499142309987",5,270.0,365,4,1, ,1,4,13,17,1,0,0,170150295503,1701502955030600409,17015029550306004109,1701502955030600410409,202509,9
1,170150,170150,68,2,1,2,2,31,2,1,10,5,2, ,2,9,5, ,1,30410302,6,1, ,2,1, , , ,40, ,1,4, , , , , , , , , , , , ,6511,2411,2, ,2,2,2,2,1,2,1,2,2,2,1,1,3,1,1,80,1,1,1,40, , , , , , , , , , , ,1, , , , ,470,50,2, , , , ,2, ,2, ,2, ,2, ,2, ,2, , , , , , , , , , , , , , ,1,2512,"23,8581114015108",5,520.0,490,1,1, ,1,2,11,17,1,0,0,170150264906,1701502649060680207,17015026490606802107,1701502649060680210207,202507,7
1,170150,170150,67,2,1,4,1,35,4,1,10,1,2, ,11,6,6, , , ,6,1, ,1,1, , , ,40, ,1,4, , , , , , , , , , , , ,1104,8332,2, ,2,2,2,2,1,2,1,2,2,2,1,1,5,1,2, , , ,1,40, , , , , , , , , , , ,1, , , , ,500,50,2, , , , ,2, ,2, ,2, ,2, ,2, ,2, , , , , , , , , , , , , , ,3,2512,"92,0557506631381",4,550.0,415,1,1, ,1,8,3,17,1,0,0,170150392005,1701503920050670206,17015039200506702106,1701503920050670210406,202506,6
1,170150,170150,65,9,1,2,2,35,2,1,10,1,1,3, ,9,3, ,2, ,6,2,110850,1,1, , , ,40, ,1,4, , , , , , , , , , , , ,8521,3343,2, ,2,2,2,2,1,2,1,2,2,1,1,1,6,1,1,50,1,1,1,40, , , , , , , , , , , ,1, , , , ,490,60,1,10, , , ,2, ,2, ,2, ,2, ,2, ,2, , , , , , , , , , , , , , ,1,2512,"32,7588307119171",5,560.0,680,1,1, ,1,3,16,17,1,0,0,170150060701,1701500607010650904,17015006070106509104,1701500607010650910204,202504,4
1,170150,170150,67,7,1,1,1,33,1,1,10,5,2, ,5,6,3, , , ,6,2,131550,1,1, , , ,40, ,1,4, , , , , , , , , , , , ,5610,5120,2, ,3,1,2,2,1,2,1,2,2,2,1,1,1,1,1,20,1,1,1,40, , , , , , , , , , , ,1, , , , ,820,45,1,80, , , ,2, ,2, ,2, ,2, ,2, ,2, , , , , , , , , , , , , , ,1,2511,"27,8706488937625",3,945.0,315,1,1, ,1,5,9,17,1,0,0,170150064901,1701500649010670709,17015006490106707109,1701500649010670710109,202509,9
1,170150,170150,62,6,1,2,1,32,3,1,10,6,2, ,5,8,3, ,1,20910201,6,1, ,1,1, , , ,40, ,1,4, , , , , , , , , , , , ,1520,4321,2, ,2,2,2,2,1,2,1,2,2,2,1,1,9,1,2, , , ,1,40, , , , , , , , , , , ,1, , , , ,600,60,2, , , , ,2, ,2, ,2, ,2, ,2, ,2, , , , , , , , , , , , , , ,1,2512,"46,1613433967075",5,660.0,380,1,1, ,1,4,3,17,1,0,0,170150261104,1701502611040620604,17015026110406206104,1701502611040620610204,202504,4
1,170155,170155,73,2,1,3,2,32,3,1,10,6,2, ,2,9,5, ,1,30410302,6,1, ,2,1, , , ,40, ,1,4, , , , , , , , , , , , ,4641,2421,2, ,2,1,2,2,1,2,1,2,2,2,1,1,10,1,1,40,1,1,1,40, , , , , , , , , , , ,1, , , , ,970,65,1,80, , , ,2, ,2, ,2, ,2, ,2, ,2, , , , , , , , , , , , , , ,1,1712,"20,4252289036173",5,1115.0,"781,666666666667",1,1, ,1,2,7,17,6,0,0,170155038001,1701550380010730209,17015503800107302109,1701550380010730210309,202509,9
1,170256,170250,74,2,1,1,1,31,1,10,10,5,2, ,5,6,5, , , ,6,2,40550,1,1, , , ,40, ,1,4, , , , , , , , , , , , ,113,6111,4, ,6,1,2,2,2,2,2,2,2,2,2,2,5,11,1,5,3,2,1,40, , , , , , , , , , , ,5, , , , ,450,0,1,25, , , ,2, ,2, ,2, ,2, ,2, ,2, , , , , , , , , , , , , , ,1,1711,"32,0138514791181",4,475.0,475,1,1, ,2,6,1,17,6,0,0,170250005603,1702500056030740210,17025000560307402110,1702500056030740210110,202510,10
1,170150,170150,57,5,1,4,2,32,3,2,10,6,2, ,2,9,5, ,1,31010202,6,1, ,1,1, , , ,40, ,1,4, , , , , , , , , , , , ,4773,5221,5,2, , , , , , , , , , , , ,4,6,1,2,2,1,1,40, , , , , , , , , , , ,2,400,2, ,250, , , , , , , ,2, ,2, ,2, ,2, ,2, ,2, , , , , , , , , , , , , , ,3,2511,"36,0747945403152",5,150.0,325,4,1, ,1,5,7,17,1,0,0,170150142503,1701501425030570508,17015014250305705108,1701501425030570510408,202508,8
1,170176,170176,73,5,1,2,2,30,2,1,4,1,2, ,2,8,3, ,1,21010303,6,1, ,1,1, , , ,40, ,1,4, , , , , , , , , , , , ,2100,3343,2, ,3,1,2,2,1,1,1,2,2,2,1,1,3,1,2, , , ,1,40, , , , , , , , , , , ,1, , , , ,1200,60,1,50, , , ,2, ,2, ,2, ,2, ,2, ,2, , , , , , , , , , , , , , ,1,1713,"68,6922765110809",5,1310.0,668,1,1, ,1,3,3,17,6,0,0,170176086801,1701760868010730509,17017608680107305109,1701760868010730510209,202509,9
1,170177,170177,65,1,1,1,2,35,1,10,10,2,2, ,3,9,3, ,2, ,6,2,170150,1,1, , , ,10,4, ,2,1,20,7, , , , , , , , , ,6190,5223,2, ,3,2,2,2,2,2,2,2,2,2,2,2,8,1,1,2,4,1,1,20, , , , , , , , , , , ,5, , , , ,200,0,2, , , , ,2, ,2, ,2, ,2, ,2, ,2, , , , , , , , , , , , , , ,1,1713,"67,7844673244169",5,200.0,"69,6666666666667",2,1, ,1,5,10,17,6,1,0,170177088702,1701770887020650107,17017708870206501107,1701770887020650110107,202507,7
1,170150,170150,68,6,1,1,1,34,1,10,10,1,2, ,5,6,6, , , ,6,3,862,2,1, , , ,32,1, ,2,1,10,7, , , , , , , , , ,4663,7122,2, ,3,2,2,2,2,2,2,2,2,2,2,2,3,1,1,20,1,1,1,32, , , , , , , , , , , ,5, , , , ,400,0,2, , , , ,2, ,2, ,2, ,2, ,2, ,2, , , , , , , , , , , , , , ,1,2512,"262,73811918982",4,400.0,180,2,1, ,1,7,7,17,1,0,0,170150392803,1701503928030680610,17015039280306806110,1701503928030680610110,202510,10
2,170184,170184,68,4,1,2,1,34,3,1,10,6,2, ,2,9,5, ,1,30410302,6,1, ,1,1, , , ,40, ,1,4, , , , , , , , , , , , ,8411,2423,1, ,1,2,2,2,1,2,1,2,2,2,1,1,8,1,2, , , ,1,40, , , , , , , , , , , ,1, , , , ,900,80,2, , , , ,2, ,2, ,2, ,2, ,2, ,2, , , , , , , , , , , , , , ,1,1722,"34,8440864358137",5,980.0,450,1,1, ,1,2,15,17,6,0,0,170184905102,1701849051020680407,17018490510206804107,1701849051020680410207,202507,7
2,170454,170454,62,1,1,1,2,31,1,1,10,5,2, ,11,6,3, , , ,6,1, ,1,1, , , ,40, ,1,4, , , , , , , , , , , , ,119,6113,2, ,2,1,2,1,1,1,1,2,2,2,1,1,4,1,2, , , ,1,40, , , , , , , , , , , ,1, , , , ,500,45,1,75, , , ,2, ,2, ,2, ,2, ,2, ,2, , , , , , , , , , , , , , ,1,1722,"35,0073425925205",3,620.0,"306,5",1,1, ,1,6,1,17,6,0,0,170454024801,1704540248010620104,17045402480106201104,1704540248010620110104,202504,4
1,170150,170150,60,4,1,3,1,34,3,1,10,6,1,6, ,9,2, ,2, ,6,1, ,1,1, , , ,40, ,1,4, , , , , , , , , , , , ,6920,4311,2, ,3,2,2,2,1,2,1,2,2,2,1,1,0,1,1,5,1,1,1,40, , , , , , , , , , , ,1, , , , ,500,45,2, , , , ,2, ,2, ,2, ,2, ,2, ,2, , , , , , , , , , , , , , ,1,2512,"48,9499142309987",5,545.0,365,1,1, ,1,4,13,17,1,0,0,170150295503,1701502955030600409,17015029550306004109,1701502955030600410309,202509,9
1,170155,170155,73,1,1,2,2,35,3,10,10,6,2, ,2,8,3, ,1,20910201,6,1, ,1,2,12,2, , , , , , , , , ,8,52, , , ,2, , , , , , , , , , , , , , , , , , , , , , , , , , , , , , , , , , , , , ,5, , , , , , , , , , , ,2, ,2, ,2, ,2, ,2, ,2, ,2,2,2,1,1,2,2,2,2,2,2,2,8,1,1712,"39,8101211621744",5,0.0,225,7, ,1, , , ,17,6,0,0,170155038001,1701550380010730112,17015503800107301112,1701550380010730110212,202512,12
1,170150,170150,56,3,1,2,2,31,2,10,10,1,2, ,5,6,6, , , ,6,1, ,1,1, , , ,40, ,1,4, , , , , , , , , , , , ,1410,7531,6,2, , , , , , , , , , , , ,10,9,1,1,3,2,1,40, , , , , , , , , , , ,5,500,2, ,0, , , , , , , ,2, ,2, ,2, ,2, ,2, ,2, , , , , , , , , , , , , , ,1,2513,"74,8953656473782",4,500.0,200,1,1, ,2,7,3,17,1,0,0,170150076402,1701500764020560302,17015007640205603102,1701500764020560310202,202502,2
1,170150,170150,65,7,1,2,2,35,2,1,5,1,1,3, ,9,3, ,2, ,6,2,110850,2,1, , , ,40, ,1,4, , , , , , , , , , , , ,8521,4120,2, ,2,2,2,2,1,2,1,2,2,1,1,1,7,1,2, , , ,1,40, , , , , , , , , , , ,1, , , , ,430,40,1,10, , , ,2, ,2, ,2, ,2, ,2, ,2, , , , , , , , , , , , , , ,1,2512,"30,7493171650857",5,480.0,"597,5",1,1, ,1,4,16,17,1,0,0,170150060701,1701500607010650707,17015006070106507107,1701500607010650710207,202507,7
1,170150,170150,73,2,1,2,1,31,3,10,10,6,2, ,5,6,6, , , ,6,2,100150,1,1, , , ,40, ,1,4, , , , , , , , , , , , ,4330,7131,2, ,3,2,2,2,2,2,2,2,2,2,2,2,12,1,1,2,2,1,1,40, , , , , , , , , , , ,5, , , , ,200,0,2, , , , ,2, ,2, ,2, ,2, ,2, ,2, , , , , , , , , , , , , , ,1,2513,"43,4365664767511",4,200.0,"66,6666666666667",4,1, ,1,7,6,17,1,1,0,170150004702,1701500047020730212,17015000470207302112,1701500047020730210212,202512,12
1,170150,170150,60,7,1,1,2,33,1,1,10,2,2, ,2,9,4, ,1,30110101,4,1, ,1,1, , , ,40, ,1,4, , , , , , , , , , , , ,8521,2341,2, ,2,2,2,2,1,1,1,2,2,1,1,1,12,1,1,80,1,1,1,40, , , , , , , , , , , ,1, , , , ,885,87,1,30, , , ,2, ,2, ,2, ,2, ,2, ,2, , , , , , , , , , , , , , ,1,2513,"65,6566616805775",5,1002.0,334,1,1, ,1,2,16,17,1,0,0,170150006004,1701500060040600709,17015000600406007109,1701500060040600710109,202509,9
1,170150,170150,67,6,1,2,2,33,2,10,10,5,2, ,3,6,6, , , ,6,3,862,2,1, , , ,40, ,1,4, , , , , , , , , , , , ,9700,9111,10, ,3,1,2,2,2,2,2,2,2,2,2,2,0,8,1,1, , ,1,40, , , , , , , , , , , ,5, , , , ,430,0,1,90, , , ,2, ,2, ,2, ,2, ,2, ,2, , , , , , , , , , , , , , ,1,2513,"26,705897076815",4,520.0,"215,6",1,1, ,3,9,20,17,1,0,0,170150311802,1701503118020670609,17015031180206706109,1701503118020670610209,202509,9
1,170150,170150,75,6,1,3,1,31,3,1,10,6,2, ,5,6,6, , , ,6,1, ,2,1, , , ,48, ,1,4, , , , , , , , , , , , ,1394,8151,2, ,2,2,2,2,1,1,1,2,2,2,1,1,4,1,2, , , ,1,48, , , , , , , , , , , ,1, , , , ,470,45,1,10, , , ,2, ,2, ,2, ,2, ,2, ,2, , , , , , , , , , , , , , ,1,2513,"80,5714333139023",4,525.0,468,1,1, ,1,8,3,17,1,0,0,170150396301,1701503963010750611,17015039630107506111,1701503963010750610311,202511,11
1,170150,170150,63,1,1,2,2,30,3,1,10,6,2, ,2,9,4, ,1,31010402,6,1, ,1,1, , , ,40, ,1,4, , , , , , , , , , , , ,4921,4323,2, ,2,2,2,2,1,2,1,2,2,2,1,1,2,1,2, , , ,1,40, , , , , , , , , , , ,1, , , , ,450,50,2, , , , ,2, ,2, ,2, ,2, ,2, ,2, , , , , , , , , , , , , , ,1,2513,"123,376527854632",5,500.0,275,1,1, ,1,4,8,17,1,0,0,170150073501,1701500735010630105,17015007350106301105,1701500735010630110205,202505,5
1,170150,170150,53,4,1,1,1,32,1,10,10,6,2, ,2,8,3, ,1,20910301,6,1, ,1,1, , , ,40, ,1,4, , , , , , , , , , , , ,4771,5221,6,2, , , , , , , , , , , , ,1,6,1,1,3,2,1,40, , , , , , , , , , , ,5,530,2, ,300, , , , , , , ,2, ,2, ,1,130,2, ,2, ,2, , , , , , , , , , , , , , ,1,2512,"27,2335686775445",5,230.0,360,4,1, ,2,5,7,17,1,0,0,170150348402,1701503484020530401,17015034840205304101,1701503484020530410101,202501,1
1,170156,170156,63,3,1,2,2,32,3,10,10,6,2, ,5,6,6, , , ,6,1, ,1,1, , , ,40, ,1,4, , , , , , , , , , , , ,9700,9111,10, ,2,1,2,2,2,2,2,2,2,2,2,2,10,8,1,1, , ,1,40, , , , , , , , , , , ,5, , , , ,380,0,1,60, , , ,2, ,2, ,2, ,2, ,2, ,2, , , , , , , , , , , , , , ,1,1712,"62,0458368313288",4,440.0,180,4,1, ,3,9,20,17,6,0,0,170156062502,1701560625020630302,17015606250206303102,1701560625020630310202,202502,2
1,170155,170155,56,6,1,1,2,33,1,10,10,5,2, ,5,9,2, ,2, ,4,2,220350,4,1, , , ,40, ,1,4, , , , , , , , , , , , ,9700,9111,10, ,3,2,2,2,2,2,2,2,2,2,2,2,0,8,1,1, , ,1,40, , , , , , , , , , , ,5, , , , ,300,0,2, , , , ,2, ,2, ,2, ,2, ,2, ,2, , , , , , , , , , , , , , ,1,1713,"142,558235131677",5,300.0,168,4,1, ,3,9,20,17,6,0,0,170155015703,1701550157030560602,17015501570305606102,1701550157030560610102,202502,2
1,170150,170150,59,3,1,1,1,30,1,1,10,5,2, ,5,9,2, ,1,10910301,1,2,60650,2,1, , , ,40, ,1,4, , , , , , , , , , , , ,8610,3221,2, ,2,1,2,2,1,1,1,2,2,1,1,1,7,1,2, , , ,1,40, , , , , , , , , , , ,1, , , , ,400,160,1,80, , , ,2, ,2, ,2, ,2, ,2, ,2, , , , , , , , , , , , , , ,1,2512,"61,3648812222685",5,640.0,"161,75",1,1, ,1,3,17,17,1,0,0,170150324802,1701503248020590306,17015032480205903106,1701503248020590310106,202506,6
1,170150,170150,68,10,1,6,1,34,7,10,10,6,2, ,5,6,6, , , ,6,1, ,4,1, , , ,52, ,1,4, , , , , , , , , , , , ,5610,5120,5,2, , , , , , , , , , , , ,6,6,1,2,3,2,1,52, , , , , , , , , , , ,5,1400,1,140,900, , , , , , , ,2, ,2, ,2, ,2, ,2, ,2, , , , , , , , , , , , , , ,1,2512,"25,4301437386033",4,640.0,265,1,1, ,2,5,9,17,1,0,0,170150300502,1701503005020681007,17015030050206810107,1701503005020681010607,202507,7
1,170150,170150,68,4,1,4,2,30,3,10,10,6,2, ,5,7,3, , , ,6,1, ,2,1, , , ,20,3, ,2,1,20,1,4, , , , , , , , ,9700,9111,10, ,3,1,2,2,2,2,2,2,2,2,2,2,1,8,1,1, , ,1,20, , , , , , , , , , , ,5, , , , ,235,0,1,48, , , ,2, ,2, ,2, ,2, ,2, ,2, , , , , , , , , , , , , , ,1,2512,"33,8197743941863",4,283.0,128,2,1, ,3,9,20,17,1,0,0,170150371102,1701503711020680410,17015037110206804110,1701503711020680410410,202510,10
2,170159,170159,64,5,1,1,1,33,1,10,10,5,2, ,5,4,6,1, , ,6,1, ,2,1, , , ,20,1, ,1,1,20,1,4, , , , , , , , ,113,6111,4, ,6,2,2,2,2,2,2,2,2,2,2,2,10,11,1,5,3,2,1,20, , , , , , , , , , , ,5, , , , ,280,0,2, , , , ,2, ,2, ,1,60,2, ,2, ,2, , , , , , , , , , , , , , ,1,1722,"36,4593881084386",3,280.0,"85,75",2,1, ,2,6,1,17,6,1,0,170159900702,1701599007020640503,17015990070206405103,1701599007020640510103,202503,3
1,170150,170150,71,9,1,3,2,30,3,1,10,1,2, ,5,9,3, ,2, ,6,2,30350,2,1, , , ,40, ,1,4, , , , , , , , , , , , ,4530,2411,2, ,3,2,2,2,1,2,1,2,2,2,1,1,2,1,1,13,2,1,1,40, , , , , , , , , , , ,1, , , , ,425,45,2, , , , ,2, ,2, ,2, ,2, ,2, ,2, , , , , , , , , , , , , , ,1,2511,"37,1716229401229",5,470.0,235,1,1, ,1,2,7,17,1,0,0,170150378502,1701503785020710907,17015037850207109107,1701503785020710910307,202507,7
1,170150,170150,52,6,1,3,2,34,3,1,10,6,2, ,2,9,5, ,1,30730301,6,1, ,2,1, , , ,24,8, ,4, , , , , , , , , , , , ,7110,2161,2, ,2,2,2,2,1,2,1,2,2,1,1,1,2,1,1,10,1,1,1,40, , , , , , , , , , , ,1, , , , ,425,45,1,30, , , ,2, ,2, ,2, ,2, ,2, ,2, , , , , , , , , , , , , , ,1,2512,"47,1633721254803",5,500.0,"212,5",1,1, ,1,2,13,17,1,0,0,170150319601,1701503196010520610,17015031960105206110,1701503196010520610310,202510,10
1,170150,170150,64,10,1,1,1,34,1,10,10,5,2, ,2,9,5, ,1,30720702,6,1, ,1,1, , , ,40, ,1,4, , , , , , , , , , , , ,6201,2512,6,2, , , , , , , , , , , , ,2,9,1,1,2,2,1,40, , , , , , , , , , , ,5,400,2, ,0, , , , , , , ,2, ,2, ,2, ,2, ,2, ,2, , , , , , , , , , , , , , ,1,2512,"32,2300024247627",5,400.0,280,4,1, ,2,2,10,17,1,0,0,170150137002,1701501370020641006,17015013700206410106,1701501370020641010106,202506,6
1,170150,170150,63,8,1,1,2,34,1,10,10,1,2, ,3,6,6, , , ,6,3,214,1,2,12,2, , , , , , , , , ,11, ,9, ,2, , , , , , , , , , , , , , , , , , , , , , , , , , , , , , , , , , , , , , ,5, , , , , , , , , , , ,2, ,1,70,2, ,2, ,2, ,2, , , , , , , , , , , , , , ,1,2512,"40,7094085240329",4,0.0,"177,5",9, , , , , ,17,1,0,0,170150072202,1701500722020630802,17015007220206308102,1701500722020630810102,202502,2
1,170150,170150,56,7,1,1,1,33,1,1,10,1,2, ,11,6,6, , , ,6,2,60259,1,1, , , ,50, ,1,4, , , , , , , , , , , , ,4100,7112,2, ,2,2,2,2,1,2,1,2,2,2,1,1,14,2,1,30,1,1,1,50, , , , , , , , , , , ,1, , , , ,900,87,2, , , , ,2, ,2, ,2, ,2, ,2, ,2, , , , , , , , , , , , , , ,1,2513,"18,1603165695125",4,987.0,"334,25",1,1, ,1,7,6,17,1,0,0,170150075602,1701500756020560702,17015007560205607102,1701500756020560710102,202502,2
1,170150,170150,65,6,1,2,2,34,3,1,10,6,2, ,5,6,5, , , ,6,1, ,2,1, , , ,20,1, ,1,1,20,1,4, , , , , , , , ,9700,9111,10, ,2,2,2,2,1,2,1,2,2,2,1,1,18,8,1,1, , ,1,20, , , , , , , , , , , ,1, , , , ,230,20,2, , , , ,2, ,2, ,2, ,2, ,2, ,2, , , , , , , , , , , , , , ,1,2513,"127,659108746275",4,250.0,240,2,1, ,3,9,20,17,1,0,0,170150334002,1701503340020650604,17015033400206506104,1701503340020650610204,202504,4
1,170150,170150,64,7,1,4,1,35,3,10,10,6,2, ,2,9,5, ,1,30730301,6,1, ,1,1, , , ,40, ,1,4, , , , , , , , , , , , ,7110,2161,6,2, , , , , , , , , , , , ,6,9,1,1,2,1,1,40, , , , , , , , , , , ,5,2500,2, ,0, , , , , , , ,2, ,2, ,2, ,2, ,2, ,2, , , , , , , , , , , , , , ,1,2511,"306,715985250631",5,2500.0,1376,1,1, ,1,2,13,17,1,0,0,170150015801,1701500158010640706,17015001580106407106,1701500158010640710406,202506,6
1,170150,170150,62,3,1,1,1,34,1,1,10,5,2, ,2,8,3, ,1,20410304,6,1, ,2,1, , , ,40, ,1,4, , , , , , , , , , , , ,5320,3322,2, ,2,2,2,2,1,2,1,2,2,2,1,1,10,1,1,15,1,1,1,40, , , , , , , , , , , ,1, , , , ,550,50,2, , , , ,2, ,2, ,2, ,2, ,2, ,2, , , , , , , , , , , , , , ,1,2512,"63,8864056429274",5,600.0,"366,666666666667",1,1, ,1,3,8,17,1,0,0,170150042002,1701500420020620304,17015004200206203104,1701500420020620310104,202504,4
1,170451,170451,47,4,1,3,1,31,3,10,10,6,2, ,2,9,5, ,1,30710801,6,2,170150,2,1, , , ,10,2, ,2,1,30,1,3, , , , , , , , ,4321,2152,6,2, , , , , , , , , , , , ,10,8,1,1,3,2,1,30, , , , , , , , , , , ,5,300,2, ,120, , , , , , , ,2, ,2, ,2, ,2, ,2, ,2, , , , , , , , , , , , , , ,1,1711,"139,968632090096",5,180.0,"814,333333333333",2,1, ,2,2,6,17,6,0,0,170451028803,1704510288030470402,17045102880304704102,1704510288030470410302,202502,2
1,170150,170150,63,6,1,1,1,34,1,10,10,5,2, ,11,6,6, , , ,6,3,862,2,1, , , ,50, ,1,4, , , , , , , , , , , , ,4781,5211,6,2, , , , , , , , , , , , ,5,5,1,1,2,1,1,50, , , , , , , , , , , ,5,520,2, ,120, , , , , , , ,2, ,2, ,2, ,2, ,2, ,2, , , , , , , , , , , , , , ,2,2513,"153,947732397831",4,400.0,"106,8",4,1, ,1,5,7,17,1,0,0,170150041301,1701500413010630605,17015004130106306105,1701500413010630610105,202505,5
1,170150,170150,69,7,1,1,2,31,1,1,10,6,2, ,2,9,4, ,1,30410302,6,1, ,1,1, , , ,40, ,1,4, , , , , , , , , , , , ,4649,3313,2, ,2,1,2,2,1,1,1,2,2,1,1,1,8,1,1,10,1,1,1,40, , , , , , , , , , , ,1, , , , ,450,100,1,80, , , ,2, ,2, ,2, ,2, ,2, ,2, , , , , , , , , , , , , , ,1,2511,"15,9205373793869",5,630.0,630,1,1, ,1,3,7,17,1,0,0,170150232403,1701502324030690708,17015023240306907108,1701502324030690710108,202508,8
2,170184,170184,53,6,1,2,1,31,2,1,10,5,2, ,5,6,3, , , ,6,2,170185,1,1, , , ,40, ,1,4, , , , , , , , , , , , ,4773,5223,2, ,2,2,2,2,1,2,1,2,2,2,1,1,2,1,1,10,2,1,1,40, , , , , , , , , , , ,1, , , , ,470,45,2, , , , ,2, ,2, ,2, ,2, ,2, ,2, , , , , , , , , , , , , , ,1,1722,"43,9742325425504",3,515.0,"208,333333333333",1,1, ,1,5,7,17,6,0,0,170184905101,1701849051010530604,17018490510105306104,1701849051010530610204,202504,4
1,170150,170150,52,7,1,1,2,35,1,4,10,6,2, ,2,8,3, ,1,20410702,6,2,20150,1,1, , , ,80, ,1,4, , , , , , , , , , , , ,8423,5412,1, ,1,2,2,2,1,2,1,2,2,2,1,1,13,1,2, , , ,1,80, , , , , , , , , , , ,4, , , , ,1520,80,2, , , , ,2, ,2, ,2, ,2, ,2, ,2, , , , , , , , , , , , , , ,1,2512,"291,366958033311",5,1600.0,800,1,1, ,1,5,15,17,1,0,0,170150357801,1701503578010520701,17015035780105207101,1701503578010520710101,202501,1
1,170150,170150,66,1,1,1,2,34,1,1,10,6,2, ,5,9,2, ,2, ,6,3,862,1,1, , , ,60, ,1,4, , , , , , , , , , , , ,5610,5131,2, ,2,1,2,1,1,1,1,2,2,2,1,1,1,1,1,35,1,1,1,60, , , , , , , , , , , ,1, , , , ,500,50,1,90, , , ,2, ,2, ,1,80,2, ,2, ,2, , , , , , , , , , , , , , ,1,2511,"17,572063398827",5,640.0,360,1,1, ,1,5,9,17,1,0,0,170150254402,1701502544020660108,17015025440206601108,1701502544020660110108,202508,8
1,170352,170352,67,2,1,1,2,34,1,1,10,1,2, ,5,6,6, , , ,1,2,60260,1,1, , , ,40, ,1,4, , , , , , , , , , , , ,1030,6111,2, ,2,1,2,2,1,1,1,2,2,2,1,1,8,11,2, , , ,1,40, , , , , , , , , , , ,1, , , , ,400,70,1,37, , , ,2, ,2, ,2, ,2, ,2, ,2, , , , , , , , , , , , , , ,1,1711,"129,008460084534",4,507.0,246,1,1, ,1,6,3,17,6,0,0,170352019702,1703520197020670206,17035201970206702106,1703520197020670210106,202506,6
1,170150,170150,73,7,1,3,2,32,3,1,10,6,2, ,2,9,5, ,1,30410203,6,1, ,1,1, , , ,40, ,1,4, , , , , , , , , , , , ,2410,2411,2, ,2,2,2,2,1,1,1,2,2,2,1,1,4,1,2, , , ,1,40, , , , , , , , , , , ,1, , , , ,1200,76,1,20, , , ,2, ,2, ,2, ,2, ,2, ,2, , , , , , , , , , , , , , ,1,2512,"42,6111834498143",5,1296.0,"302,2",1,1, ,1,2,3,17,1,0,0,170150356203,1701503562030730712,17015035620307307112,1701503562030730710312,202512,12
1,170150,170150,51,3,1,5,1,33,4,10,10,5,2, ,5,6,6, , , ,6,1, ,6,1, , , ,20,1, ,1,1,20,1,4, , , , , , , , ,2511,7214,6,2, , , , , , , , , , , , ,3,8,1,1,2,2,1,20, , , , , , , , , , , ,5,400,2, ,100, , , , , , , ,2, ,2, ,2, ,2, ,2, ,2, , , , , , , , , , , , , , ,1,2513,"32,5848399431734",4,300.0,"202,625",2,1, ,2,7,3,17,1,0,0,170150001601,1701500016010510303,17015000160105103103,1701500016010510310503,202503,3
1,170150,170150,54,7,1,3,1,33,3,2,10,6,2, ,2,9,4, ,1,30310301,6,1, ,1,1, , , ,40, ,1,4, , , , , , , , , , , , ,8550,2351,6,2, , , , , , , , , , , , ,5,9,1,1,3,1,1,40, , , , , , , , , , , ,2,1200,2, ,200, , , , , , , ,2, ,2, ,2, ,2, ,2, ,2, , , , , , , , , , , , , , ,1,2511,"38,0281057094631",5,1000.0,"1566,66666666667",1,1, ,1,2,16,17,1,0,0,170150064001,1701500640010540707,17015006400105407107,1701500640010540710307,202507,7
1,170150,170150,69,10,1,1,1,33,1,1,10,5,2, ,5,6,6, , , ,6,3,862,1,1, , , ,50, ,1,4, , , , , , , , , , , , ,5610,5120,2, ,2,1,2,2,1,1,1,2,2,2,1,1,6,1,2, , , ,1,50, , , , , , , , , , , ,1, , , , ,470,47,1,65, , , ,2, ,2, ,2, ,2, ,2, ,2, , , , , , , , , , , , , , ,1,2513,"29,6841260450968",4,582.0,551,1,1, ,1,5,9,17,1,0,0,170150331102,1701503311020691008,17015033110206910108,1701503311020691010108,202508,8
1,170150,170150,66,8,1,2,1,34,3,10,10,6,2, ,3,9,3, ,2, ,6,1, ,1,2,12,2, , , , , , , , , ,8,20, , , ,1,3,20,6622,4120,2, , , , , , , , , , , , , , , , , , , , , , , , , , , , , , , , ,5, , , , , , , , , , , ,2, ,2, ,2, ,2, ,2, ,2, ,2,1,1,1,2,2,2,2,2,2,2,2,3,1,2511,"21,5600430863647",5,0.0,"223,75",7, ,1, , , ,17,1,0,0,170150143801,1701501438010660808,17015014380106608108,1701501438010660810208,202508,8
1,170150,170150,75,2,1,2,2,30,2,10,10,5,2, ,3,7,3, , , ,6,3,862,2,2,12,2, , , , , , , , , ,11, ,9, ,4, , , , , , , , , , , , , , , , , , , , , , , , , , , , , , , , , , , , , , ,5, , , , , , , , , , , ,2, ,2, ,2, ,2, ,2, ,2, , , , , , , , , , , , , , ,2,2512,"30,9842730179389",4,0.0,34,9, , , , , ,17,1,1,1,170150291204,1701502912040750211,17015029120407502111,1701502912040750210211,202511,11
1,170150,170150,72,3,1,1,2,30,1,10,10,6,2, ,5,7,3, , , ,6,1, ,1,1, , , ,40, ,1,4, , , , , , , , , , , , ,5610,5131,2, ,3,1,2,2,2,2,2,2,2,2,2,2,1,1,1,4,2,3,1,40, , , , , , , , , , , ,5, , , , ,470,0,1,50, , , ,2, ,1,100,2, ,2, ,2, ,2, , , , , , , , , , , , , , ,1,2511,"22,9689329850151",4,520.0,"256,666666666667",1,1, ,4,5,9,17,1,0,0,170150092504,1701500925040720311,17015009250407203111,1701500925040720310111,202511,11
1,170150,170150,58,6,1,5,2,32,7,10,10,6,1,3, ,8,1, ,2, ,6,2,60350,1,2,12,2, , , , , , , , , ,11, ,9, ,3, , , , , , , , , , , , , , , , , , , , , , , , , , , , , , , , , , , , , , ,5, , , , , , , , , , , ,2, ,2, ,2, ,2, ,2, ,2, , , , , , , , , , , , , , ,1,2512,"79,0167546405063",5,0.0,"153,125",9, , , , , ,17,1,0,0,170150385702,1701503857020580612,17015038570205806112,1701503857020580610512,202512,12
1,170150,170150,64,1,1,1,1,35,1,5,10,1,2, ,2,10,2, ,1,50810102,6,1, ,1,1, , , ,40, ,1,4, , , , , , , , , , , , ,5229,3331,5,2, , , , , , , , , , , , ,2,6,1,2,1,1,1,40, , , , , , , , , , , ,5,15000,2, ,12000, , , , , , , ,2, ,2, ,1,400,2, ,2, ,2, , , , , , , , , , , , , , ,1,2513,"16,8834366545584",5,3000.0,"1233,33333333333",1,1, ,1,3,8,17,1,0,0,170150175506,1701501755060640106,17015017550606401106,1701501755060640110106,202506,6
1,170150,170150,59,3,1,1,1,32,1,10,10,5,2, ,5,6,5, , , ,6,1, ,1,1, , , ,40, ,1,1,1,8,7, , , , , , , , , ,9522,7412,2, ,3,1,2,2,2,2,2,2,2,2,2,2,10,1,1,3,3,1,1,40, , , , , , , , , , , ,5, , , , ,400,0,1,50, , , ,2, ,2, ,2, ,2, ,2, ,2, , , , , , , , , , , , , , ,1,2512,"38,9271020620499",4,450.0,"151,666666666667",3,1, ,1,7,19,17,1,0,0,170150052301,1701500523010590303,17015005230105903103,1701500523010590310103,202503,3
1,170150,170150,64,7,1,1,1,31,1,1,10,1,2, ,2,8,3, ,1,20410304,6,1, ,2,1, , , ,40, ,1,4, , , , , , , , , , , , ,4761,5230,2, ,2,1,2,2,1,1,1,2,2,1,1,1,4,1,1,30,1,1,1,40, , , , , , , , , , , ,1, , , , ,470,48,1,79, , , ,2, ,2, ,1,8,2, ,2, ,2, , , , , , , , , , , , , , ,1,2512,"59,3606487880259",5,597.0,263,1,1, ,1,5,7,17,1,0,0,170150001104,1701500011040640706,17015000110406407106,1701500011040640710106,202506,6
1,170150,170150,71,9,1,1,2,30,1,1,10,6,2, ,2,10,1, ,1,50110301,6,1, ,1,1, , , ,40, ,1,4, , , , , , , , , , , , ,8521,2341,2, ,3,2,2,2,1,1,1,2,2,1,1,1,2,1,2, , , ,1,40, , , , , , , , , , , ,1, , , , ,588,62,1,7, , , ,2, ,2, ,2, ,2, ,2, ,2, , , , , , , , , , , , , , ,1,2511,"35,1327690449234",5,657.0,"328,5",1,1, ,1,2,16,17,1,0,0,170150279902,1701502799020710907,17015027990207109107,1701502799020710910107,202507,7
1,170150,170150,63,4,1,1,2,35,1,1,10,2,1,1, ,5,8,1, , ,3,2,40150,1,1, , , ,40, ,1,4, , , , , , , , , , , , ,9700,9111,10, ,2,1,2,2,1,2,1,2,2,2,1,1,14,8,1,1, , ,1,40, , , , , , , , , , , ,1, , , , ,300,50,1,130, , , ,2, ,2, ,2, ,2, ,2, ,2, , , , , , , , , , , , , , ,1,2513,"38,4288409988071",3,480.0,240,1,1, ,3,9,20,17,1,0,0,170150026001,1701500260010630402,17015002600106304102,1701500260010630410102,202502,2
1,170150,170150,68,4,1,3,2,32,3,4,10,6,2, ,5,6,6, , , ,6,1, ,1,1, , , ,40, ,1,4, , , , , , , , , , , , ,8423,5412,1, ,1,2,2,2,1,2,1,2,2,2,1,1,2,1,2, , , ,1,40, , , , , , , , , , , ,4, , , , ,1000,120,2, , , , ,2, ,2, ,2, ,2, ,2, ,2, , , , , , , , , , , , , , ,1,2511,"81,9606541528406",4,1120.0,590,1,1, ,1,5,15,17,1,0,0,170150218404,1701502184040680410,17015021840406804110,1701502184040680410310,202510,10
1,170150,170150,62,8,1,1,1,34,1,1,10,1,1,6, ,7,3, , , ,6,1, ,1,1, , , ,40, ,1,3,1,10,7, , , , , , , , , ,8291,4214,2, ,2,2,2,2,1,2,1,2,2,1,1,1,11,1,2, , , ,1,40, , , , , , , , , , , ,1, , , , ,920,55,1,30, , , ,2, ,2, ,1,250,2, ,2, ,2, , , , , , , , , , , , , , ,1,2512,"118,307464092195",4,1005.0,"209,166666666667",1,1, ,1,4,14,17,1,0,0,170150297402,1701502974020620801,17015029740206208101,1701502974020620810101,202501,1
2,170451,170451,76,5,1,2,1,30,3,1,10,6,2, ,2,9,5, ,1,30710801,6,2,170150,1,1, , , ,40, ,1,1,2, , , , , , , , , , , ,9101,2511,1, ,3,2,2,2,1,2,1,2,2,2,1,1,4,1,2, , , ,1,40, , , , , , , , , , , ,1, , , , ,800,80,2, , , , ,2, ,2, ,2, ,2, ,2, ,2, , , , , , , , , , , , , , ,1,1721,"15,6115051893084",5,880.0,"293,333333333333",1,1, ,1,2,18,17,6,0,0,170451900501,1704519005010760512,17045190050107605112,1704519005010760510212,202512,12
2,170252,170252,71,7,1,1,2,35,1,10,10,5,2, ,3,6,6, , , ,1,1, ,1,1, , , ,20,1, ,4, , , , , , , , , , , , ,119,6113,2, ,3,2,2,2,2,2,2,2,2,2,2,2,1,11,1,10,4,3,1,20, , , , , , , , , , , ,5, , , , ,235,0,2, , , , ,2, ,2, ,1,100,2, ,2, ,2, , , , , , , , , , , , , , ,1,1721,"14,1518698694904",4,235.0,205,4,1, ,4,6,1,17,6,0,0,170252901501,1702529015010710707,17025290150107107107,1702529015010710710107,202507,7
1,170150,170150,73,5,1,1,1,34,1,10,10,1,2, ,3,6,1, , , ,6,1, ,2,2,12,1,6,40, ,1,4, , , , , , , , , , , , ,2512,7212,2, ,3,2,2,2,2,2,2,2,2,2,2,2,17,1,1,4,2,1,1,40, , , , , , , , , , , ,5, , , , ,300,0,2, , , , ,2, ,2, ,1,120,2, ,2, ,2, , , , , , , , , , , , , , ,1,2513,"43,4365664767511",3,300.0,105,4,1, ,1,7,3,17,1,0,0,170150004702,1701500047020730512,17015000470207305112,1701500047020730510112,202512,12
1,170150,170150,58,6,1,2,2,32,2,10,10,5,2, ,3,6,1, , , ,6,2,71250,2,2,12,2, , , , , , , , , ,11, ,9, ,4, , , , , , , , , , , , , , , , , , , , , , , , , , , , , , , , , , , , , , ,5, , , , , , , , , , , ,2, ,2, ,2, ,2, ,2, ,2, , , , , , , , , , , , , , ,1,2513,"29,4784123590556",3,0.0,55,9, , , , , ,17,1,1,0,170150067402,1701500674020580603,17015006740205806103,1701500674020580610203,202503,3
1,170150,170150,51,4,1,2,2,32,2,10,10,1,2, ,11,6,6, , , ,6,1, ,1,1, , , ,40, ,1,4, , , , , , , , , , , , ,6190,5249,6,2, , , , , , , , , , , , ,3,6,1,1,3,2,1,40, , , , , , , , , , , ,5,700,2, ,300, , , , , , , ,2, ,2, ,2, ,2, ,2, ,2, , , , , , , , , , , , , , ,1,2512,"34,9066560915552",4,400.0,"298,333333333333",4,1, ,2,5,10,17,1,0,0,170150048901,1701500489010510403,17015004890105104103,1701500489010510410203,202503,3
1,170150,170150,52,3,1,3,1,32,3,1,10,6,2, ,2,10,2, ,1,50540102,6,1, ,2,1, , , ,40, ,1,4, , , , , , , , , , , , ,610,2144,2, ,2,2,2,2,1,1,1,2,2,1,1,1,1,1,2, , , ,1,40, , , , , , , , , , , ,1, , , , ,2300,120,1,60, , , ,2, ,2, ,2, ,2, ,2, ,2, , , , , , , , , , , , , , ,1,2511,"19,5278203293346",5,2480.0,1565,1,1, ,1,2,2,17,1,0,0,170150216403,1701502164030520301,17015021640305203101,1701502164030520310301,202501,1
1,170150,170150,68,2,1,1,2,31,1,2,10,1,2, ,2,9,5, ,1,30410102,6,1, ,2,1, , , ,40, ,1,4, , , , , , , , , , , , ,1410,3313,6,2, , , , , , , , , , , , ,0,8,1,1,2,1,1,40, , , , , , , , , , , ,2,500,2, ,0, , , , , , , ,2, ,2, ,1,120,2, ,2, ,2, , , , , , , , , , , , , , ,1,2511,"35,0302404752232",5,500.0,"582,5",1,1, ,1,3,3,17,1,0,0,170150308402,1701503084020680210,17015030840206802110,1701503084020680210110,202510,10
1,170150,170150,53,3,1,3,2,34,3,1,10,6,2, ,2,10,1, ,1,50330201,6,1, ,1,1, , , ,40, ,1,4, , , , , , , , , , , , ,8411,2634,1, ,1,2,2,2,1,2,1,2,2,2,1,1,5,1,2, , , ,1,40, , , , , , , , , , , ,1, , , , ,1600,95,2, , , , ,2, ,2, ,2, ,2, ,2, ,2, , , , , , , , , , , , , , ,1,2512,"22,8172501411668",5,1695.0,399,1,1, ,1,2,15,17,1,0,0,170150254504,1701502545040530301,17015025450405303101,1701502545040530310301,202501,1
1,170150,170150,68,1,1,1,1,34,1,10,10,1,2, ,5,9,4, ,2, ,6,2,130450,2,1, , , ,30,1, ,4, , , , , , , , , , , , ,4799,9520,6,2, , , , , , , , , , , , ,5,3,1,1,3,2,1,30, , , , , , , , , , , ,5,600,2, ,300, , , , , , , ,2, ,2, ,2, ,2, ,2, ,2, , , , , , , , , , , , , , ,1,2513,"24,9999254493503",5,300.0,"77,75",4,1, ,2,9,7,17,1,1,0,170150335201,1701503352010680107,17015033520106801107,1701503352010680110107,202507,7
1,170150,170150,70,2,1,1,2,33,1,2,10,6,2, ,2,9,5, ,1,30310101,6,2,80450,1,2,12,2, , , , , , , , , ,11, ,11, ,2, , , , , , , , , , , , , , , , , , , , , , , , , , , , , , , , , , , , , , ,2, , , , , , , , , , , ,2, ,1,250,1,100,2, ,2, ,2, , , , , , , , , , , , , , ,1,2511,"27,3564091539165",5,0.0,175,9, , , , , ,17,1,0,0,170150074102,1701500741020700209,17015007410207002109,1701500741020700210109,202509,9
1,170150,170150,74,9,1,1,1,32,1,1,10,6,2, ,3,8,1, ,2, ,6,2,130350,1,1, , , ,48, ,1,4, , , , , , , , , , , , ,8010,5414,2, ,3,2,2,2,1,1,1,2,2,2,1,1,8,1,2, , , ,1,48, , , , , , , , , , , ,1, , , , ,560,155,1,8, , , ,2, ,2, ,2, ,2, ,2, ,2, , , , , , , , , , , , , , ,1,2512,"28,8075476311703",5,723.0,723,1,1, ,1,5,14,17,1,0,0,170150019401,1701500194010740910,17015001940107409110,1701500194010740910110,202510,10
1,170150,170150,53,4,1,3,1,31,3,10,10,6,2, ,2,9,5, ,1,30510106,6,1, ,4,2,12,2, , , , , , , , , ,8,52, , , ,2, , , , , , , , , , , , , , , , , , , , , , , , , , , , , , , , , , , , , ,5, , , , , , , , , , , ,2, ,2, ,2, ,2, ,2, ,2, ,2,2,1,1,1,2,2,2,2,2,2,2,8,1,2512,"21,1481013330454",5,0.0,385,7, ,1, , , ,17,1,0,0,170150228701,1701502287010530404,17015022870105304104,1701502287010530410304,202504,4
1,170150,170150,54,5,1,1,1,32,1,10,10,5,2, ,11,6,6, , , ,6,3,862,2,1, , , ,40, ,1,4, , , , , , , , , , , , ,5610,5120,6,2, , , , , , , , , , , , ,1,6,1,2,3,2,1,40, , , , , , , , , , , ,5,1000,1,100,300, , , , , , , ,2, ,2, ,2, ,2, ,2, ,2, , , , , , , , , , , , , , ,2,2512,"90,9660979128547",4,800.0,269,1,1, ,2,5,9,17,1,0,0,170150386902,1701503869020540507,17015038690205405107,1701503869020540510107,202507,7
1,170150,170150,57,9,1,2,2,33,2,10,10,5,2, ,11,6,1, , , ,6,2,40550,1,1, , , ,60, ,1,4, , , , , , , , , , , , ,4771,5223,2, ,3,2,2,2,2,2,2,2,2,2,2,2,3,1,1,7,1,1,1,60, , , , , , , , , , , ,5, , , , ,320,0,2, , , , ,2, ,2, ,2, ,2, ,2, ,2, , , , , , , , , , , , , , ,1,2511,"95,1301080764629",3,320.0,170,4,1, ,1,5,7,17,1,0,0,170150227403,1701502274030570908,17015022740305709108,1701502274030570910208,202508,8
1,170150,170150,59,1,1,5,1,31,3,10,10,6,2, ,11,6,6, , , ,6,1, ,4,1, , , ,24,1, ,1,1,16,1,4, , , , , , , , ,4330,7123,2, ,3,2,2,2,2,2,2,2,2,2,2,2,8,1,1,3,3,2,1,24, , , , , , , , , , , ,5, , , , ,280,0,2, , , , ,2, ,2, ,2, ,2, ,2, ,2, , , , , , , , , , , , , , ,1,2513,"28,9658894847284",4,280.0,122,2,1, ,2,7,6,17,1,0,0,170150024903,1701500249030590106,17015002490305901106,1701500249030590110506,202506,6
1,170150,170150,68,5,1,1,1,32,1,1,10,6,2, ,5,6,5, , , ,6,2,131250,1,1, , , ,72, ,1,4, , , , , , , , , , , , ,8010,5414,2, ,3,2,2,2,1,1,1,2,2,2,1,1,6,1,2, , , ,1,72, , , , , , , , , , , ,1, , , , ,550,54,1,8, , , ,2, ,2, ,2, ,2, ,2, ,2, , , , , , , , , , , , , , ,1,2513,"28,6993634960214",4,612.0,612,1,1, ,1,5,14,17,1,0,0,170150243801,1701502438010680510,17015024380106805110,1701502438010680510110,202510,10
1,170152,170152,54,2,1,3,2,31,3,10,10,6,1,6, ,9,2, ,2, ,6,1, ,2,2,12,2, , , , , , , , , ,1,12, , , ,1,5,12,1030,7514,2, , , , , , , , , , , , , , , , , , , , , , , , , , , , , , , , ,5, , , , , , , , , , , ,2, ,2, ,2, ,2, ,2, ,2, ,2,1,2,1,1,2,2,2,2,2,2,2,2,1,1713,"46,3251456207782",5,0.0,50,7, ,1, , , ,17,6,1,1,170152008701,1701520087010540204,17015200870105402104,1701520087010540210304,202504,4
1,170150,170150,71,1,1,2,2,33,2,10,10,1,2, ,15,6,3, , , ,6,1, ,2,1, , , ,20,2, ,4, , , , , , , , , , , , ,1104,7513,6,2, , , , , , , , , , , , ,10,9,1,1,3,2,1,20, , , , , , , , , , , ,5,500,2, ,200, , , , , , , ,2, ,2, ,2, ,2, ,2, ,2, , , , , , , , , , , , , , ,1,2513,"121,832325989729",3,300.0,"207,2",4,1, ,2,7,3,17,1,0,0,170150219803,1701502198030710107,17015021980307101107,1701502198030710110207,202507,7
1,170156,170156,70,7,1,1,1,32,1,10,10,5,2, ,5,6,5, , , ,3,2,80150,1,1, , , ,40, ,1,4, , , , , , , , , , , , ,5221,9510,6,2, , , , , , , , , , , , ,0,4,1,1,3,2,1,40, , , , , , , , , , , ,5,300,2, ,0, , , , , , , ,2, ,2, ,2, ,2, ,2, ,2, , , , , , , , , , , , , , ,1,1712,"54,6146931369109",4,300.0,"91,75",4,1, ,2,9,8,17,6,1,0,170156061702,1701560617020700709,17015606170207007109,1701560617020700710109,202509,9
1,170150,170150,57,4,1,1,1,35,1,1,10,5,2, ,2,8,3, ,1,20710402,6,1, ,2,1, , , ,40, ,1,1,1,5,7, , , , , , , , , ,4659,3115,2, ,2,2,2,1,1,1,1,2,2,1,1,1,7,1,2, , , ,1,40, , , , , , , , , , , ,1, , , , ,600,140,1,68, , , ,2, ,2, ,2, ,2, ,2, ,2, , , , , , , , , , , , , , ,1,2513,"46,1941780436521",5,808.0,"263,5",1,1, ,1,3,7,17,1,0,0,170150287802,1701502878020570405,17015028780205704105,1701502878020570410105,202505,5
1,170150,170150,52,1,1,1,1,35,1,10,10,1,2, ,11,6,2, , , ,1,2,50453,1,1, , , ,40, ,1,4, , , , , , , , , , , , ,5224,9331,6,2, , , , , , , , , , , , ,15,3,1,1,3,2,1,40, , , , , , , , , , , ,5,300,2, ,0, , , , , , , ,2, ,2, ,2, ,2, ,2, ,2, , , , , , , , , , , , , , ,1,2513,"175,07506512637",3,300.0,"75,8333333333333",4,1, ,2,9,8,17,1,1,0,170150221501,1701502215010520110,17015022150105201110,1701502215010520110110,202510,10
1,170163,170163,52,7,1,1,1,31,1,10,10,5,2, ,11,6,6, , , ,6,2,170185,1,1, , , ,50, ,1,4, , , , , , , , , , , , ,8730,5321,6,2, , , , , , , , , , , , ,0,8,1,1,3,2,1,50, , , , , , , , , , , ,5,500,2, ,40, , , , , , , ,2, ,2, ,1,130,2, ,2, ,2, , , , , , , , , , , , , , ,1,1711,"94,861323187102",4,460.0,253,4,1, ,2,5,17,17,6,0,0,170163074202,1701630742020520710,17016307420205207110,1701630742020520710110,202510,10
1,170150,170150,53,3,1,1,1,31,1,1,10,1,2, ,5,10,2, ,1,50410202,4,2,90150,1,1, , , ,40, ,1,4, , , , , , , , , , , , ,4530,2411,2, ,2,1,2,2,1,1,1,2,2,2,1,1,7,1,1,8,1,1,1,40, , , , , , , , , , , ,1, , , , ,2200,100,1,105, , , ,2, ,2, ,1,200,2, ,2, ,2, , , , , , , , , , , , , , ,1,2511,"13,3337544776564",5,2405.0,"3405,5",1,1, ,1,2,7,17,1,0,0,170150039904,1701500399040530301,17015003990405303101,1701500399040530310101,202501,1
1,170150,170150,60,7,1,3,2,30,3,1,10,6,2, ,2,8,3, ,1,20410204,6,1, ,2,1, , , ,40, ,1,4, , , , , , , , , , , , ,6419,3312,2, ,2,2,2,2,1,1,1,2,2,1,1,1,8,1,2, , , ,1,40, , , , , , , , , , , ,1, , , , ,1000,95,1,20, , , ,2, ,2, ,2, ,2, ,2, ,2, , , , , , , , , , , , , , ,1,2512,"15,3977361862612",5,1115.0,773,1,1, ,1,3,11,17,1,0,0,170150020405,1701500204050600709,17015002040506007109,1701500204050600710309,202509,9
1,170150,170150,70,6,1,2,2,30,2,10,10,5,2, ,3,7,2, , , ,6,2,90150,1,2,12,2, , , , , , , , , ,11, ,9, ,4, , , , , , , , , , , , , , , , , , , , , , , , , , , , , , , , , , , , , , ,5, , , , , , , , , , , ,2, ,2, ,2, ,2, ,2, ,2, , , , , , , , , , , , , , ,1,2512,"17,5406543239152",4,0.0,"376,666666666667",9, , , , , ,17,1,0,0,170150077301,1701500773010700612,17015007730107006112,1701500773010700610212,202512,12
1,170150,170150,56,2,1,3,2,35,3,1,10,6,2, ,2,9,5, ,1,30730201,6,1, ,2,1, , , ,40, ,1,4, , , , , , , , , , , , ,4220,2142,2, ,3,2,2,2,1,2,1,2,2,2,1,1,1,1,1,25,1,1,1,40, , , , , , , , , , , ,1, , , , ,0,0,2, , , , ,2, ,2, ,2, ,2, ,2, ,2, , , , , , , , , , , , , , ,1,2512,"60,782471232809",5,0.0,435,4,1, ,1,2,6,17,1,0,0,170150390301,1701503903010560205,17015039030105602105,1701503903010560210305,202505,5
1,170150,170150,64,9,1,1,2,35,1,1,5,6,2, ,2,10,1, ,1,50330201,6,1, ,1,1, , , ,40, ,1,4, , , , , , , , , , , , ,6910,2611,2, ,2,2,2,2,1,2,1,2,2,2,1,1,9,1,1,11,1,1,1,40, , , , , , , , , , , ,1, , , , ,800,70,2, , , , ,2, ,2, ,2, ,2, ,2, ,2, , , , , , , , , , , , , , ,1,2512,"16,0850789846963",5,870.0,870,1,1, ,1,2,13,17,1,0,0,170150179203,1701501792030640906,17015017920306409106,1701501792030640910106,202506,6
1,170150,170150,62,7,1,1,1,33,1,1,10,1,2, ,4,6,6, , , ,6,2,50150,1,1, , , ,40, ,1,4, , , , , , , , , , , , ,8010,5414,2, ,3,2,2,2,1,2,1,2,2,2,1,1,8,1,2, , , ,1,40, , , , , , , , , , , ,1, , , , ,430,40,2, , , , ,2, ,2, ,2, ,2, ,2, ,2, , , , , , , , , , , , , , ,1,2512,"57,7784287065506",4,470.0,"156,666666666667",1,1, ,1,5,14,17,1,0,0,170150378105,1701503781050620704,17015037810506207104,1701503781050620710104,202504,4
1,170150,170150,40,5,1,1,2,32,1,4,10,6,1,6, ,9,3, ,2, ,6,2,20550,1,1, , , ,45, ,1,4, , , , , , , , , , , , ,8423,5412,1, ,1,1,2,2,1,1,1,2,2,1,1,1,13,1,2, , , ,1,45, , , , , , , , , , , ,4, , , , ,2070,130,1,421, , , ,2, ,2, ,1,400,2, ,2, ,2, , , , , , , , , , , , , , ,1,2512,"25,0171379876682",5,2621.0,"1780,66666666667",1,1, ,1,5,15,17,1,0,0,170150380905,1701503809050400501,17015038090504005101,1701503809050400510101,202501,1
1,170150,170150,70,9,1,3,1,33,3,1,10,6,2, ,2,9,5, ,1,30730301,6,1, ,1,1, , , ,40, ,1,4, , , , , , , , , , , , ,3100,2163,2, ,2,2,2,2,1,1,1,2,2,2,1,1,3,1,1,50,1,1,1,40, , , , , , , , , , , ,1, , , , ,1100,95,1,10, , , ,2, ,2, ,2, ,2, ,2, ,2, , , , , , , , , , , , , , ,1,2511,"15,1723905461266",5,1205.0,"831,666666666667",1,1, ,1,2,3,17,1,0,0,170150170601,1701501706010700909,17015017060107009109,1701501706010700910309,202509,9
1,170150,170150,70,8,1,3,1,30,3,1,10,6,2, ,2,9,5, ,1,30410302,6,1, ,1,1, , , ,32,8, ,4, , , , , , , , , , , , ,6512,3321,2, ,3,1,2,2,1,2,1,2,2,1,1,1,3,1,1,60,1,1,1,40, , , , , , , , , , , ,1, , , , ,1000,110,1,100, , , ,2, ,2, ,2, ,2, ,2, ,2, , , , , , , , , , , , , , ,1,2511,"19,4782677305202",5,1210.0,"831,666666666667",1,1, ,1,3,11,17,1,0,0,170150170601,1701501706010700812,17015017060107008112,1701501706010700810312,202512,12
1,170175,170175,66,5,1,1,1,34,1,10,10,2,2, ,5,6,3, , , ,6,1, ,1,1, , , ,30,3, ,1,1,20,1,4, , , , , , , , ,4100,7112,6,2, , , , , , , , , , , , ,8,2,1,1,3,2,1,30, , , , , , , , , , , ,5,620,2, ,0, , , , , , , ,2, ,2, ,1,80,2, ,2, ,2, , , , , , , , , , , , , , ,1,1711,"84,6017430956235",3,620.0,700,2,1, ,2,7,6,17,6,0,0,170175097901,1701750979010660508,17017509790106605108,1701750979010660510108,202508,8
1,170150,170150,68,2,1,2,1,31,2,1,10,1,1,1, ,9,4, ,1,30210407,6,1, ,2,1, , , ,40, ,1,4, , , , , , , , , , , , ,8542,2354,2, ,2,2,2,2,1,1,1,2,2,1,1,1,3,1,1,20,1,1,1,40, , , , , , , , , , , ,1, , , , ,490,48,1,7, , , ,2, ,2, ,2, ,2, ,2, ,2, , , , , , , , , , , , , , ,1,2511,"35,0302404752232",5,545.0,"582,5",1,1, ,1,2,16,17,1,0,0,170150308402,1701503084020680210,17015030840206802110,1701503084020680210210,202510,10
1,170150,170150,70,1,1,5,1,33,3,1,10,6,2, ,5,8,3, ,1,20910201,6,1, ,1,1, , , ,40, ,1,4, , , , , , , , , , , , ,8610,3258,1, ,1,2,2,2,1,2,1,2,2,2,1,1,10,1,2, , , ,1,40, , , , , , , , , , , ,1, , , , ,1000,100,2, , , , ,2, ,2, ,2, ,2, ,2, ,2, , , , , , , , , , , , , , ,1,2512,"28,6865331850169",5,1100.0,600,1,1, ,1,3,17,17,1,0,0,170150319201,1701503192010700109,17015031920107001109,1701503192010700110509,202509,9
1,170950,170950,51,5,1,3,2,30,3,1,10,6,2, ,5,10,2, ,1,50110104,6,2,170150,4,1, , , ,40, ,1,4, , , , , , , , , , , , ,8521,2341,1, ,3,2,2,2,1,2,1,2,2,2,1,1,15,1,2, , , ,1,40, , , , , , , , , , , ,1, , , , ,600,60,2, , , , ,2, ,2, ,2, ,2, ,2, ,2, , , , , , , , , , , , , , ,1,1713,"29,7291768985245",5,660.0,515,1,1, ,1,2,16,17,6,0,0,170950000701,1709500007010510503,17095000070105105103,1709500007010510510303,202503,3
1,170150,170150,66,7,1,2,2,35,2,10,10,5,2, ,2,9,5, ,1,30410306,6,1, ,2,1, , , ,40, ,1,4, , , , , , , , , , , , ,7911,4221,6,2, , , , , , , , , , , , ,4,8,1,1,3,1,1,40, , , , , , , , , , , ,5,470,2, ,0, , , , , , , ,2, ,2, ,2, ,2, ,2, ,2, , , , , , , , , , , , , , ,1,2512,"36,880405253818",5,470.0,600,1,1, ,1,4,14,17,1,0,0,170150221801,1701502218010660708,17015022180106607108,1701502218010660710208,202508,8
1,170150,170150,51,4,1,2,1,34,2,10,10,1,2, ,3,4,6,1, , ,6,2,100550,1,2,12,2, , , , , , , , , ,2,4, , , ,1,5,16,4100,9313,4, , , , , , , , , , , , , , , , , , , , , , , , , , , , , , , , ,5, , , , , , , , , , , ,2, ,2, ,2, ,2, ,2, ,2, ,2,2,1,1,1,2,2,2,2,2,2,2,2,1,2511,"48,9961513268109",3,0.0,"70,4",7, ,1, , , ,17,1,1,0,170150128811,1701501288110510403,17015012881105104103,1701501288110510410203,202503,3
1,170150,170150,69,1,1,3,1,35,3,1,10,6,2, ,11,4,6,1, , ,6,2,120550,1,2,12,2, , , , , , , , , ,11, ,11, ,2, , , , , , , , , , , , , , , , , , , , , , , , , , , , , , , , , , , , , , ,5, , , , , , , , , , , ,2, ,1,400,2, ,2, ,2, ,2, , , , , , , , , , , , , , ,1,2512,"27,7726410350449",3,0.0,100,9, , , , , ,17,1,0,0,170150271201,1701502712010690111,17015027120106901111,1701502712010690110311,202511,11
1,170150,170150,53,2,1,2,2,35,2,10,10,1,2, ,3,6,6, , , ,6,1, ,2,1, , , ,50, ,1,4, , , , , , , , , , , , ,4719,5221,6,2, , , , , , , , , , , , ,4,9,1,1,2,1,1,50, , , , , , , , , , , ,5,250,2, ,150, , , , , , , ,2, ,2, ,2, ,2, ,2, ,2, , , , , , , , , , , , , , ,1,2513,"45,9548151002935",4,100.0,"125,2",4,1, ,1,5,7,17,1,0,0,170150336602,1701503366020530204,17015033660205302104,1701503366020530210204,202504,4
1,170150,170150,58,5,1,2,1,35,3,10,10,6,2, ,3,4,4,1, , ,6,2,80150,1,2,12,2, , , , , , , , , ,11, ,9, ,5, , , , , , , , , , , , , , , , , , , , , , , , , , , , , , , , , , , , , , ,5, , , , , , , , , , , ,2, ,2, ,2, ,2, ,2, ,2, , , , , , , , , , , , , , ,1,2511,"14,277783531713",3,0.0,"1033,33333333333",9, , , , , ,17,1,0,0,170150130004,1701501300040580503,17015013000405805103,1701501300040580510203,202503,3
1,170150,170150,59,6,1,2,1,30,3,10,10,6,2, ,3,9,1, ,2, ,6,1, ,1,2,12,2, , , , , , , , , ,1,8, , , ,1,5,8,4761,5223,2, , , , , , , , , , , , , , , , , , , , , , , , , , , , , , , , ,5, , , , , , , , , , , ,2, ,2, ,2, ,2, ,2, ,2, ,2,2,1,1,1,2,2,2,2,2,2,2,2,1,2513,"59,7906136531247",5,0.0,104,7, ,1, , , ,17,1,0,0,170150024903,1701500249030590603,17015002490305906103,1701500249030590610203,202503,3
1,170150,170150,75,2,1,2,2,32,2,1,10,5,2, ,11,6,6, , , ,5,1, ,1,1, , , ,40, ,1,4, , , , , , , , , , , , ,4761,5223,2, ,2,2,2,2,1,2,1,2,2,2,1,1,1,1,1,3,2,1,1,40, , , , , , , , , , , ,1, , , , ,470,45,2, , , , ,2, ,2, ,2, ,2, ,2, ,2, , , , , , , , , , , , , , ,1,2512,"117,135150261502",4,515.0,"330,75",1,1, ,1,5,7,17,1,0,0,170150298803,1701502988030750211,17015029880307502111,1701502988030750210211,202511,11
1,170150,170150,56,7,1,2,2,32,2,1,5,1,2, ,11,9,1, ,2, ,6,1, ,1,1, , , ,48, ,1,4, , , , , , , , , , , , ,8610,3344,2, ,2,1,2,1,1,1,1,2,2,2,1,1,7,1,2, , , ,1,48, , , , , , , , , , , ,1, , , , ,423,47,1,110, , , ,2, ,2, ,2, ,2, ,2, ,2, , , , , , , , , , , , , , ,1,2511,"18,9910601437377",5,580.0,475,1,1, ,1,3,17,17,1,0,0,170150098301,1701500983010560702,17015009830105607102,1701500983010560710202,202502,2
2,170163,170163,65,5,1,1,1,31,1,10,10,5,2, ,5,4,6,1, , ,6,2,130150,1,1, , , ,40, ,1,4, , , , , , , , , , , , ,123,6112,2, ,3,2,1,2,2,2,2,2,2,2,2,2,4,11,1,2,2,1,1,40, , , , , , , , , , , ,5, , , , ,430,0,1,100, , , ,2, ,2, ,2, ,2, ,2, ,2, , , , , , , , , , , , , , ,1,1721,"57,8968307392538",3,530.0,"153,5",1,1, ,1,6,1,17,6,0,0,170163900602,1701639006020650507,17016390060206505107,1701639006020650510107,202507,7
2,170184,170184,72,6,1,1,1,34,1,1,10,1,2, ,5,6,6, , , ,6,1, ,1,1, , , ,40, ,1,4, , , , , , , , , , , , ,6110,7422,2, ,2,2,2,2,1,1,1,2,2,1,1,1,5,1,2, , , ,1,40, , , , , , , , , , , ,1, , , , ,600,60,1,35, , , ,2, ,2, ,1,100,2, ,2, ,2, , , , , , , , , , , , , , ,1,1723,"18,9847010458335",4,695.0,"397,5",1,1, ,1,7,10,17,6,0,0,170184904501,1701849045010720608,17018490450107206108,1701849045010720610108,202508,8
1,170150,170150,64,6,1,3,1,32,7,1,10,6,2, ,3,6,6, , , ,6,2,90850,1,1, , , ,40, ,1,4, , , , , , , , , , , , ,4771,5223,2, ,2,2,2,2,1,1,1,2,2,1,1,1,10,1,1,5,1,1,1,40, , , , , , , , , , , ,1, , , , ,470,50,1,15, , , ,2, ,2, ,2, ,2, ,2, ,2, , , , , , , , , , , , , , ,1,2512,"59,3606487880259",4,535.0,530,1,1, ,1,5,7,17,1,0,0,170150001104,1701500011040640606,17015000110406406106,1701500011040640610306,202506,6
1,170156,170156,62,4,1,2,1,32,3,10,10,6,2, ,3,6,6, , , ,6,2,170550,4,2,12,2, , , , , , , , , ,1,8, , , ,1,5,8,2511,7214,2, , , , , , , , , , , , , , , , , , , , , , , , , , , , , , , , ,5, , , , , , , , , , , ,2, ,2, ,1,200,2, ,2, ,2, ,2,2,1,1,1,2,2,2,2,2,2,2,2,1,1712,"85,5210652930848",4,0.0,"341,25",7, ,1, , , ,17,6,0,0,170156063702,1701560637020620404,17015606370206204104,1701560637020620410204,202504,4
1,170150,170150,65,5,1,1,1,30,1,1,10,1,2, ,5,7,3, , , ,1,2,180150,2,1, , , ,40, ,1,4, , , , , , , , , , , , ,2220,8183,2, ,2,2,2,2,1,2,1,2,2,2,1,1,9,1,1,10,1,1,1,40, , , , , , , , , , , ,1, , , , ,430,40,2, , , , ,2, ,2, ,2, ,2, ,2, ,2, , , , , , , , , , , , , , ,1,2513,"127,659108746275",4,470.0,120,1,1, ,1,8,3,17,1,0,0,170150334002,1701503340020650504,17015033400206505104,1701503340020650510104,202504,4
1,170155,170155,53,3,1,2,2,33,2,10,10,5,2, ,11,9,3, ,2, ,6,1, ,2,1, , , ,60, ,1,4, , , , , , , , , , , , ,5610,5120,6,2, , , , , , , , , , , , ,7,6,1,1,3,2,1,60, , , , , , , , , , , ,5,200,2, ,100, , , , , , , ,2, ,2, ,2, ,2, ,2, ,2, , , , , , , , , , , , , , ,1,1713,"158,893475632882",5,100.0,152,4,1, ,2,5,9,17,6,0,0,170155043103,1701550431030530301,17015504310305303101,1701550431030530310201,202501,1
2,170252,170252,64,3,1,2,2,34,3,3,10,2,2, ,3,6,3, , , ,1,1, ,1,1, , , ,40, ,1,1,1,10,7, , , , , , , , , ,113,6111,6,2, , , , , , , , , , , , ,20,10,1,2,3,2,1,40, , , , , , , , , , , ,3,20,1,3,10, , , , , , , ,2, ,2, ,2, ,2, ,1,55,2, , , , , , , , , , , , , , ,1,1721,"586,60336769635",3,13.0,"40,6",3,1, ,2,6,1,17,6,1,1,170252903602,1702529036020640303,17025290360206403103,1702529036020640310203,202503,3
1,170150,170150,73,7,1,2,2,34,2,10,10,5,2, ,3,6,6, , , ,6,1, ,2,2,12,2, , , , , , , , , ,11, ,9, ,4, , , , , , , , , , , , , , , , , , , , , , , , , , , , , , , , , , , , , , ,5, , , , , , , , , , , ,2, ,2, ,2, ,2, ,2, ,2, , , , , , , , , , , , , , ,1,2512,"34,0687633157826",4,0.0,"161,333333333333",9, , , , , ,17,1,0,0,170150363902,1701503639020730712,17015036390207307112,1701503639020730710212,202512,12
2,170184,170184,69,8,1,3,2,32,3,1,10,1,2, ,2,9,5, ,1,30310402,6,1, ,3,2,12,2, , , , , , , , , ,8,24, , , ,1,1,24,7820,2423,2, , , , , , , , , , , , , , , , , , , , , , , , , , , , , , , , ,5, , , , , , , , , , , ,2, ,2, ,2, ,2, ,2, ,2, ,2,2,2,1,1,2,2,2,2,2,2,2,4,1,1723,"27,0253664533862",5,0.0,"362,857142857143",7, ,1, , , ,17,6,0,0,170184904201,1701849042010690811,17018490420106908111,1701849042010690810311,202511,11
1,170155,170155,70,6,1,1,1,30,1,10,10,5,2, ,5,7,3, , , ,6,3,604,2,1, , , ,48, ,1,4, , , , , , , , , , , , ,5610,9411,6,2, , , , , , , , , , , , ,10,4,1,3,3,2,1,48, , , , , , , , , , , ,5,600,1,25,200, , , , , , , ,2, ,2, ,2, ,2, ,2, ,2, , , , , , , , , , , , , , ,2,1713,"42,3311558690458",4,425.0,"70,8333333333333",4,1, ,2,9,9,17,6,1,0,170155039102,1701550391020700612,17015503910207006112,1701550391020700610112,202512,12
2,170751,170751,53,1,1,3,2,35,3,10,10,5,2, ,11,6,6, , , ,6,2,90150,1,1, , , ,40, ,1,4, , , , , , , , , , , , ,5610,5120,7, , , , , , , , , , , , , ,4,6,1,3,2,1,1,40, , , , , , , , , , , ,5, , , , , , , , , , , ,2, ,2, ,2, ,2, ,2, ,2, , , , , , , , , , , , , , ,1,1723,"28,1424443411037",4,0.0,125,5,1, ,1,5,9,17,6,0,0,170751000205,1707510002050530101,17075100020505301101,1707510002050530110301,202501,1
2,170152,170152,67,3,1,2,2,31,3,10,10,6,2, ,5,6,6, , , ,6,1, ,2,1, , , ,40, ,1,4, , , , , , , , , , , , ,2220,8142,2, ,3,1,2,2,2,1,2,2,2,2,2,2,1,1,2, , , ,1,40, , , , , , , , , , , ,5, , , , ,470,0,1,60, , , ,2, ,2, ,2, ,2, ,2, ,2, , , , , , , , , , , , , , ,1,1721,"50,0649375207148",4,530.0,270,1,1, ,1,8,3,17,6,0,0,170152901503,1701529015030670306,17015290150306703106,1701529015030670310206,202506,6
1,170150,170150,71,7,1,1,2,34,1,10,10,1,1,1, ,7,2, , , ,6,1, ,1,2,12,2, , , , , , , , , ,11, ,9, ,3, , , , , , , , , , , , , , , , , , , , , , , , , , , , , , , , , , , , , , ,5, , , , , , , , , , , ,2, ,2, ,2, ,2, ,1,55,2, , , , , , , , , , , , , , ,1,2513,"14,0953216929072",4,0.0,105,9, , , , , ,17,1,0,0,170150122202,1701501222020710707,17015012220207107107,1701501222020710710107,202507,7
1,170157,170157,56,1,1,3,1,31,7,10,10,6,2, ,3,9,2, ,2, ,7,1, ,1,1, , , ,20,9, , , , , , , , , , , , , , ,7410,3118,6,2, , , , , , , , , , , , ,2,9,1,1,2,1,1,20, , , , , , , , , , , ,5,400,2, ,50, , , , , , , ,2, ,2, ,2, ,2, ,2, ,2, , , , , , , , , , , , , , ,1,1712,"34,2090870468345",5,350.0,"383,333333333333",4,1, ,1,3,13,17,6,0,0,170157068502,1701570685020560102,17015706850205601102,1701570685020560110302,202502,2
1,170150,170150,72,4,1,3,1,33,3,10,10,6,1,3, ,9,1, ,2, ,6,2,90150,2,1, , , ,40, ,1,4, , , , , , , , , , , , ,8530,3322,2, ,3,2,2,2,2,2,2,2,2,2,2,2,0,1,2, , , ,1,40, , , , , , , , , , , ,5, , , , ,470,0,2, , , , ,2, ,2, ,2, ,2, ,2, ,2, , , , , , , , , , , , , , ,1,2511,"27,2435468482117",5,470.0,146,1,1, ,1,3,16,17,1,0,0,170150165101,1701501651010720411,17015016510107204111,1701501651010720410311,202511,11
1,170150,170150,72,3,1,2,1,31,3,1,10,6,2, ,2,9,4, ,1,30410312,6,1, ,1,1, , , ,40, ,1,4, , , , , , , , , , , , ,5610,3434,2, ,2,1,2,2,1,1,1,2,2,2,1,1,5,1,1,70,1,1,1,40, , , , , , , , , , , ,1, , , , ,700,70,1,70, , , ,2, ,2, ,2, ,2, ,2, ,2, , , , , , , , , , , , , , ,1,2511,"53,3631332015633",5,840.0,943,1,1, ,1,3,9,17,1,0,0,170150261702,1701502617020720311,17015026170207203111,1701502617020720310211,202511,11
1,170150,170150,63,6,1,1,1,34,1,10,10,5,2, ,5,6,4, , , ,6,1, ,2,1, , , ,50, ,1,4, , , , , , , , , , , , ,2396,7113,6,2, , , , , , , , , , , , ,10,6,1,1,3,2,1,50, , , , , , , , , , , ,5,1400,2, ,500, , , , , , , ,2, ,2, ,2, ,2, ,2, ,2, , , , , , , , , , , , , , ,1,2513,"81,312232888427",4,900.0,225,1,1, ,2,7,3,17,1,0,0,170150242702,1701502427020630602,17015024270206306102,1701502427020630610102,202502,2
1,170150,170150,76,2,1,1,1,31,1,10,10,5,2, ,5,6,6, , , ,6,2,90850,2,1, , , ,50, ,1,4, , , , , , , , , , , , ,9329,5249,6,2, , , , , , , , , , , , ,10,6,1,2,2,1,1,50, , , , , , , , , , , ,5,3000,2, ,1500, , , , , , , ,2, ,2, ,2, ,2, ,2, ,2, , , , , , , , , , , , , , ,1,2512,"14,3090318891368",4,1500.0,500,1,1, ,1,5,18,17,1,0,0,170150181002,1701501810020760212,17015018100207602112,1701501810020760210112,202512,12
1,170150,170150,65,3,1,5,2,31,3,10,10,3,2, ,2,8,3, ,1,20920201,6,1, ,5,2,12,2, , , , , , , , , ,8,16, , , ,1,3,52,8521,2342,2, , , , , , , , , , , , , , , , , , , , , , , , , , , , , , , , ,5, , , , , , , , , , , ,2, ,2, ,2, ,2, ,2, ,2, ,2,2,1,1,1,2,2,2,2,2,2,2,3,1,2512,"32,7588307119171",5,0.0,"606,333333333333",7, ,1, , , ,17,1,0,0,170150060701,1701500607010650304,17015006070106503104,1701500607010650310504,202504,4
1,170150,170150,67,5,1,2,2,31,3,1,10,6,2, ,2,9,4, ,1,30410701,6,1, ,1,1, , , ,40, ,1,4, , , , , , , , , , , , ,2420,1212,2, ,2,2,2,2,1,2,1,2,2,2,1,1,4,1,2, , , ,1,40, , , , , , , , , , , ,1, , , , ,1070,53,2, , , , ,2, ,2, ,2, ,2, ,2, ,2, , , , , , , , , , , , , , ,1,2511,"26,6588459125361",5,1123.0,599,1,1, ,1,1,3,17,1,0,0,170150307501,1701503075010670509,17015030750106705109,1701503075010670510209,202509,9
1,170150,170150,73,5,1,1,1,35,1,1,10,1,2, ,5,6,6, , , ,6,2,100150,2,1, , , ,48, ,1,4, , , , , , , , , , , , ,1030,8332,2, ,2,1,2,2,1,1,1,2,2,2,1,1,1,1,2, , , ,2,40,8,0,4922,8322,6,2,3,1,1,3,2,1, , , , ,1370,80,1,85,200,1,80,2, ,2, ,2, ,2, ,2, ,2, , , , , , , , , , , , , , ,1,2511,"33,3465057435123",4,1815.0,363,1,1, ,1,8,3,17,1,0,0,170150163005,1701501630050730509,17015016300507305109,1701501630050730510109,202509,9
1,170550,170550,69,3,1,1,1,31,1,1,10,1,2, ,2,9,5, ,1,30720403,6,1, ,1,1, , , ,50, ,1,4, , , , , , , , , , , , ,910,2146,2, ,3,1,1,1,1,1,1,2,2,2,1,1,5,1,2, , , ,1,50, , , , , , , , , , , ,1, , , , ,1100,200,1,130, , , ,2, ,2, ,1,300,2, ,2, ,2, , , , , , , , , , , , , , ,1,1712,"112,475671200359",5,1430.0,1165,1,1, ,1,2,2,17,6,0,0,170550032603,1705500326030690308,17055003260306903108,1705500326030690310108,202508,8
1,170155,170155,57,1,1,2,1,30,3,1,10,6,2, ,3,9,2, ,2, ,6,2,170150,2,1, , , ,40, ,1,4, , , , , , , , , , , , ,4759,5222,2, ,3,2,2,1,1,1,1,2,2,1,1,1,0,1,2, , , ,1,40, , , , , , , , , , , ,1, , , , ,530,50,1,20, , , ,2, ,2, ,2, ,2, ,2, ,2, , , , , , , , , , , , , , ,1,1713,"32,8963304463188",5,600.0,429,1,1, ,1,5,7,17,6,0,0,170155031502,1701550315020570105,17015503150205701105,1701550315020570110205,202505,5
1,170150,170150,60,3,1,1,1,32,1,2,10,6,2, ,2,8,3, ,1,21010201,6,1, ,1,1, , , ,10,1, ,1,1,30,7, , , , , , , , , ,8542,2355,6,2, , , , , , , , , , , , ,6,6,1,1,2,2,1,10, , , , , , , , , , , ,2,200,2, ,0, , , , , , , ,2, ,2, ,1,150,2, ,2, ,2, , , , , , , , , , , , , , ,1,2511,"16,6959865560369",5,200.0,350,2,1, ,2,2,16,17,1,0,0,170150128811,1701501288110600309,17015012881106003109,1701501288110600310109,202509,9
2,170175,170175,60,2,1,3,2,31,3,10,10,6,2, ,2,8,3, ,1,21010404,6,2,170185,3,2,12,2, , , , , , , , , ,11, ,9, ,4, , , , , , , , , , , , , , , , , , , , , , , , , , , , , , , , , , , , , , ,5, , , , , , , , , , , ,2, ,2, ,2, ,2, ,2, ,2, , , , , , , , , , , , , , ,1,1722,"23,2787867758366",5,0.0,"497,5",9, , , , , ,17,6,0,0,170175900602,1701759006020600209,17017590060206002109,1701759006020600210309,202509,9
1,170150,170150,58,5,1,3,1,32,3,10,10,6,2, ,2,9,5, ,1,30710503,6,2,60258,5,1, , , ,40, ,1,4, , , , , , , , , , , , ,4923,9333,2, ,3,2,2,2,2,2,2,2,2,2,2,2,0,3,1,2,2,1,1,40, , , , , , , , , , , ,5, , , , ,470,0,2, , , , ,2, ,2, ,2, ,2, ,2, ,2, , , , , , , , , , , , , , ,1,2512,"19,2096378012814",5,470.0,242,1,1, ,1,9,8,17,1,0,0,170150337903,1701503379030580503,17015033790305805103,1701503379030580510303,202503,3
1,170150,170150,70,7,1,2,1,31,7,1,5,6,2, ,2,10,1, ,1,50730102,6,1, ,1,1, , , ,40, ,1,4, , , , , , , , , , , , ,8412,2161,1, ,3,2,2,1,1,2,1,2,2,2,1,1,6,1,2, , , ,1,40, , , , , , , , , , , ,1, , , , ,1000,110,1,40, , , ,2, ,2, ,2, ,2, ,2, ,2, , , , , , , , , , , , , , ,1,2511,"18,1323361581036",5,1150.0,1215,1,1, ,1,2,15,17,1,0,0,170150162803,1701501628030700712,17015016280307007112,1701501628030700710212,202512,12
1,170150,170150,47,7,1,1,2,35,1,1,10,6,2, ,2,9,5, ,1,30410102,6,2,110150,1,1, , , ,45, ,1,4, , , , , , , , , , , , ,8010,2411,2, ,2,1,2,2,1,2,1,2,2,1,1,1,12,1,2, , , ,2,40,5,0,6920,2411,6,2,9,1,1,3,1,1, , , , ,2000,200,1,80,500,2, ,1,1000,2, ,2, ,2, ,2, ,2, , , , , , , , , , , , , , ,1,2511,"36,5162015688927",5,2780.0,1260,1,1, ,1,2,14,17,1,0,0,170150227403,1701502274030470702,17015022740304707102,1701502274030470710102,202502,2
1,170250,170250,53,9,1,2,2,33,3,1,10,6,2, ,5,9,1, ,2, ,6,1, ,1,1, , , ,40, ,1,4, , , , , , , , , , , , ,6419,4211,2, ,2,2,2,2,1,1,1,2,2,2,1,1,10,1,2, , , ,1,40, , , , , , , , , , , ,1, , , , ,1660,70,1,5, , , ,2, ,2, ,2, ,2, ,2, ,2, , , , , , , , , , , , , , ,1,1711,"23,1400741532846",5,1735.0,"533,75",1,1, ,1,4,11,17,6,0,0,170250000201,1702500002010530901,17025000020105309101,1702500002010530910201,202501,1
1,170150,170150,53,2,1,2,1,34,3,10,10,6,1,1, ,9,1, ,2, ,6,1, ,1,2,12,2, , , , , , , , , ,11, ,9, ,3, , , , , , , , , , , , , , , , , , , , , , , , , , , , , , , , , , , , , , ,5, , , , , , , , , , , ,2, ,2, ,2, ,2, ,2, ,2, , , , , , , , , , , , , , ,1,2511,"32,4671146666329",5,0.0,554,9, , , , , ,17,1,0,0,170150213705,1701502137050530201,17015021370505302101,1701502137050530210201,202501,1
1,170150,170150,76,6,1,3,1,34,3,10,10,6,2, ,2,9,4, ,1,30320101,6,1, ,2,2,12,2, , , , , , , , , ,9,52, , , ,1,5,52,8530,4120,2, , , , , , , , , , , , , , , , , , , , , , , , , , , , , , , , ,5, , , , , , , , , , , ,2, ,2, ,2, ,2, ,2, ,2, ,2,2,1,1,1,2,2,2,2,2,2,2,2,3,2511,"16,5922443064222",5,0.0,"266,666666666667",7, ,1, , , ,17,1,0,0,170150163102,1701501631020760612,17015016310207606112,1701501631020760610312,202512,12
1,170150,170150,65,2,1,3,2,31,3,1,10,6,2, ,2,10,2, ,1,50330107,6,1, ,2,1, , , ,24,8, ,4, , , , , , , , , , , , ,8423,4120,1, ,3,2,2,2,1,2,1,2,2,2,1,1,6,1,2, , , ,1,40, , , , , , , , , , , ,1, , , , ,814,86,2, , , , ,2, ,2, ,2, ,2, ,2, ,2, , , , , , , , , , , , , , ,1,2513,"33,9091356028778",5,900.0,"543,571428571429",1,1, ,1,4,15,17,1,0,0,170150222501,1701502225010650204,17015022250106502104,1701502225010650210304,202504,4
1,170150,170150,54,5,1,2,2,30,3,1,5,6,2, ,3,10,2, ,1,51020101,6,1, ,2,2,12,1,4,40, ,1,4, , , , , , , , , , , , ,6512,2411,2, ,2,2,2,2,1,2,1,1,2,1,1,1,8,1,2, , , ,1,40, , , , , , , , , , , ,1, , , , ,1200,90,1,62, , , ,2, ,2, ,1,200,2, ,2, ,2, , , , , , , , , , , , , , ,1,2511,"39,0804379239701",5,1352.0,"416,4",1,1, ,1,2,11,17,1,0,0,170150319406,1701503194060540507,17015031940605405107,1701503194060540510207,202507,7
2,170450,170450,40,6,1,2,2,30,3,3,10,6,2, ,5,6,6, , , ,6,1, ,3,1, , , ,40, ,1,4, , , , , , , , , , , , ,9602,5142,2, ,3,2,2,2,2,2,2,2,2,2,2,2,1,1,1,2,2,1,1,40, , , , , , , , , , , ,3, , , , ,460,0,2, , , , ,2, ,1,70,2, ,2, ,2, ,2, , , , , , , , , , , , , , ,1,1721,"205,55637997018",4,460.0,"552,5",1,1, ,1,5,19,17,6,0,0,170450900902,1704509009020400601,17045090090204006101,1704509009020400610201,202501,1
1,170150,170150,74,2,1,1,1,35,1,1,10,6,2, ,2,8,3, ,1,11010401,3,3,332,3,1, , , ,60, ,1,4, , , , , , , , , , , , ,4630,3322,2, ,3,2,2,2,1,1,1,2,2,2,1,1,7,1,2, , , ,2,40,20,0,4922,8322,6,2,3,1,1,2,3,1, , , , ,540,60,1,5,200,1,40,2, ,2, ,2, ,2, ,2, ,2, , , , , , , , , , , , , , ,1,2511,"26,4691818094022",5,845.0,"448,333333333333",1,1, ,1,3,7,17,1,0,0,170150009501,1701500095010740210,17015000950107402110,1701500095010740210110,202510,10
1,170150,170150,65,4,1,2,2,30,3,1,10,6,2, ,5,5,7,1, , ,2,1, ,1,1, , , ,30,1, ,2,1,10,7, , , , , , , , , ,9700,9111,10, ,2,1,2,2,1,2,1,2,2,2,1,1,10,8,1,1, , ,1,30, , , , , , , , , , , ,1, , , , ,230,25,1,70, , , ,2, ,2, ,2, ,2, ,2, ,2, , , , , , , , , , , , , , ,1,2513,"40,1970956192218",3,325.0,"168,571428571429",2,1, ,3,9,20,17,1,0,0,170150036903,1701500369030650407,17015003690306504107,1701500369030650410207,202507,7
1,170150,170150,56,5,1,1,1,32,1,2,10,5,2, ,3,9,4, ,1,30310401,6,1, ,1,1, , , ,40, ,1,4, , , , , , , , , , , , ,4510,3322,6,2, , , , , , , , , , , , ,8,6,1,1,3,1,1,40, , , , , , , , , , , ,2,1000,2, ,0, , , , , , , ,2, ,2, ,2, ,2, ,2, ,2, , , , , , , , , , , , , , ,1,2511,"27,0594091639272",5,1000.0,"333,333333333333",1,1, ,1,3,7,17,1,0,0,170150040502,1701500405020560502,17015004050205605102,1701500405020560510102,202502,2
1,170150,170150,54,1,1,2,1,30,2,10,10,5,2, ,2,10,2, ,1,50310403,6,1, ,2,1, , , ,60, ,1,4, , , , , , , , , , , , ,8690,2634,6,2, , , , , , , , , , , , ,4,8,1,1,2,1,2,40,20,0,8530,2310,6,2,8,1,1,2,1,5,1450,2, ,0, , , , ,1000,2, ,2, ,2, ,2, ,2, ,2, ,2, , , , , , , , , , , , , , ,1,2512,"38,6994917371009",5,2450.0,"816,666666666667",1,1, ,1,2,17,17,1,0,0,170150380905,1701503809050540107,17015038090505401107,1701503809050540110207,202507,7
1,170150,170150,51,1,1,1,2,34,1,4,10,6,1,6, ,8,1, ,2, ,6,1, ,1,1, , , ,40, ,1,4, , , , , , , , , , , , ,8423,5412,1, ,1,2,2,2,1,2,1,2,2,1,1,1,13,1,2, , , ,1,40, , , , , , , , , , , ,4, , , , ,350,450,1,30, , , ,2, ,2, ,1,280,2, ,2, ,2, , , , , , , , , , , , , , ,1,2512,"72,6209867970021",5,830.0,555,1,1, ,1,5,15,17,1,0,0,170150377203,1701503772030510103,17015037720305101103,1701503772030510110103,202503,3
1,170150,170150,76,2,1,1,2,31,1,1,10,6,2, ,5,6,6, , , ,6,2,210450,1,1, , , ,40, ,1,4, , , , , , , , , , , , ,8121,9112,2, ,2,2,2,2,1,1,1,2,2,1,1,1,6,1,2, , , ,1,40, , , , , , , , , , , ,1, , , , ,470,40,1,15, , , ,2, ,2, ,2, ,2, ,2, ,2, , , , , , , , , , , , , , ,1,2513,"29,711367203649",4,525.0,"262,5",1,1, ,1,9,14,17,1,0,0,170150380801,1701503808010760212,17015038080107602112,1701503808010760210112,202512,12
1,170150,170150,68,10,1,4,1,30,3,10,10,6,2, ,5,7,3, , , ,6,1, ,4,1, , , ,20,1, ,2,1,20,1,4, , , , , , , , ,8810,5322,6,2, , , , , , , , , , , , ,2,8,1,1,3,2,1,20, , , , , , , , , , , ,5,480,2, ,40, , , , , , , ,2, ,2, ,2, ,2, ,2, ,2, , , , , , , , , , , , , , ,1,2512,"25,4301437386033",4,440.0,265,2,1, ,2,5,17,17,1,0,0,170150300502,1701503005020681007,17015030050206810107,1701503005020681010407,202507,7
1,170150,170150,55,1,1,1,2,31,1,10,10,6,2, ,2,9,4, ,1,30230101,6,3,862,1,1, , , ,40, ,1,4, , , , , , , , , , , , ,7490,2643,6,2, , , , , , , , , , , , ,9,9,1,1,2,1,2,25,15,0,8620,4419,6,2,8,1,1,2,1,5,500,2, ,0, , , , ,400,2, ,2, ,2, ,2, ,2, ,2, ,2, , , , , , , , , , , , , , ,1,2511,"36,1819476924581",5,900.0,450,1,1, ,1,2,13,17,1,0,0,170150147805,1701501478050550111,17015014780505501111,1701501478050550110111,202511,11
1,170150,170150,59,4,1,3,2,32,3,1,10,6,2, ,2,10,2, ,1,50410201,6,1, ,3,1, , , ,40, ,1,4, , , , , , , , , , , , ,8411,2413,1, ,1,2,2,1,1,2,1,2,2,2,1,1,10,1,2, , , ,1,40, , , , , , , , , , , ,1, , , , ,2000,220,1,30, , , ,2, ,2, ,2, ,2, ,2, ,2, , , , , , , , , , , , , , ,1,2512,"47,9497061914623",5,2250.0,950,1,1, ,1,2,15,17,1,0,0,170150237001,1701502370010590406,17015023700105904106,1701502370010590410306,202506,6
1,170150,170150,63,1,1,1,1,30,1,1,10,5,2, ,5,7,3, , , ,6,1, ,1,1, , , ,60, ,2,4, , , , , , , , , , , , ,8010,5414,2, ,2,2,2,2,1,1,1,2,2,2,1,1,11,1,2, , , ,1,40, , , , , , , , , , , ,1, , , , ,650,95,1,4, , , ,2, ,2, ,2, ,2, ,2, ,2, , , , , , , , , , , , , , ,1,2512,"32,9066482270439",4,749.0,"374,5",1,1, ,1,5,14,17,1,0,0,170150301603,1701503016030630105,17015030160306301105,1701503016030630110105,202505,5
1,170150,170150,62,1,1,3,1,34,3,1,10,6,2, ,2,10,2, ,1,50720501,6,1, ,2,1, , , ,40, ,1,4, , , , , , , , , , , , ,8422,2144,1, ,1,2,2,2,1,1,1,2,2,1,1,1,0,1,2, , , ,1,40, , , , , , , , , , , ,1, , , , ,700,120,1,35, , , ,2, ,2, ,2, ,2, ,2, ,2, , , , , , , , , , , , , , ,1,2511,"46,3947332870035",5,855.0,"628,75",1,1, ,1,2,15,17,1,0,0,170150192902,1701501929020620104,17015019290206201104,1701501929020620110304,202504,4
1,170150,170150,62,5,1,1,2,33,1,1,10,5,2, ,5,9,5, ,1,30410302,6,1, ,1,1, , , ,44, ,1,4, , , , , , , , , , , , ,1061,3322,2, ,2,2,2,2,1,1,1,2,2,2,1,1,2,1,2, , , ,1,44, , , , , , , , , , , ,1, , , , ,720,80,1,5, , , ,2, ,2, ,1,120,2, ,2, ,2, , , , , , , , , , , , , , ,1,2512,"36,8457083870909",5,805.0,"408,333333333333",1,1, ,1,3,3,17,1,0,0,170150342902,1701503429020620504,17015034290206205104,1701503429020620510104,202504,4
1,170155,170155,56,6,1,2,2,30,2,10,10,1,1,6, ,9,3, ,2, ,6,1, ,1,1, , , ,20,1, ,4, , , , , , , , , , , , ,6920,2411,6,2, , , , , , , , , , , , ,8,9,1,1,3,1,1,20, , , , , , , , , , , ,5,200,2, ,30, , , , , , , ,2, ,2, ,2, ,2, ,2, ,2, , , , , , , , , , , , , , ,1,1712,"160,320840322217",5,170.0,"97,5",4,1, ,1,2,13,17,6,0,0,170155027404,1701550274040560605,17015502740405606105,1701550274040560610205,202505,5
1,170150,170150,58,2,1,3,2,35,3,1,10,6,2, ,5,6,6, , , ,6,2,180850,2,1, , , ,40, ,1,4, , , , , , , , , , , , ,9700,9111,10, ,3,1,2,2,1,2,1,2,2,2,1,1,3,8,1,1, , ,1,40, , , , , , , , , , , ,1, , , , ,420,50,1,60, , , ,2, ,2, ,2, ,2, ,2, ,2, , , , , , , , , , , , , , ,1,2512,"305,149221716216",4,530.0,172,1,1, ,3,9,20,17,1,0,0,170150385702,1701503857020580203,17015038570205802103,1701503857020580210303,202503,3
1,170150,170150,74,4,1,3,1,33,3,5,10,1,2, ,2,9,4, ,1,30210104,6,2,10150,3,1, , , ,40, ,1,4, , , , , , , , , , , , ,4791,5244,6,2, , , , , , , , , , , , ,0,9,1,1,2,1,2,25,15,0,7420,3431,6,2,8,1,1,2,1,5,980,1,270,130, , , , ,720,2, ,2, ,2, ,2, ,2, ,2, ,2, , , , , , , , , , , , , , ,1,2512,"22,05130258769",5,1840.0,954,1,1, ,1,5,7,17,1,0,0,170150355910,1701503559100740410,17015035591007404110,1701503559100740410310,202510,10
2,170184,170184,68,1,1,1,1,34,1,10,10,1,2, ,2,9,5, ,1,30710602,6,1, ,1,1, , , ,40, ,1,4, , , , , , , , , , , , ,4520,2144,2, ,2,2,1,2,2,2,2,2,2,2,2,2,4,1,1,2,2,1,1,40, , , , , , , , , , , ,5, , , , ,470,0,1,120, , , ,2, ,2, ,2, ,2, ,2, ,2, , , , , , , , , , , , , , ,1,1722,"34,8440864358137",5,590.0,"196,666666666667",1,1, ,1,2,7,17,6,0,0,170184905102,1701849051020680107,17018490510206801107,1701849051020680110107,202507,7
1,170150,170150,66,6,1,3,2,33,5,1,10,6,2, ,2,9,5, ,1,30410302,6,1, ,2,1, , , ,32,8, ,4, , , , , , , , , , , , ,8412,3343,1, ,1,2,2,2,1,2,1,2,2,2,1,1,10,1,2, , , ,1,40, , , , , , , , , , , ,1, , , , ,1000,100,2, , , , ,2, ,2, ,2, ,2, ,2, ,2, , , , , , , , , , , , , , ,1,2512,"16,9955003022914",5,1100.0,700,1,1, ,1,3,15,17,1,0,0,170150334403,1701503344030660605,17015033440306606105,1701503344030660610305,202505,5
1,170155,170155,55,7,1,2,1,34,3,10,10,2,2, ,11,6,6, , , ,6,2,170150,1,1, , , ,45, ,1,4, , , , , , , , , , , , ,8541,3422,6,2, , , , , , , , , , , , ,3,6,1,1,3,1,1,45, , , , , , , , , , , ,5,1000,2, ,700, , , , , , , ,2, ,2, ,2, ,2, ,2, ,2, , , , , , , , , , , , , , ,1,1712,"49,381673675696",4,300.0,"642,5",4,1, ,1,3,16,17,6,0,0,170155023512,1701550235120550702,17015502351205507102,1701550235120550710202,202502,2
1,170150,170150,67,8,1,3,2,30,3,10,10,6,1,6, ,9,2, ,2, ,6,1, ,3,2,12,2, , , , , , , , , ,9,1, , , ,2, , , , , , , , , , , , , , , , , , , , , , , , , , , , , , , , , , , , , ,5, , , , , , , , , , , ,2, ,2, ,2, ,2, ,2, ,2, ,2,1,2,1,1,2,2,2,2,2,2,2,8,1,2512,"92,0557506631381",5,0.0,200,7, ,1, , , ,17,1,0,0,170150392005,1701503920050670806,17015039200506708106,1701503920050670810306,202506,6
1,170150,170150,72,7,1,2,2,34,2,1,10,1,2, ,2,9,5, ,1,30330101,6,1, ,1,1, , , ,40, ,1,4, , , , , , , , , , , , ,6910,2611,2, ,2,2,2,2,1,2,1,2,2,2,1,1,8,1,1,3,1,1,1,40, , , , , , , , , , , ,1, , , , ,1000,100,2, , , , ,2, ,2, ,2, ,2, ,2, ,2, , , , , , , , , , , , , , ,1,2512,"28,0424915870124",5,1100.0,600,1,1, ,1,2,13,17,1,0,0,170150239101,1701502391010720711,17015023910107207111,1701502391010720710211,202511,11
1,170150,170150,76,2,1,2,1,30,2,1,10,5,2, ,5,7,3, , , ,2,2,80250,1,1, , , ,60, ,1,4, , , , , , , , , , , , ,8010,5414,2, ,2,2,2,2,1,2,1,2,2,1,1,1,4,1,2, , , ,1,60, , , , , , , , , , , ,1, , , , ,480,60,1,10, , , ,2, ,2, ,2, ,2, ,2, ,2, , , , , , , , , , , , , , ,1,2512,"34,4155947961221",4,550.0,250,1,1, ,1,5,14,17,1,0,0,170150357202,1701503572020760212,17015035720207602112,1701503572020760210212,202512,12
1,170150,170150,68,3,1,1,2,32,1,1,10,2,2, ,11,9,2, ,2, ,6,1, ,1,1, , , ,40, ,1,4, , , , , , , , , , , , ,8291,4214,2, ,2,1,2,1,1,2,1,2,2,2,1,1,3,1,2, , , ,1,40, , , , , , , , , , , ,1, , , , ,585,60,1,70, , , ,2, ,2, ,1,400,2, ,2, ,2, , , , , , , , , , , , , , ,1,2511,"136,182206368006",5,715.0,223,1,1, ,1,4,14,17,1,0,0,170150284101,1701502841010680307,17015028410106803107,1701502841010680310107,202507,7
1,170150,170150,63,8,1,1,1,30,1,10,10,5,2, ,5,7,3, , , ,6,1, ,1,1, , , ,9,3, ,1,1,30,1,4, , , , , , , , ,1622,7115,6,2, , , , , , , , , , , , ,3,6,1,1,3,2,1,20, , , , , , , , , , , ,5,250,2, ,60, , , , , , , ,2, ,2, ,1,150,2, ,2, ,2, , , , , , , , , , , , , , ,1,2512,"44,0191386869424",4,190.0,"113,333333333333",2,1, ,2,7,3,17,1,0,0,170150234001,1701502340010630802,17015023400106308102,1701502340010630810102,202502,2
1,170150,170150,53,3,1,2,1,30,3,1,10,6,2, ,2,9,5, ,1,31020301,6,1, ,1,1, , , ,40, ,1,4, , , , , , , , , , , , ,8530,3343,2, ,2,2,2,2,1,1,1,2,2,2,1,1,3,1,2, , , ,1,40, , , , , , , , , , , ,1, , , , ,1800,100,1,10, , , ,2, ,2, ,2, ,2, ,2, ,2, , , , , , , , , , , , , , ,1,2511,"32,4671146666329",5,1910.0,"636,666666666667",1,1, ,1,3,16,17,1,0,0,170150213705,1701502137050530301,17015021370505303101,1701502137050530310201,202501,1
1,170950,170950,54,1,1,1,2,33,1,10,10,6,2, ,8,6,6, , , ,7,2,230150,1,1, , , ,16,1, ,4, , , , , , , , , , , , ,1071,7512,6,2, , , , , , , , , , , , ,2,9,1,1,3,2,1,16, , , , , , , , , , , ,5,60,2, ,20, , , , , , , ,2, ,2, ,1,100,2, ,2, ,2, , , , , , , , , , , , , , ,1,1711,"225,934129704792",4,40.0,76,4,1, ,2,7,3,17,6,1,0,170950001102,1709500011020540104,17095000110205401104,1709500011020540110104,202504,4
1,170150,170150,74,7,1,1,1,35,1,10,10,5,2, ,5,6,6, , , ,6,1, ,2,1, , , ,40, ,1,4, , , , , , , , , , , , ,4711,4321,2, ,2,2,2,2,2,2,2,2,2,2,2,2,0,1,1,20,1,1,1,40, , , , , , , , , , , ,5, , , , ,470,0,2, , , , ,2, ,2, ,2, ,2, ,2, ,2, , , , , , , , , , , , , , ,1,2512,"21,8921384853607",4,470.0,375,1,1, ,1,4,7,17,1,0,0,170150106301,1701501063010740710,17015010630107407110,1701501063010740710110,202510,10
1,170150,170150,53,7,1,1,1,30,1,1,10,6,2, ,2,9,5, ,1,30710301,6,1, ,1,1, , , ,24,8, ,4, , , , , , , , , , , , ,4659,3322,2, ,2,2,2,2,1,1,1,2,2,1,1,1,1,1,1,40,1,1,1,40, , , , , , , , , , , ,1, , , , ,1000,92,1,60, , , ,2, ,2, ,2, ,2, ,2, ,2, , , , , , , , , , , , , , ,1,2512,"22,6059255581038",5,1152.0,1152,1,1, ,1,3,7,17,1,0,0,170150109203,1701501092030530704,17015010920305307104,1701501092030530710104,202504,4
1,170150,170150,51,8,1,3,1,30,7,10,10,6,2, ,2,9,4, ,1,30210102,6,1, ,3,1, , , ,30,1, ,4, , , , , , , , , , , , ,5911,2654,6,2, , , , , , , , , , , , ,5,9,1,1,2,1,1,30, , , , , , , , , , , ,5,400,2, ,30, , , , , , , ,2, ,2, ,2, ,2, ,2, ,2, , , , , , , , , , , , , , ,1,2511,"35,1597863388985",5,370.0,930,4,1, ,1,2,10,17,1,0,0,170150196502,1701501965020510803,17015019650205108103,1701501965020510810303,202503,3
1,170150,170150,40,6,1,1,1,35,1,1,5,1,2, ,2,9,5, ,1,30610401,6,2,180150,1,1, , , ,40, ,1,4, , , , , , , , , , , , ,8610,2511,2, ,2,1,2,2,1,1,1,2,2,2,1,1,8,1,2, , , ,1,40, , , , , , , , , , , ,1, , , , ,2500,100,1,70, , , ,2, ,2, ,2, ,2, ,2, ,2, , , , , , , , , , , , , , ,1,2512,"25,0171379876682",5,2670.0,"1206,66666666667",1,1, ,1,2,17,17,1,0,0,170150380905,1701503809050400601,17015038090504006101,1701503809050400610101,202501,1
1,170150,170150,57,5,1,1,1,35,1,1,10,1,2, ,5,6,6, , , ,6,1, ,1,1, , , ,40, ,1,1,1,10,7, , , , , , , , , ,9522,7412,2, ,2,2,2,2,1,2,1,2,2,2,1,1,14,1,1,6,1,1,1,40, , , , , , , , , , , ,1, , , , ,500,46,2, , , , ,2, ,2, ,2, ,2, ,2, ,2, , , , , , , , , , , , , , ,1,2512,"53,3607202921793",4,546.0,407,1,1, ,1,7,19,17,1,0,0,170150076507,1701500765070570505,17015007650705705105,1701500765070570510105,202505,5
1,170150,170150,66,7,1,1,1,35,1,1,10,5,2, ,3,9,5, ,2, ,6,2,170350,2,1, , , ,40, ,1,4, , , , , , , , , , , , ,4649,4321,2, ,2,1,2,2,1,1,1,2,2,2,1,1,3,1,1,50,1,1,1,40, , , , , , , , , , , ,1, , , , ,600,60,1,70, , , ,2, ,2, ,2, ,2, ,2, ,2, , , , , , , , , , , , , , ,1,2512,"36,880405253818",5,730.0,600,1,1, ,1,4,7,17,1,0,0,170150221801,1701502218010660708,17015022180106607108,1701502218010660710108,202508,8
1,170150,170150,56,1,1,4,1,31,3,10,10,6,2, ,2,9,5, ,1,30730301,6,1, ,3,1, , , ,48, ,1,4, , , , , , , , , , , , ,7110,2161,6,2, , , , , , , , , , , , ,5,8,1,1,2,1,1,48, , , , , , , , , , , ,5,1500,2, ,200, , , , , , , ,2, ,2, ,2, ,2, ,2, ,2, , , , , , , , , , , , , , ,1,2511,"108,557351614757",5,1300.0,"1047,6",1,1, ,1,2,13,17,1,0,0,170150217703,1701502177030560105,17015021770305601105,1701502177030560110405,202505,5
1,170150,170150,65,2,1,1,1,33,1,10,10,5,2, ,5,6,4, , , ,6,1, ,2,1, , , ,40, ,1,4, , , , , , , , , , , , ,4322,7126,6,2, , , , , , , , , , , , ,10,8,1,1,3,2,1,40, , , , , , , , , , , ,5,400,2, ,0, , , , , , , ,2, ,2, ,2, ,2, ,2, ,2, , , , , , , , , , , , , , ,1,2512,"132,987381085282",4,400.0,100,4,1, ,2,7,6,17,1,0,0,170150151908,1701501519080650207,17015015190806502107,1701501519080650210107,202507,7
1,170150,170150,68,3,1,2,2,33,3,1,10,6,2, ,5,6,6, , , ,6,1, ,1,1, , , ,40, ,1,4, , , , , , , , , , , , ,6512,3321,2, ,2,2,2,2,1,2,1,2,2,1,1,1,5,1,1,20,1,1,1,40, , , , , , , , , , , ,1, , , , ,500,80,1,6, , , ,2, ,2, ,1,130,2, ,2, ,2, , , , , , , , , , , , , , ,1,2511,"35,0302404752232",4,586.0,"306,5",1,1, ,1,3,11,17,1,0,0,170150308402,1701503084020680310,17015030840206803110,1701503084020680310210,202510,10
1,170150,170150,65,4,1,2,2,31,2,10,10,5,2, ,3,6,6, , , ,6,2,50250,2,2,12,2, , , , , , , , , ,11, ,9, ,4, , , , , , , , , , , , , , , , , , , , , , , , , , , , , , , , , , , , , , ,5, , , , , , , , , , , ,2, ,2, ,2, ,2, ,2, ,2, , , , , , , , , , , , , , ,1,2512,"32,7588307119171",4,0.0,121,9, , , , , ,17,1,0,0,170150060701,1701500607010650404,17015006070106504104,1701500607010650410204,202504,4
1,170150,170150,65,2,1,3,2,32,3,1,10,6,2, ,2,10,2, ,1,50330107,4,1, ,2,1, , , ,40, ,1,4, , , , , , , , , , , , ,8423,3411,1, ,3,2,2,2,1,2,1,2,2,1,1,1,7,1,2, , , ,1,40, , , , , , , , , , , ,1, , , , ,817,90,1,30, , , ,2, ,2, ,2, ,2, ,2, ,2, , , , , , , , , , , , , , ,1,2513,"38,7672278454592",5,937.0,551,1,1, ,1,3,15,17,1,0,0,170150222501,1701502225010650207,17015022250106502107,1701502225010650210307,202507,7
1,170150,170150,55,5,1,2,2,34,2,1,10,5,2, ,5,6,6, , , ,6,3,862,1,1, , , ,40, ,1,4, , , , , , , , , , , , ,8020,3521,2, ,2,2,2,2,1,1,1,2,2,2,1,1,0,1,2, , , ,1,40, , , , , , , , , , , ,1, , , , ,600,60,1,10, , , ,2, ,2, ,2, ,2, ,2, ,2, , , , , , , , , , , , , , ,1,2512,"88,1880275455574",4,670.0,335,1,1, ,1,3,14,17,1,0,0,170150231801,1701502318010550511,17015023180105505111,1701502318010550510211,202511,11
2,170156,170156,52,1,1,1,2,34,1,10,10,6,2, ,3,6,6, , , ,6,1, ,1,2,12,2, , , , , , , , , ,9,12, , , ,1,5,24,9700,9111,10, , , , , , , , , , , , , , , , , , , , , , , , , , , , , , , , ,5, , , , , , , , , , , ,2, ,1,240,2, ,2, ,2, ,2, ,2,2,2,1,1,2,2,2,2,2,2,2,2,1,1723,"55,2617625536295",4,0.0,120,7, ,1, , , ,17,6,0,0,170156900902,1701569009020520101,17015690090205201101,1701569009020520110101,202501,1
1,170150,170150,62,1,1,2,1,34,2,1,10,1,2, ,5,10,1, ,1,50410301,6,1, ,1,1, , , ,40, ,1,4, , , , , , , , , , , , ,9101,2412,1, ,3,2,2,2,1,2,1,2,2,2,1,1,10,1,2, , , ,1,40, , , , , , , , , , , ,1, , , , ,1480,120,2, , , , ,2, ,2, ,2, ,2, ,2, ,2, , , , , , , , , , , , , , ,1,2512,"22,1413235311423",5,1600.0,1500,1,1, ,1,2,18,17,1,0,0,170150086401,1701500864010620101,17015008640106201101,1701500864010620110201,202501,1
1,170150,170150,53,4,1,1,1,33,1,10,10,6,2, ,2,8,3, ,1,20910301,6,1, ,1,1, , , ,50, ,4,4, , , , , , , , , , , , ,4771,5221,6,2, , , , , , , , , , , , ,3,6,1,1,2,1,1,50, , , , , , , , , , , ,5,860,2, ,350, , , , , , , ,2, ,2, ,1,150,2, ,2, ,2, , , , , , , , , , , , , , ,1,2512,"27,9262027500659",5,510.0,660,1,1, ,1,5,7,17,1,0,0,170150348402,1701503484020530404,17015034840205304104,1701503484020530410104,202504,4
1,170150,170150,75,3,1,1,1,33,1,10,10,5,2, ,11,6,6, , , ,6,1, ,2,2,12,2, , , , , , , , , ,8,52, , , ,1,3,52,5610,8321,2, , , , , , , , , , , , , , , , , , , , , , , , , , , , , , , , ,5, , , , , , , , , , , ,2, ,2, ,2, ,2, ,2, ,2, ,2,2,1,1,1,2,2,2,2,2,2,2,3,1,2512,"49,1728046380453",4,0.0,147,7, ,1, , , ,17,1,0,0,170150084701,1701500847010750311,17015008470107503111,1701500847010750310111,202511,11
1,170150,170150,70,5,1,5,2,30,4,10,10,1,2, ,2,9,5, ,1,30320101,6,2,100552,1,2,12,2, , , , , , , , , ,11, ,9, ,4, , , , , , , , , , , , , , , , , , , , , , , , , , , , , , , , , , , , , , ,5, , , , , , , , , , , ,2, ,2, ,2, ,2, ,2, ,2, , , , , , , , , , , , , , ,1,2511,"27,5227016042649",5,0.0,"648,571428571429",9, , , , , ,17,1,0,0,170150017801,1701500178010700512,17015001780107005112,1701500178010700510512,202512,12
1,170163,170163,64,5,1,2,2,30,2,10,10,5,2, ,3,7,3, , , ,6,1, ,1,1, , , ,20,1, ,2,1,20,7, , , , , , , , , ,9700,9111,10, ,3,1,2,2,2,2,2,2,2,2,2,2,0,8,1,1, , ,1,20, , , , , , , , , , , ,5, , , , ,235,0,1,30, , , ,2, ,2, ,2, ,2, ,2, ,2, , , , , , , , , , , , , , ,1,1711,"105,647781153623",4,265.0,"218,333333333333",2,1, ,3,9,20,17,6,0,0,170163076603,1701630766030640506,17016307660306405106,1701630766030640510206,202506,6
1,170155,170155,73,4,1,1,2,35,1,1,10,2,2, ,5,6,6, , , ,6,2,121150,3,1, , , ,40, ,1,4, , , , , , , , , , , , ,5610,5120,2, ,2,1,2,2,1,2,1,2,2,2,1,1,2,1,1,15,1,1,1,40, , , , , , , , , , , ,1, , , , ,940,43,1,70, , , ,2, ,2, ,1,60,2, ,2, ,2, , , , , , , , , , , , , , ,1,1712,"20,4252289036173",4,1053.0,371,1,1, ,1,5,9,17,6,0,0,170155038001,1701550380010730409,17015503800107304109,1701550380010730410109,202509,9
1,170150,170150,66,2,1,3,2,33,3,1,10,6,2, ,11,9,3, ,2, ,6,1, ,1,1, , , ,40, ,1,4, , , , , , , , , , , , ,6419,4416,2, ,2,2,2,2,1,1,1,2,2,1,1,1,2,1,1,28,1,1,1,40, , , , , , , , , , , ,1, , , , ,470,45,1,67, , , ,2, ,2, ,2, ,2, ,2, ,2, , , , , , , , , , , , , , ,1,2511,"29,7649196782584",5,582.0,"260,5",1,1, ,1,4,11,17,1,0,0,170150173101,1701501731010660208,17015017310106602108,1701501731010660210308,202508,8
1,170150,170150,55,1,1,2,1,33,3,2,10,6,2, ,2,9,4, ,1,30320101,6,1, ,1,2,12,2, , , , , , , , , ,11, ,9, ,6, , , , , , , , , , , , , , , , , , , , , , , , , , , , , , , , , , , , , , ,2, , , , , , , , , , , ,2, ,2, ,2, ,2, ,2, ,2, , , , , , , , , , , , , , ,1,2511,"27,3289545920356",5,0.0,"166,666666666667",9, , , , , ,17,1,0,0,170150011701,1701500117010550102,17015001170105501102,1701500117010550110202,202502,2
2,170255,170255,57,1,1,2,1,34,3,1,10,6,2, ,5,6,6, , , ,6,1, ,1,2,12,1,1,60, ,1,4, , , , , , , , , , , , ,8010,5414,2, ,2,2,2,2,1,1,1,2,2,1,1,1,4,1,2, , , ,1,60, , , , , , , , , , , ,1, , , , ,500,45,1,75, , , ,2, ,2, ,2, ,2, ,2, ,2, , , , , , , , , , , , , , ,1,1722,"81,6101401601663",4,620.0,340,1,1, ,1,5,14,17,6,0,0,170255901102,1702559011020570105,17025590110205701105,1702559011020570110205,202505,5
1,170150,170150,55,7,1,3,1,30,3,10,10,6,2, ,2,9,4, ,1,31010301,6,1, ,1,1, , , ,52, ,1,4, , , , , , , , , , , , ,4772,5223,2, ,3,2,2,2,2,2,2,2,2,2,2,2,0,1,1,20,1,1,1,52, , , , , , , , , , , ,5, , , , ,470,0,2, , , , ,2, ,2, ,2, ,2, ,2, ,2, , , , , , , , , , , , , , ,1,2512,"17,4383666506276",5,470.0,"352,5",1,1, ,1,5,7,17,1,0,0,170150033902,1701500339020550711,17015003390205507111,1701500339020550710311,202511,11
1,170150,170150,60,9,1,1,2,30,1,1,10,6,2, ,2,8,3, ,1,20410702,6,1, ,1,1, , , ,40, ,1,4, , , , , , , , , , , , ,4719,2359,2, ,2,2,2,1,1,1,1,2,2,1,1,1,5,1,2, , , ,1,40, , , , , , , , , , , ,1, , , , ,1070,60,1,56, , , ,2, ,2, ,2, ,2, ,2, ,2, , , , , , , , , , , , , , ,1,2513,"36,7770030905056",5,1186.0,595,1,1, ,1,2,7,17,1,0,0,170150329902,1701503299020600909,17015032990206009109,1701503299020600910109,202509,9
1,170550,170550,62,1,1,2,2,31,2,1,10,1,2, ,5,9,3, ,2, ,6,1, ,1,1, , , ,16,8, ,4, , , , , , , , , , , , ,4649,4311,2, ,2,2,2,2,1,2,1,2,2,2,1,1,10,1,1,7,1,1,1,40, , , , , , , , , , , ,1, , , , ,860,60,2, , , , ,2, ,2, ,2, ,2, ,2, ,2, , , , , , , , , , , , , , ,1,1713,"190,849050809674",5,920.0,"557,5",1,1, ,1,4,7,17,6,0,0,170550029603,1705500296030620101,17055002960306201101,1705500296030620110201,202501,1
1,170156,170156,62,4,1,2,1,34,3,10,10,2,2, ,3,6,5, , , ,6,1, ,1,2,12,2, , , , , , , , , ,9,12, , , ,1,5,12,2511,7222,2, , , , , , , , , , , , , , , , , , , , , , , , , , , , , , , , ,5, , , , , , , , , , , ,2, ,2, ,2, ,2, ,2, ,2, ,2,2,1,1,1,2,2,2,2,2,2,2,2,1,1712,"72,2635133589943",4,0.0,"310,571428571429",7, ,1, , , ,17,6,0,0,170156063702,1701560637020620401,17015606370206204101,1701560637020620410201,202501,1
1,170156,170156,76,6,1,3,1,30,3,10,10,6,2, ,2,9,4, ,1,31010201,6,1, ,2,1, , , ,40, ,1,4, , , , , , , , , , , , ,5610,3434,6,2, , , , , , , , , , , , ,4,8,1,1,1,1,1,40, , , , , , , , , , , ,5,1000,2, ,0, , , , , , , ,2, ,2, ,2, ,2, ,2, ,2, , , , , , , , , , , , , , ,1,1712,"78,6494546662919",5,1000.0,865,1,1, ,1,3,9,17,6,0,0,170156064103,1701560641030760612,17015606410307606112,1701560641030760610312,202512,12
1,170150,170150,65,8,1,1,1,34,1,1,10,5,1,6, ,9,1, ,2, ,6,1, ,2,1, , , ,40, ,1,4, , , , , , , , , , , , ,8413,3514,1, ,1,2,2,2,1,2,1,2,2,2,1,1,8,1,2, , , ,1,40, , , , , , , , , , , ,1, , , , ,650,78,2, , , , ,2, ,2, ,2, ,2, ,2, ,2, , , , , , , , , , , , , , ,1,2511,"30,920050141797",5,728.0,"549,666666666667",1,1, ,1,3,15,17,1,0,0,170150120901,1701501209010650804,17015012090106508104,1701501209010650810104,202504,4
1,170353,170353,67,6,1,1,2,34,1,10,10,5,2, ,8,4,6,1, , ,1,1, ,1,2,12,2, , , , , , , , , ,11, ,9, ,4, , , , , , , , , , , , , , , , , , , , , , , , , , , , , , , , , , , , , , ,5, , , , , , , , , , , ,2, ,2, ,2, ,2, ,2, ,2, , , , , , , , , , , , , , ,1,1711,"49,7004477649217",3,0.0,"66,6666666666667",9, , , , , ,17,6,1,0,170353018604,1703530186040670609,17035301860406706109,1703530186040670610109,202509,9
1,170150,170150,70,2,1,2,2,33,2,1,10,1,2, ,2,9,5, ,1,30410102,6,1, ,1,1, , , ,40, ,1,4, , , , , , , , , , , , ,6511,2411,2, ,2,2,2,2,1,1,1,2,2,2,1,1,3,1,1,30,1,1,1,40, , , , , , , , , , , ,1, , , , ,890,60,1,10, , , ,2, ,2, ,2, ,2, ,2, ,2, , , , , , , , , , , , , , ,1,2511,"108,811146841972",5,960.0,665,1,1, ,1,2,11,17,1,0,0,170150397202,1701503972020700212,17015039720207002112,1701503972020700210212,202512,12
1,170150,170150,74,5,1,4,2,30,7,1,10,6,2, ,2,9,4, ,1,30110501,6,1, ,1,1, , , ,40, ,1,4, , , , , , , , , , , , ,8521,2341,2, ,2,2,2,2,1,1,1,2,2,1,1,1,4,1,1,30,1,1,1,40, , , , , , , , , , , ,1, , , , ,520,45,1,30, , , ,2, ,2, ,2, ,2, ,2, ,2, , , , , , , , , , , , , , ,1,2512,"81,121149660049",5,595.0,"217,4",1,1, ,1,2,16,17,1,0,0,170150156902,1701501569020740510,17015015690207405110,1701501569020740510410,202510,10
1,170156,170156,73,2,1,2,2,33,3,1,10,6,2, ,2,9,4, ,1,30910407,6,1, ,1,1, , , ,40, ,1,4, , , , , , , , , , , , ,8690,3212,2, ,2,2,2,2,1,2,1,2,2,2,1,1,2,1,2, , , ,1,40, , , , , , , , , , , ,1, , , , ,600,60,2, , , , ,2, ,1,200,2, ,2, ,2, ,2, , , , , , , , , , , , , , ,1,1712,"169,623008563005",5,660.0,420,1,1, ,1,3,17,17,6,0,0,170156064101,1701560641010730212,17015606410107302112,1701560641010730210212,202512,12
1,170150,170150,65,7,1,2,2,34,3,1,10,1,2, ,2,10,2, ,1,50320105,6,1, ,1,1, , , ,40, ,1,4, , , , , , , , , , , , ,8530,2310,2, ,2,2,2,2,1,2,1,2,2,2,1,1,10,1,2, , , ,1,40, , , , , , , , , , , ,1, , , , ,880,120,2, , , , ,2, ,2, ,2, ,2, ,2, ,2, , , , , , , , , , , , , , ,1,2511,"13,415834748013",5,1000.0,480,1,1, ,1,2,16,17,1,0,0,170150043803,1701500438030650707,17015004380306507107,1701500438030650710207,202507,7
1,170150,170150,54,2,1,1,1,32,1,1,5,1,2, ,5,6,6, , , ,6,1, ,1,1, , , ,40, ,1,4, , , , , , , , , , , , ,6512,4225,2, ,2,2,2,2,1,1,1,1,2,1,1,1,3,1,2, , , ,1,40, , , , , , , , , , , ,1, , , , ,900,100,1,70, , , ,2, ,2, ,2, ,2, ,2, ,2, , , , , , , , , , , , , , ,1,2512,"48,1908080132568",4,1070.0,"833,333333333333",1,1, ,1,4,11,17,1,0,0,170150380905,1701503809050540204,17015038090505402104,1701503809050540210104,202504,4
1,170150,170150,65,5,1,3,1,30,3,10,10,6,1,1, ,9,4, ,2, ,6,1, ,3,2,12,2, , , , , , , , , ,11, ,9, ,3, , , , , , , , , , , , , , , , , , , , , , , , , , , , , , , , , , , , , , ,5, , , , , , , , , , , ,2, ,2, ,1,470,2, ,2, ,2, , , , , , , , , , , , , , ,1,2512,"36,2239927065617",5,0.0,"241,666666666667",9, , , , , ,17,1,0,0,170150334202,1701503342020650507,17015033420206505107,1701503342020650510307,202507,7
1,170150,170150,54,1,1,3,2,32,3,10,10,6,2, ,11,9,5, ,2, ,6,1, ,2,1, , , ,10,1, ,3,1,30,1,4, , , , , , , , ,8549,2359,2, ,3,2,2,2,2,2,2,2,2,2,2,2,0,1,1,2,3,2,1,10, , , , , , , , , , , ,5, , , , ,60,0,2, , , , ,2, ,2, ,2, ,2, ,2, ,2, , , , , , , , , , , , , , ,1,2513,"31,5619245198004",5,60.0,"170,666666666667",2,1, ,2,2,16,17,1,0,0,170150148401,1701501484010540104,17015014840105401104,1701501484010540110304,202504,4
1,170150,170150,69,2,1,2,1,30,3,4,10,3,2, ,11,7,3, , , ,6,1, ,1,1, , , ,40, ,1,4, , , , , , , , , , , , ,8422,110,1, ,1,2,2,2,1,1,1,2,2,1,1,1,9,1,2, , , ,1,40, , , , , , , , , , , ,4, , , , ,1000,100,1,67, , , ,2, ,2, ,2, ,2, ,2, ,2, , , , , , , , , , , , , , ,1,2511,"56,1010308612608",4,1167.0,841,1,1, ,1,10,15,17,1,0,0,170150199201,1701501992010690208,17015019920106902108,1701501992010690210208,202508,8
1,170150,170150,66,10,1,2,2,33,2,10,10,5,2, ,5,6,3, , , ,5,2,131150,2,1, , , ,20,1, ,4, , , , , , , , , , , , ,4791,5244,6,2, , , , , , , , , , , , ,5,9,1,1,2,2,1,20, , , , , , , , , , , ,5,200,2, ,100, , , , , , , ,2, ,2, ,2, ,2, ,1,55,2, , , , , , , , , , , , , , ,1,2512,"128,636177402409",3,100.0,462,4,1, ,2,5,7,17,1,0,0,170150330901,1701503309010661005,17015033090106610105,1701503309010661010205,202505,5
1,170150,170150,71,1,1,3,1,35,3,1,10,6,2, ,5,6,6, , , ,6,1, ,1,1, , , ,60, ,1,4, , , , , , , , , , , , ,1313,3118,5,2, , , , , , , , , , , , ,10,6,1,4,2,1,1,60, , , , , , , , , , , ,1,1500,2, ,1000, , , , , , , ,2, ,2, ,2, ,2, ,2, ,2, , , , , , , , , , , , , , ,1,2512,"39,7371080956977",4,500.0,250,1,1, ,1,3,3,17,1,0,0,170150130705,1701501307050710107,17015013070507101107,1701501307050710110307,202507,7
2,170150,170150,56,2,1,1,1,34,1,1,5,1,2, ,5,8,3, ,1,20410304,6,1, ,2,1, , , ,48, ,2,4, , , , , , , , , , , , ,4711,9334,2, ,2,1,2,2,1,2,1,1,2,1,1,1,5,1,2, , , ,1,40, , , , , , , , , , , ,1, , , , ,600,80,1,110, , , ,2, ,2, ,2, ,2, ,2, ,2, , , , , , , , , , , , , , ,1,1723,"20,0978553478076",5,790.0,430,1,1, ,1,9,7,17,6,0,0,170150901903,1701509019030560202,17015090190305602102,1701509019030560210102,202502,2
1,170156,170156,73,1,1,4,2,31,3,10,10,6,2, ,2,9,5, ,1,30810105,6,1, ,4,1, , , ,40, ,1,4, , , , , , , , , , , , ,7120,2141,6,2, , , , , , , , , , , , ,1,8,1,1,1,1,1,40, , , , , , , , , , , ,5,600,2, ,100, , , , , , , ,2, ,2, ,2, ,2, ,2, ,2, , , , , , , , , , , , , , ,1,1712,"169,623008563005",5,500.0,692,1,1, ,1,2,13,17,6,0,0,170156064101,1701560641010730112,17015606410107301112,1701560641010730110412,202512,12
1,170950,170950,75,4,1,1,1,32,1,10,10,1,2, ,11,6,6, , , ,6,2,80450,2,1, , , ,40, ,1,4, , , , , , , , , , , , ,4711,5221,6,2, , , , , , , , , , , , ,3,9,1,2,2,1,1,40, , , , , , , , , , , ,5,680,2, ,200, , , , , , , ,2, ,2, ,2, ,2, ,2, ,2, , , , , , , , , , , , , , ,1,1711,"64,5322262089134",4,480.0,160,1,1, ,1,5,7,17,6,0,0,170950001305,1709500013050750411,17095000130507504111,1709500013050750410111,202511,11
1,170185,170185,72,5,1,2,2,35,2,10,10,1,2, ,11,4,6,1, , ,6,1, ,1,2,12,2, , , , , , , , , ,11, ,9, ,4, , , , , , , , , , , , , , , , , , , , , , , , , , , , , , , , , , , , , , ,5, , , , , , , , , , , ,2, ,2, ,2, ,2, ,2, ,2, , , , , , , , , , , , , , ,1,1711,"105,213591612716",3,0.0,161,9, , , , , ,17,6,0,0,170185104904,1701851049040720508,17018510490407205108,1701851049040720510208,202508,8
1,170150,170150,62,2,1,2,2,34,2,4,10,1,2, ,2,9,5, ,1,30710201,6,2,160150,1,1, , , ,50, ,1,4, , , , , , , , , , , , ,5629,5120,5,2, , , , , , , , , , , , ,3,6,1,2,3,1,1,50, , , , , , , , , , , ,5,1500,2, ,1000, , , , , , , ,2, ,2, ,2, ,2, ,2, ,2, , , , , , , , , , , , , , ,1,2512,"187,360696543737",5,500.0,"725,75",1,1, ,1,5,9,17,1,0,0,170150305301,1701503053010620201,17015030530106202101,1701503053010620210201,202501,1
2,170751,170751,53,1,1,4,1,34,4,10,10,5,2, ,5,6,6, , , ,6,2,130850,1,1, , , ,24,1, ,1,1,24,6,4, , , , , , , , ,9319,3422,6,2, , , , , , , , , , , , ,1,6,1,1,3,2,1,24, , , , , , , , , , , ,5,225,2, ,0, , , , , , , ,2, ,2, ,2, ,2, ,2, ,2, , , , , , , , , , , , , , ,1,1723,"34,8152512054014",4,225.0,"154,166666666667",2,1, ,2,3,18,17,6,0,0,170751000205,1707510002050530104,17075100020505301104,1707510002050530110404,202504,4
1,170150,170150,53,4,1,2,2,30,7,1,10,6,1,6, ,10,1, ,1,30910101,6,1, ,2,1, , , ,40, ,1,4, , , , , , , , , , , , ,8620,2261,6,2, , , , , , , , , , , , ,6,8,1,1,3,1,1,40, , , , , , , , , , , ,1,1000,2, ,0, , , , , , , ,2, ,2, ,2, ,2, ,2, ,2, , , , , , , , , , , , , , ,1,2511,"36,6732040330408",5,1000.0,"1216,66666666667",1,1, ,1,2,17,17,1,0,0,170150161502,1701501615020530404,17015016150205304104,1701501615020530410204,202504,4
1,170150,170150,64,6,1,2,2,34,2,10,10,1,2, ,8,1, ,2, , ,1,2,50458,2,2,12,2, , , , , , , , , ,11, ,9, ,4, , , , , , , , , , , , , , , , , , , , , , , , , , , , , , , , , , , , , , ,5, , , , , , , , , , , ,2, ,2, ,2, ,2, ,1,55,2, , , , , , , , , , , , , , ,1,2513,"15,4696419655236",1,0.0,"74,1666666666667",9, , , , , ,17,1,1,0,170150108602,1701501086020640606,17015010860206406106,1701501086020640610206,202506,6
1,170150,170150,52,2,1,1,1,35,1,1,10,6,2, ,2,10,2, ,1,51020202,5,2,90150,1,1, , , ,44, ,1,2,1,20,1,4, , , , , , , , ,8412,2211,1, ,3,2,2,2,1,1,1,2,2,2,1,1,9,1,2, , , ,2,40,4,0,8530,2310,6,2,8,1,1,3,1,1, , , , ,1800,300,1,15,0,2, ,2, ,2, ,2, ,2, ,2, ,2, , , , , , , , , , , , , , ,1,2511,"25,6573428446197",5,2115.0,"1057,5",1,1, ,1,2,15,17,1,0,0,170150168903,1701501689030520210,17015016890305202110,1701501689030520210110,202510,10
1,170150,170150,40,4,1,1,2,34,1,10,10,5,2, ,11,4,6,1, , ,6,1, ,6,1, , , ,32,8, ,1,1,8,7, , , , , , , , , ,5610,5120,2, ,2,1,2,2,2,1,2,2,2,2,2,2,5,1,1,2,3,2,1,40, , , , , , , , , , , ,5, , , , ,420,0,1,65, , , ,2, ,1,320,2, ,2, ,2, ,2, , , , , , , , , , , , , , ,1,2513,"35,6465098938959",3,485.0,"244,285714285714",2,1, ,2,5,9,17,1,0,0,170150148401,1701501484010400401,17015014840104004101,1701501484010400410101,202501,1
1,170150,170150,63,1,1,1,1,35,1,4,10,1,2, ,2,8,3, ,1,21030101,6,1, ,2,1, , , ,40, ,1,4, , , , , , , , , , , , ,8423,5412,1, ,1,2,2,2,1,1,1,2,2,2,1,1,1,1,2, , , ,1,40, , , , , , , , , , , ,4, , , , ,1050,135,1,17, , , ,2, ,2, ,2, ,2, ,2, ,2, , , , , , , , , , , , , , ,1,2512,"34,8501045510756",5,1202.0,"400,666666666667",1,1, ,1,5,15,17,1,0,0,170150245203,1701502452030630105,17015024520306301105,1701502452030630110105,202505,5
1,170150,170150,68,8,1,1,1,35,1,1,10,6,2, ,5,4,6,1, , ,6,2,130150,1,1, , , ,48, ,2,4, , , , , , , , , , , , ,4922,4222,2, ,2,2,2,2,1,2,1,2,2,2,1,1,14,1,1,6,1,1,1,40, , , , , , , , , , , ,1, , , , ,420,160,2, , , , ,2, ,2, ,2, ,2, ,2, ,2, , , , , , , , , , , , , , ,1,2512,"36,3971657895785",3,580.0,190,1,1, ,1,4,8,17,1,0,0,170150238304,1701502383040680807,17015023830406808107,1701502383040680810107,202507,7
1,170156,170156,73,8,1,4,2,30,3,1,10,6,2, ,2,9,5, ,1,30720101,6,1, ,1,1, , , ,40, ,1,4, , , , , , , , , , , , ,1010,2141,2, ,3,2,2,2,1,1,1,2,2,2,1,1,8,1,2, , , ,1,40, , , , , , , , , , , ,1, , , , ,790,43,1,10, , , ,2, ,2, ,2, ,2, ,2, ,2, , , , , , , , , , , , , , ,1,1712,"133,502187420882",5,843.0,"357,2",1,1, ,1,2,3,17,6,0,0,170156064101,1701560641010730809,17015606410107308109,1701560641010730810409,202509,9
1,170150,170150,54,1,1,4,1,30,3,2,10,6,2, ,2,9,4, ,1,30910101,6,1, ,4,1, , , ,48, ,1,4, , , , , , , , , , , , ,8620,2261,2, ,2,2,2,2,2,2,2,2,2,2,2,2,3,1,1,5,1,1,1,48, , , , , , , , , , , ,2, , , , ,480,0,2, , , , ,2, ,2, ,2, ,2, ,2, ,2, , , , , , , , , , , , , , ,1,2512,"31,5077526683107",5,480.0,385,1,1, ,1,2,17,17,1,0,0,170150281602,1701502816020540104,17015028160205401104,1701502816020540110404,202504,4
1,170150,170150,60,8,1,3,2,31,3,1,10,6,2, ,5,6,6, , , ,6,1, ,4,1, , , ,40, ,1,4, , , , , , , , , , , , ,1010,4311,2, ,2,2,2,2,1,2,1,2,2,2,1,1,5,1,2, , , ,1,40, , , , , , , , , , , ,1, , , , ,420,50,2, , , , ,2, ,2, ,2, ,2, ,2, ,2, , , , , , , , , , , , , , ,1,2513,"46,9621821943818",4,470.0,"343,333333333333",1,1, ,1,4,3,17,1,0,0,170150279701,1701502797010600806,17015027970106008106,1701502797010600810306,202506,6
1,170150,170150,60,2,1,1,2,34,1,10,10,5,2, ,11,6,6, , , ,6,2,121350,1,2,12,2, , , , , , , , , ,11, ,9, ,4, , , , , , , , , , , , , , , , , , , , , , , , , , , , , , , , , , , , , , ,5, , , , , , , , , , , ,2, ,2, ,2, ,2, ,2, ,2, , , , , , , , , , , , , , ,1,2512,"70,019356013311",4,0.0,400,9, , , , , ,17,1,0,0,170150241802,1701502418020600206,17015024180206002106,1701502418020600210106,202506,6
1,170150,170150,58,6,1,1,1,34,1,10,10,6,2, ,11,6,6, , , ,6,3,862,1,1, , , ,68, ,1,4, , , , , , , , , , , , ,5610,5120,2, ,2,1,2,2,2,1,2,2,2,2,2,2,1,1,1,3,2,1,1,68, , , , , , , , , , , ,5, , , , ,380,0,1,50, , , ,2, ,2, ,2, ,2, ,2, ,2, , , , , , , , , , , , , , ,2,2511,"26,03422281014",4,430.0,315,4,1, ,1,5,9,17,1,0,0,170150315407,1701503154070580612,17015031540705806112,1701503154070580610112,202512,12
1,170177,170177,68,8,1,4,2,30,3,1,10,6,2, ,2,10,2, ,1,50410301,6,1, ,2,1, , , ,40, ,1,4, , , , , , , , , , , , ,7911,4221,2, ,2,2,2,2,1,1,1,2,2,2,1,1,4,1,2, , , ,1,40, , , , , , , , , , , ,1, , , , ,800,80,1,20, , , ,2, ,2, ,2, ,2, ,2, ,2, , , , , , , , , , , , , , ,1,1712,"139,558411332633",5,900.0,1735,1,1, ,1,4,14,17,6,0,0,170177100001,1701771000010680810,17017710000106808110,1701771000010680810410,202510,10
1,170550,170550,69,5,1,2,2,30,2,10,10,5,2, ,11,8,3, ,1,20610402,6,2,170150,1,1, , , ,40, ,1,4, , , , , , , , , , , , ,5610,5131,7, , , , , , , , , , , , , ,4,6,1,2,3,1,1,40, , , , , , , , , , , ,5, , , , , , , , , , , ,2, ,2, ,2, ,2, ,2, ,2, , , , , , , , , , , , , , ,1,1712,"114,521385192678",5,0.0,125,5,1, ,1,5,9,17,6,0,0,170550032603,1705500326030690511,17055003260306905111,1705500326030690510211,202511,11
1,170150,170150,65,6,1,1,2,31,1,1,10,3,2, ,5,4,6,1, , ,1,2,100353,1,1, , , ,20,3, ,3,1,20,7, , , , , , , , , ,9700,9111,10, ,2,2,2,2,1,2,1,2,2,2,1,1,6,8,1,1, , ,1,20, , , , , , , , , , , ,1, , , , ,235,20,2, , , , ,2, ,1,160,2, ,2, ,2, ,2, , , , , , , , , , , , , , ,1,2512,"1120,41541860031",3,255.0,"105,75",2,1, ,3,9,20,17,1,0,0,170150178401,1701501784010650604,17015017840106506104,1701501784010650610104,202504,4
1,170150,170150,76,5,1,3,2,30,3,1,10,6,2, ,2,9,4, ,1,30110303,6,1, ,1,1, , , ,40, ,1,4, , , , , , , , , , , , ,4620,4416,2, ,3,2,2,2,1,2,1,2,2,2,1,1,0,1,2, , , ,1,40, , , , , , , , , , , ,1, , , , ,700,80,2, , , , ,2, ,2, ,2, ,2, ,2, ,2, , , , , , , , , , , , , , ,1,2512,"14,3090318891368",5,780.0,"414,4",1,1, ,1,4,7,17,1,0,0,170150181002,1701501810020760512,17015018100207605112,1701501810020760510312,202512,12
1,170155,170155,74,5,1,1,1,35,1,10,10,5,2, ,5,6,5, , , ,6,1, ,1,1, , , ,24,1, ,3,1,20,1,4, , , , , , , , ,4330,7131,4, ,6,2,2,2,2,2,2,2,2,2,2,2,2,8,1,2,3,2,1,24, , , , , , , , , , , ,5, , , , ,200,0,2, , , , ,2, ,2, ,2, ,2, ,2, ,2, , , , , , , , , , , , , , ,1,1713,"98,9398597592001",4,200.0,"182,5",2,1, ,2,7,6,17,6,0,0,170155020304,1701550203040740510,17015502030407405110,1701550203040740510110,202510,10
1,170184,170184,73,3,1,1,1,35,1,10,10,5,2, ,5,4,4,1, , ,6,3,862,2,1, , , ,40, ,1,4, , , , , , , , , , , , ,5320,8321,6,2, , , , , , , , , , , , ,3,3,1,1,3,2,1,40, , , , , , , , , , , ,5,450,2, ,80, , , , , , , ,2, ,2, ,2, ,2, ,2, ,2, , , , , , , , , , , , , , ,1,1713,"110,976227255718",3,370.0,"123,333333333333",4,1, ,2,8,8,17,6,0,0,170184117901,1701841179010730312,17018411790107303112,1701841179010730310112,202512,12
1,170150,170150,53,5,1,2,2,32,2,2,5,1,2, ,2,10,2, ,1,50310403,6,1, ,1,2,12,2, , , , , , , , , ,11, ,11, ,5, , , , , , , , , , , , , , , , , , , , , , , , , , , , , , , , , , , , , , ,2, , , , , , , , , , , ,2, ,2, ,1,400,2, ,2, ,2, , , , , , , , , , , , , , ,1,2511,"51,0984430636759",5,0.0,"756,666666666667",9, , , , , ,17,1,0,0,170150205102,1701502051020530504,17015020510205305104,1701502051020530510204,202504,4
2,170252,170252,62,7,1,3,1,35,4,10,10,5,2, ,5,6,3, , , ,5,2,131250,1,1, , , ,40, ,1,4, , , , , , , , , , , , ,2511,7214,2, ,3,1,2,2,2,2,2,2,2,2,2,2,3,1,1,5,3,2,1,40, , , , , , , , , , , ,5, , , , ,400,0,1,60, , , ,2, ,2, ,2, ,2, ,2, ,2, , , , , , , , , , , , , , ,1,1721,"125,875434264287",3,460.0,170,4,1, ,2,7,3,17,6,0,0,170252900201,1702529002010620704,17025290020106207104,1702529002010620710304,202504,4
1,170150,170150,63,1,1,2,2,34,2,2,10,1,2, ,2,8,2, ,1,10910301,6,1, ,2,1, , , ,40, ,1,4, , , , , , , , , , , , ,4711,5223,2, ,3,2,2,2,2,2,2,2,2,2,2,2,4,1,1,2,3,1,1,40, , , , , , , , , , , ,2, , , , ,100,0,2, , , , ,2, ,2, ,2, ,2, ,2, ,2, , , , , , , , , , , , , , ,1,2512,"56,7297247614269",5,100.0,206,4,1, ,1,5,7,17,1,0,0,170150276303,1701502763030630105,17015027630306301105,1701502763030630110205,202505,5
1,170150,170150,52,2,1,1,1,34,1,10,10,5,2, ,2,9,4, ,1,30210205,6,3,862,5,1, , , ,40, ,1,4, , , , , , , , , , , , ,8220,4222,2, ,3,2,2,2,2,2,2,2,2,2,2,2,0,1,1,25,4,1,1,40, , , , , , , , , , , ,5, , , , ,450,0,2, , , , ,2, ,2, ,2, ,2, ,2, ,2, , , , , , , , , , , , , , ,1,2511,"17,8311990326004",5,450.0,"215,8",4,1, ,1,4,14,17,1,0,0,170150046507,1701500465070520210,17015004650705202110,1701500465070520210110,202510,10
1,170150,170150,71,7,1,4,1,35,3,10,10,6,1,2, ,7,3, , , ,6,1, ,4,2,12,2, , , , , , , , , ,11, ,9, ,3, , , , , , , , , , , , , , , , , , , , , , , , , , , , , , , , , , , , , , ,5, , , , , , , , , , , ,2, ,2, ,2, ,2, ,2, ,2, , , , , , , , , , , , , , ,1,2512,"95,2553364535733",4,0.0,515,9, , , , , ,17,1,0,0,170150119203,1701501192030710710,17015011920307107110,1701501192030710710410,202510,10
2,170450,170450,58,6,1,2,1,35,3,1,10,5,2, ,2,9,5, ,1,30730301,6,1, ,1,1, , , ,40, ,1,4, , , , , , , , , , , , ,8411,2161,1, ,3,2,2,2,1,2,1,2,2,2,1,1,1,1,2, , , ,1,40, , , , , , , , , , , ,1, , , , ,1000,120,2, , , , ,2, ,2, ,2, ,2, ,2, ,2, , , , , , , , , , , , , , ,1,1722,"63,7407838399361",5,1120.0,318,1,1, ,1,2,15,17,6,0,0,170450901401,1704509014010580603,17045090140105806103,1704509014010580610203,202503,3
1,170155,170155,64,5,1,4,2,30,3,10,10,6,2, ,2,9,4, ,1,30110201,6,2,40150,6,2,12,2, , , , , , , , , ,9,24, , , ,1,5,24,8890,2342,2, , , , , , , , , , , , , , , , , , , , , , , , , , , , , , , , ,5, , , , , , , , , , , ,2, ,2, ,2, ,2, ,2, ,2, ,2,2,2,1,1,2,2,2,2,2,2,2,2,1,1711,"28,9934980341811",5,0.0,"161,333333333333",7, ,1, , , ,17,6,0,0,170155041102,1701550411020640506,17015504110206405106,1701550411020640510406,202506,6
1,170150,170150,67,6,1,2,1,30,3,10,10,6,2, ,2,8,3, ,1,20210210,6,1, ,3,1, , , ,40, ,1,4, , , , , , , , , , , , ,7410,3118,2, ,3,2,2,2,2,2,2,2,2,2,2,2,6,1,1,3,2,1,1,40, , , , , , , , , , , ,5, , , , ,470,0,2, , , , ,2, ,2, ,2, ,2, ,2, ,2, , , , , , , , , , , , , , ,1,2511,"24,6938293786711",5,470.0,"233,333333333333",1,1, ,1,3,13,17,1,0,0,170150283104,1701502831040670606,17015028310406706106,1701502831040670610206,202506,6
1,170159,170159,65,7,1,2,1,34,3,10,10,6,1,1, ,9,5, ,2, ,6,1, ,1,2,12,2, , , , , , , , , ,11, ,9, ,3, , , , , , , , , , , , , , , , , , , , , , , , , , , , , , , , , , , , , , ,5, , , , , , , , , , , ,2, ,2, ,2, ,2, ,2, ,2, , , , , , , , , , , , , , ,1,1711,"37,6831114947699",5,0.0,390,9, , , , , ,17,6,0,0,170159000604,1701590006040650707,17015900060406507107,1701590006040650710207,202507,7
1,170151,170151,58,3,1,3,2,30,3,10,10,6,2, ,2,10,2, ,1,50310303,6,1, ,1,1, , , ,20,1, ,3,1,20,1,3, , , , , , , , ,7490,2643,6,2, , , , , , , , , , , , ,1,8,1,1,3,1,1,20, , , , , , , , , , , ,5,300,2, ,0, , , , , , , ,2, ,2, ,2, ,2, ,2, ,2, , , , , , , , , , , , , , ,1,1712,"53,9654829567417",5,300.0,600,2,1, ,1,2,13,17,6,0,0,170151005502,1701510055020580312,17015100550205803112,1701510055020580310312,202512,12
1,170150,170150,67,7,1,3,2,32,3,1,10,6,2, ,5,9,4, ,1,30110301,6,1, ,2,1, , , ,40, ,1,4, , , , , , , , , , , , ,8521,2341,2, ,3,2,2,2,1,2,1,2,2,2,1,1,5,1,1,23,1,1,1,40, , , , , , , , , , , ,1, , , , ,600,50,2, , , , ,2, ,2, ,2, ,2, ,2, ,2, , , , , , , , , , , , , , ,1,2512,"56,4847190012122",5,650.0,450,1,1, ,1,2,16,17,1,0,0,170150369802,1701503698020670706,17015036980206707106,1701503698020670710306,202506,6
2,170153,170153,72,5,1,7,1,30,4,1,10,5,2, ,5,7,2, , , ,6,1, ,2,1, , , ,40, ,1,4, , , , , , , , , , , , ,119,6113,2, ,3,1,2,2,1,1,1,2,2,1,1,1,3,11,2, , , ,1,40, , , , , , , , , , , ,1, , , , ,500,50,1,59, , , ,2, ,2, ,2, ,2, ,2, ,2, , , , , , , , , , , , , , ,1,1721,"62,1688712717393",4,609.0,"196,6",1,1, ,1,6,1,17,6,0,0,170153900103,1701539001030720511,17015390010307205111,1701539001030720510711,202511,11
1,170150,170150,67,10,1,1,1,32,1,10,10,6,2, ,2,8,2, ,1,11010102,3,3,170,1,1, , , ,60, ,1,4, , , , , , , , , , , , ,9602,5141,2, ,3,2,2,2,2,2,2,2,2,2,2,2,8,1,1,30,1,1,1,60, , , , , , , , , , , ,5, , , , ,800,0,2, , , , ,2, ,2, ,2, ,2, ,2, ,2, , , , , , , , , , , , , , ,2,2511,"100,585733225229",5,800.0,800,1,1, ,1,5,19,17,1,0,0,170150192802,1701501928020671006,17015019280206710106,1701501928020671010106,202506,6
1,170150,170150,72,7,1,2,2,34,2,1,10,5,2, ,3,6,6, , , ,6,1, ,2,2,12,2, , , , , , , , , ,11, ,9, ,4, , , , , , , , , , , , , , , , , , , , , , , , , , , , , , , , , , , , , , ,1, , , , , , , , , , , ,2, ,2, ,2, ,2, ,2, ,2, , , , , , , , , , , , , , ,1,2512,"33,4227249519886",4,0.0,150,9, , , , , ,17,1,0,0,170150300803,1701503008030720708,17015030080307207108,1701503008030720710208,202508,8
1,170150,170150,56,2,1,6,1,30,3,1,10,6,2, ,5,7,3, , , ,6,1, ,1,1, , , ,40, ,1,4, , , , , , , , , , , , ,5610,5230,2, ,2,2,2,2,1,2,1,2,2,2,1,1,10,1,2, , , ,1,40, , , , , , , , , , , ,1, , , , ,470,50,2, , , , ,2, ,2, ,2, ,2, ,2, ,2, , , , , , , , , , , , , , ,1,2511,"18,089218128659",4,520.0,"408,833333333333",1,1, ,1,5,9,17,1,0,0,170150022101,1701500221010560202,17015002210105602102,1701500221010560210602,202502,2
1,170156,170156,59,9,1,3,2,32,3,1,10,6,2, ,5,9,5, ,1,30710201,6,1, ,1,1, , , ,40, ,1,4, , , , , , , , , , , , ,5110,5111,2, ,2,2,2,2,1,2,1,2,2,2,1,1,3,1,2, , , ,1,40, , , , , , , , , , , ,1, , , , ,800,100,2, , , , ,2, ,2, ,2, ,2, ,2, ,2, , , , , , , , , , , , , , ,1,1712,"74,6126966657255",5,900.0,656,1,1, ,1,5,8,17,6,0,0,170156052702,1701560527020590903,17015605270205909103,1701560527020590910303,202503,3
1,170150,170150,63,6,1,2,2,35,3,1,5,6,2, ,2,10,2, ,1,50110108,6,2,60150,2,1, , , ,32,8, ,4, , , , , , , , , , , , ,8521,2330,2, ,2,2,2,2,1,1,1,2,2,2,1,1,7,1,2, , , ,1,40, , , , , , , , , , , ,1, , , , ,680,65,1,15, , , ,2, ,2, ,2, ,2, ,2, ,2, , , , , , , , , , , , , , ,1,2511,"23,5148073044739",5,760.0,665,1,1, ,1,2,16,17,1,0,0,170150251104,1701502511040630605,17015025110406306105,1701502511040630610205,202505,5
1,170150,170150,55,2,1,1,1,32,1,10,10,5,2, ,5,9,5, ,1,30910205,6,2,10150,1,1, , , ,70, ,1,4, , , , , , , , , , , , ,8610,2211,6,2, , , , , , , , , , , , ,2,8,1,1,3,1,1,70, , , , , , , , , , , ,5,2000,2, ,0, , , , , , , ,1,800,2, ,2, ,2, ,2, ,2, , , , , , , , , , , , , , ,1,2511,"128,590428928084",5,2000.0,1100,1,1, ,1,2,17,17,1,0,0,170150157601,1701501576010550202,17015015760105502102,1701501576010550210102,202502,2
2,170159,170159,64,7,1,3,2,32,3,1,10,6,2, ,5,6,6, , , ,6,1, ,5,1, , , ,60, ,1,4, , , , , , , , , , , , ,1030,6112,2, ,2,1,2,1,1,1,1,2,2,2,1,1,1,11,2, , , ,1,60, , , , , , , , , , , ,1, , , , ,600,60,1,125, , , ,2, ,2, ,2, ,2, ,2, ,2, , , , , , , , , , , , , , ,1,1722,"36,4593881084386",4,785.0,"592,6",1,1, ,1,6,3,17,6,0,0,170159900702,1701599007020640703,17015990070206407103,1701599007020640710303,202503,3
1,170150,170150,65,3,1,1,1,32,1,10,10,1,2, ,2,8,3, ,1,20710303,6,1, ,1,1, , , ,40, ,1,4, , , , , , , , , , , , ,3312,7233,6,2, , , , , , , , , , , , ,12,6,1,1,2,1,1,40, , , , , , , , , , , ,5,1000,2, ,500, , , , , , , ,1,170,2, ,2, ,2, ,2, ,2, , , , , , , , , , , , , , ,1,2511,"64,8626641851128",5,500.0,"223,333333333333",1,1, ,1,7,3,17,1,0,0,170150152002,1701501520020650307,17015015200206503107,1701501520020650310107,202507,7
1,170150,170150,72,3,1,2,2,34,2,10,10,1,2, ,15,9,5, ,1,30410102,6,1, ,2,1, , , ,10,1, ,1,1,20,1,4, , , , , , , , ,6920,2411,6,2, , , , , , , , , , , , ,8,9,1,1,2,2,1,10, , , , , , , , , , , ,5,300,2, ,0, , , , , , , ,2, ,2, ,2, ,2, ,2, ,2, , , , , , , , , , , , , , ,1,2511,"30,991676462457",5,300.0,300,2,1, ,2,2,13,17,1,0,0,170150199502,1701501995020720311,17015019950207203111,1701501995020720310211,202511,11
1,170150,170150,73,7,1,1,1,30,1,1,10,5,2, ,5,8,2, ,1,10710504,6,1, ,2,1, , , ,40, ,1,4, , , , , , , , , , , , ,4520,7231,2, ,2,2,2,2,1,1,1,2,2,2,1,1,2,1,1,10,2,1,1,40, , , , , , , , , , , ,1, , , , ,450,40,1,5, , , ,2, ,2, ,1,100,2, ,2, ,2, , , , , , , , , , , , , , ,1,2512,"69,8809968786616",5,495.0,"198,333333333333",1,1, ,1,7,7,17,1,0,0,170150363902,1701503639020730709,17015036390207307109,1701503639020730710109,202509,9
1,170155,170155,63,7,1,2,2,34,2,10,10,1,2, ,3,6,6, , , ,6,2,170150,1,2,12,2, , , , , , , , , ,11, ,9, ,4, , , , , , , , , , , , , , , , , , , , , , , , , , , , , , , , , , , , , , ,5, , , , , , , , , , , ,2, ,2, ,2, ,2, ,2, ,2, , , , , , , , , , , , , , ,1,1712,"271,609906650423",4,0.0,"204,8",9, , , , , ,17,6,0,0,170155036502,1701550365020630702,17015503650206307102,1701550365020630710202,202502,2
1,170150,170150,52,5,1,2,1,31,3,1,10,6,2, ,3,9,5, ,1,30730201,6,1, ,1,1, , , ,40, ,1,4, , , , , , , , , , , , ,8411,2142,1, ,3,2,2,2,1,2,1,2,2,2,1,1,1,1,2, , , ,1,40, , , , , , , , , , , ,1, , , , ,1200,120,2, , , , ,2, ,2, ,2, ,2, ,2, ,2, , , , , , , , , , , , , , ,1,2513,"29,6215869109363",5,1320.0,1135,1,1, ,1,2,15,17,1,0,0,170150021603,1701500216030520510,17015002160305205110,1701500216030520510210,202510,10
1,170150,170150,74,9,1,2,2,31,2,10,10,5,2, ,15,6,4, , , ,6,1, ,2,2,12,2, , , , , , , , , ,11, ,9, ,4, , , , , , , , , , , , , , , , , , , , , , , , , , , , , , , , , , , , , , ,5, , , , , , , , , , , ,2, ,2, ,2, ,2, ,2, ,2, , , , , , , , , , , , , , ,1,2513,"102,663283267047",4,0.0,"159,25",9, , , , , ,17,1,0,0,170150138001,1701501380010740910,17015013800107409110,1701501380010740910210,202510,10
1,170155,170155,67,9,1,3,1,32,3,5,10,6,2, ,11,9,4, ,2, ,6,1, ,1,1, , , ,10,1, ,3,1,30,1,4, , , , , , , , ,7310,3118,6,2, , , , , , , , , , , , ,4,9,1,1,3,2,1,10, , , , , , , , , , , ,5,100,2, ,0, , , , , , , ,2, ,2, ,2, ,2, ,2, ,2, , , , , , , , , , , , , , ,1,1713,"46,1307728431179",5,100.0,535,2,1, ,2,3,13,17,6,0,0,170155022407,1701550224070670909,17015502240706709109,1701550224070670910309,202509,9
1,170150,170150,65,7,1,2,1,33,3,1,5,1,2, ,2,10,2, ,1,50320101,6,1, ,2,2,12,1,2,40, ,1,4, , , , , , , , , , , , ,8530,2310,1, ,3,2,2,2,1,2,1,2,2,2,1,1,3,1,2, , , ,1,40, , , , , , , , , , , ,1, , , , ,1200,400,2, , , , ,2, ,2, ,2, ,2, ,2, ,2, , , , , , , , , , , , , , ,1,2511,"32,130211472946",5,1600.0,"978,6",1,1, ,1,2,16,17,1,0,0,170150043803,1701500438030650704,17015004380306507104,1701500438030650710204,202504,4
2,170252,170252,71,5,1,2,2,35,2,3,10,1,2, ,3,6,3, , , ,1,1, ,2,1, , , ,20,1, ,2,1,20,1,4, , , , , , , , ,119,6113,6,2, , , , , , , , , , , , ,4,10,1,2,3,2,1,20, , , , , , , , , , , ,3,550,2, ,150, , , , , , , ,2, ,2, ,2, ,2, ,2, ,2, , , , , , , , , , , , , , ,1,1721,"180,485329534121",3,400.0,"277,5",2,1, ,2,6,1,17,6,0,0,170252902201,1702529022010710507,17025290220107105107,1702529022010710510207,202507,7
1,170150,170150,59,3,1,3,1,31,3,2,10,6,2, ,7,6,6, , , ,6,1, ,2,2,12,2, , , , , , , , , ,9,48, , , ,1,2,48,5510,9621,2, , , , , , , , , , , , , , , , , , , , , , , , , , , , , , , , ,2, , , , , , , , , , , ,2, ,2, ,1,83,2, ,2, ,2, ,2,2,1,1,1,2,2,2,2,2,2,2,1,1,2511,"55,366624257051",4,0.0,"298,833333333333",7, ,1, , , ,17,1,0,0,170150063401,1701500634010590303,17015006340105903103,1701500634010590310303,202503,3
1,170150,170150,54,2,1,1,2,34,1,10,10,5,2, ,11,6,6, , , ,6,1, ,1,2,12,2, , , , , , , , , ,11, ,10, ,4, , , , , , , , , , , , , , , , , , , , , , , , , , , , , , , , , , , , , , ,5, , , , , , , , , , , ,2, ,2, ,1,120,2, ,2, ,2, , , , , , , , , , , , , , ,1,2512,"78,9031939058765",4,0.0,61,9, , , , , ,17,1,1,0,170150386902,1701503869020540204,17015038690205402104,1701503869020540210104,202504,4
2,170160,170160,55,4,1,1,2,32,1,10,10,5,2, ,5,6,6, , , ,6,2,170150,1,1, , , ,70, ,1,4, , , , , , , , , , , , ,4741,5221,6,2, , , , , , , , , , , , ,7,6,1,2,2,1,1,70, , , , , , , , , , , ,5,1000,2, ,500, , , , , , , ,2, ,2, ,2, ,2, ,2, ,2, , , , , , , , , , , , , , ,1,1722,"58,967642101029",4,500.0,"166,666666666667",1,1, ,1,5,7,17,6,0,0,170160900401,1701609004010550402,17016090040105504102,1701609004010550410102,202502,2
1,170150,170150,75,9,1,1,1,31,1,10,10,5,2, ,2,8,2, ,1,10910301,6,1, ,2,1, , , ,24,1, ,4, , , , , , , , , , , , ,8810,3221,6,2, , , , , , , , , , , , ,1,8,1,1,2,2,1,24, , , , , , , , , , , ,5,600,2, ,0, , , , , , , ,2, ,2, ,2, ,2, ,2, ,2, , , , , , , , , , , , , , ,1,2511,"10,2908426381571",5,600.0,630,1,1, ,2,3,17,17,1,0,0,170150123402,1701501234020750911,17015012340207509111,1701501234020750910111,202511,11
1,170150,170150,53,5,1,1,1,30,1,1,10,5,2, ,5,9,5, ,1,30710503,6,1, ,1,1, , , ,40, ,1,4, , , , , , , , , , , , ,4659,2144,2, ,2,1,2,2,1,1,1,2,2,2,1,1,8,1,2, , , ,1,40, , , , , , , , , , , ,1, , , , ,900,300,1,93, , , ,2, ,2, ,1,200,2, ,2, ,2, , , , , , , , , , , , , , ,1,2512,"65,6681460423095",5,1293.0,"805,333333333333",1,1, ,1,2,7,17,1,0,0,170150191602,1701501916020530504,17015019160205305104,1701501916020530510104,202504,4
1,170150,170150,65,6,1,1,1,30,1,10,10,1,2, ,3,7,3, , , ,1,2,100450,1,1, , , ,54, ,1,4, , , , , , , , , , , , ,4751,5223,2, ,3,2,2,2,2,1,2,2,2,2,2,2,4,1,1,4,3,1,1,54, , , , , , , , , , , ,5, , , , ,400,0,1,2, , , ,2, ,2, ,2, ,2, ,2, ,2, , , , , , , , , , , , , , ,1,2512,"41,746994948633",4,402.0,154,4,1, ,1,5,7,17,1,0,0,170150071802,1701500718020650607,17015007180206506107,1701500718020650610107,202507,7
1,170150,170150,71,10,1,8,2,30,5,10,10,6,2, ,2,9,5, ,1,30330101,6,1, ,2,2,4, , ,20,3, ,1,1,20,1,4, , , , , , , , ,6910,2611,6,2, , , , , , , , , , , , ,3,8,1,1,3,2,1,20, , , , , , , , , , , ,5,350,2, ,0, , , , , , , ,2, ,2, ,2, ,2, ,2, ,2, , , , , , , , , , , , , , ,1,2511,"8,10115886829464",5,350.0,160,2,1, ,2,2,13,17,1,0,0,170150198007,1701501980070711010,17015019800707110110,1701501980070711010810,202510,10
1,170353,170353,55,3,1,2,2,32,2,10,10,1,2, ,3,6,6, , , ,6,2,50150,2,2,12,2, , , , , , , , , ,11, ,9, ,4, , , , , , , , , , , , , , , , , , , , , , , , , , , , , , , , , , , , , , ,5, , , , , , , , , , , ,2, ,2, ,2, ,2, ,2, ,2, , , , , , , , , , , , , , ,1,1711,"54,398839244471",4,0.0,"87,5",9, , , , , ,17,6,1,0,170353023602,1703530236020550302,17035302360205503102,1703530236020550310202,202502,2
1,170150,170150,72,7,1,1,1,30,1,1,10,1,2, ,5,7,3, , , ,6,1, ,1,1, , , ,40, ,1,4, , , , , , , , , , , , ,1071,5223,2, ,2,1,2,2,1,2,1,2,2,2,1,1,5,1,2, , , ,1,40, , , , , , , , , , , ,1, , , , ,600,60,1,40, , , ,2, ,2, ,2, ,2, ,2, ,2, , , , , , , , , , , , , , ,1,2512,"28,0424915870124",4,700.0,600,1,1, ,1,5,3,17,1,0,0,170150239101,1701502391010720711,17015023910107207111,1701502391010720710111,202511,11
1,170150,170150,63,1,1,3,2,32,3,1,10,6,2, ,5,9,4, ,1,30910301,6,1, ,1,1, , , ,40, ,1,4, , , , , , , , , , , , ,8610,2221,1, ,1,2,2,2,1,2,1,2,2,2,1,1,5,1,2, , , ,1,40, , , , , , , , , , , ,1, , , , ,900,100,2, , , , ,2, ,2, ,2, ,2, ,2, ,2, , , , , , , , , , , , , , ,1,2512,"91,6725532887656",5,1000.0,415,1,1, ,1,2,17,17,1,0,0,170150310001,1701503100010630105,17015031000106301105,1701503100010630110305,202505,5
1,170150,170150,63,2,1,1,2,32,1,4,5,3,2, ,5,9,1, ,2, ,6,2,100450,1,1, , , ,40, ,1,4, , , , , , , , , , , , ,8423,5412,1, ,1,2,2,2,1,2,1,1,2,1,1,1,15,1,2, , , ,1,40, , , , , , , , , , , ,4, , , , ,1500,150,1,80, , , ,2, ,2, ,2, ,2, ,2, ,2, , , , , , , , , , , , , , ,1,2511,"323,10906949633",5,1730.0,"597,5",1,1, ,1,5,15,17,1,0,0,170150209904,1701502099040630202,17015020990406302102,1701502099040630210102,202502,2
1,170156,170156,58,5,1,2,2,30,2,10,10,1,2, ,2,8,3, ,1,20410304,6,1, ,1,2,12,2, , , , , , , , , ,11, ,9, ,4, , , , , , , , , , , , , , , , , , , , , , , , , , , , , , , , , , , , , , ,5, , , , , , , , , , , ,2, ,2, ,2, ,2, ,2, ,2, , , , , , , , , , , , , , ,1,1712,"58,8151964053975",5,0.0,"212,5",9, , , , , ,17,6,0,0,170156062801,1701560628010580512,17015606280105805112,1701560628010580510212,202512,12
1,170150,170150,57,5,1,4,1,30,4,1,10,5,1,6, ,9,5, ,2, ,6,2,110150,1,1, , , ,40, ,1,4, , , , , , , , , , , , ,3600,1112,1, ,1,2,2,1,1,1,1,2,2,2,1,1,5,1,2, , , ,1,40, , , , , , , , , , , ,1, , , , ,675,60,1,80, , , ,2, ,2, ,2, ,2, ,2, ,2, , , , , , , , , , , , , , ,1,2512,"50,3387163562603",5,815.0,"456,25",1,1, ,1,1,5,17,1,0,0,170150242302,1701502423020570508,17015024230205705108,1701502423020570510408,202508,8
1,170150,170150,60,5,1,3,1,31,3,1,10,6,2, ,2,9,5, ,1,30710201,6,1, ,1,2,12,1,1,50, ,1,4, , , , , , , , , , , , ,610,2143,2, ,3,1,1,1,1,1,1,2,2,1,1,1,2,1,2, , , ,1,50, , , , , , , , , , , ,1, , , , ,1200,120,1,792, , , ,2, ,2, ,2, ,2, ,2, ,2, , , , , , , , , , , , , , ,1,2511,"29,118846327027",5,2112.0,"1157,33333333333",1,1, ,1,2,2,17,1,0,0,170150043302,1701500433020600506,17015004330206005106,1701500433020600510306,202506,6
1,170150,170150,54,5,1,2,2,31,2,10,10,5,2, ,3,9,2, ,2, ,6,3,862,2,1, , , ,40, ,1,4, , , , , , , , , , , , ,5610,5212,6,2, , , , , , , , , , , , ,3,3,1,1,3,2,1,40, , , , , , , , , , , ,5,300,1,20,160, , , , , , , ,2, ,2, ,2, ,2, ,2, ,2, , , , , , , , , , , , , , ,1,2513,"38,6273389339075",5,160.0,"171,333333333333",4,1, ,2,5,9,17,1,0,0,170150068004,1701500680040540507,17015006800405405107,1701500680040540510207,202507,7
1,170150,170150,70,6,1,2,2,32,2,10,10,1,2, ,3,6,3, , , ,6,3,604,1,1, , , ,60, ,1,4, , , , , , , , , , , , ,5630,5212,6,2, , , , , , , , , , , , ,12,4,1,1,3,2,1,60, , , , , , , , , , , ,5,700,1,10,200, , , , , , , ,2, ,2, ,2, ,2, ,2, ,2, , , , , , , , , , , , , , ,1,2512,"27,4767187852818",3,510.0,760,1,1, ,2,5,9,17,1,0,0,170150077101,1701500771010700609,17015007710107006109,1701500771010700610209,202509,9
1,170150,170150,54,5,1,3,1,30,3,1,10,6,1,6, ,9,5, ,1,30410302,6,1, ,2,1, , , ,40, ,1,4, , , , , , , , , , , , ,1010,3313,2, ,3,2,2,1,1,2,1,2,2,2,1,1,2,1,2, , , ,1,40, , , , , , , , , , , ,1, , , , ,430,40,1,30, , , ,2, ,2, ,2, ,2, ,2, ,2, , , , , , , , , , , , , , ,1,2513,"36,538420830888",5,500.0,225,1,1, ,1,3,3,17,1,0,0,170150252501,1701502525010540507,17015025250105405107,1701502525010540510307,202507,7
1,170150,170150,72,9,1,1,1,32,1,10,10,5,2, ,2,9,5, ,1,30410603,6,1, ,1,1, , , ,40, ,1,3,1,10,1,3, , , , , , , , ,4782,5211,6,2, , , , , , , , , , , , ,8,9,1,1,3,2,1,40, , , , , , , , , , , ,5,750,1,100,150, , , , , , , ,2, ,2, ,1,150,2, ,2, ,2, , , , , , , , , , , , , , ,1,2512,"34,6259010743386",5,700.0,"283,333333333333",1,1, ,2,5,7,17,1,0,0,170150260002,1701502600020720908,17015026000207209108,1701502600020720910108,202508,8
1,170150,170150,71,1,1,2,1,30,3,1,10,6,2, ,5,9,1, ,2, ,6,1, ,1,1, , , ,40, ,1,4, , , , , , , , , , , , ,9200,4222,2, ,3,2,2,2,1,1,1,2,2,2,1,1,1,1,1,45,1,1,1,40, , , , , , , , , , , ,1, , , , ,425,45,1,8, , , ,2, ,2, ,2, ,2, ,2, ,2, , , , , , , , , , , , , , ,1,2511,"35,1327690449234",5,478.0,"429,5",1,1, ,1,4,18,17,1,0,0,170150279902,1701502799020710107,17015027990207101107,1701502799020710110207,202507,7
1,170150,170150,70,5,1,1,1,35,1,1,10,6,2, ,5,6,6, , , ,6,2,170250,2,1, , , ,40, ,1,4, , , , , , , , , , , , ,8010,5414,2, ,3,2,2,2,1,1,1,2,2,2,1,1,10,1,2, , , ,1,40, , , , , , , , , , , ,1, , , , ,600,55,1,10, , , ,2, ,2, ,2, ,2, ,2, ,2, , , , , , , , , , , , , , ,1,2512,"26,809707626363",4,665.0,"332,5",1,1, ,1,5,14,17,1,0,0,170150265502,1701502655020700512,17015026550207005112,1701502655020700510112,202512,12
1,170150,170150,57,1,1,1,1,33,1,1,10,6,2, ,5,6,6, , , ,6,1, ,1,1, , , ,50, ,1,4, , , , , , , , , , , , ,4921,8331,1, ,3,2,2,2,1,1,1,2,2,2,1,1,10,1,2, , , ,1,50, , , , , , , , , , , ,1, , , , ,875,90,1,15, , , ,2, ,2, ,2, ,2, ,2, ,2, , , , , , , , , , , , , , ,1,2512,"87,6607628495422",4,980.0,980,1,1, ,1,8,8,17,1,0,0,170150344903,1701503449030570105,17015034490305701105,1701503449030570110105,202505,5
1,170150,170150,73,5,1,1,1,34,1,10,10,1,2, ,5,6,2, , , ,6,1, ,2,1, , , ,30,1, ,1,1,10,7, , , , , , , , , ,2511,7212,2, ,3,2,2,2,2,2,2,2,2,2,2,2,10,1,1,5,2,1,1,30, , , , , , , , , , , ,5, , , , ,300,0,2, , , , ,2, ,2, ,1,120,2, ,2, ,2, , , , , , , , , , , , , , ,1,2513,"30,2399285540651",3,300.0,105,2,1, ,1,7,3,17,1,0,0,170150004702,1701500047020730509,17015000470207305109,1701500047020730510109,202509,9
1,170150,170150,54,7,1,3,1,32,3,10,10,6,2, ,5,6,6, , , ,6,1, ,1,1, , , ,40, ,1,4, , , , , , , , , , , , ,8121,9112,2, ,3,2,2,2,2,2,2,2,2,2,2,2,3,1,1,10,1,1,1,40, , , , , , , , , , , ,5, , , , ,470,0,2, , , , ,2, ,2, ,2, ,2, ,2, ,2, , , , , , , , , , , , , , ,1,2513,"37,0962150552213",4,470.0,218,1,1, ,1,9,14,17,1,0,0,170150115602,1701501156020540707,17015011560205407107,1701501156020540710307,202507,7
1,170150,170150,69,2,1,2,2,35,2,10,10,1,2, ,8,6,6, , , ,6,1, ,1,2,12,2, , , , , , , , , ,11, ,9, ,4, , , , , , , , , , , , , , , , , , , , , , , , , , , , , , , , , , , , , , ,5, , , , , , , , , , , ,2, ,2, ,2, ,2, ,2, ,2, , , , , , , , , , , , , , ,1,2513,"36,7628858114352",4,0.0,"192,5",9, , , , , ,17,1,0,0,170150331102,1701503311020690211,17015033110206902111,1701503311020690210211,202511,11
1,170150,170150,55,7,1,1,2,31,1,1,10,6,2, ,5,6,6, , , ,6,1, ,1,1, , , ,40, ,1,4, , , , , , , , , , , , ,5610,9112,2, ,2,2,2,2,1,1,1,2,2,2,1,1,6,1,2, , , ,1,40, , , , , , , , , , , ,1, , , , ,500,50,1,8, , , ,2, ,2, ,2, ,2, ,2, ,2, , , , , , , , , , , , , , ,1,2512,"56,2627199682636",4,558.0,279,1,1, ,1,9,9,17,1,0,0,170150036802,1701500368020550711,17015003680205507111,1701500368020550710111,202511,11
2,170183,170183,56,1,1,3,1,33,3,10,10,3,2, ,3,9,4, ,2, ,6,2,170150,1,1, , , ,30,1, ,4, , , , , , , , , , , , ,146,6122,6,2, , , , , , , , , , , , ,2,10,1,1,3,2,1,30, , , , , , , , , , , ,5,200,2, ,20, , , , , , , ,2, ,2, ,2, ,2, ,2, ,2, , , , , , , , , , , , , , ,1,1723,"55,7443867964457",5,180.0,"253,333333333333",4,1, ,2,6,1,17,6,0,0,170183900401,1701839004010560102,17018390040105601102,1701839004010560110302,202502,2
1,170150,170150,40,5,1,1,1,35,1,1,10,1,2, ,3,6,6, , , ,6,1, ,1,1, , , ,32,8, ,4, , , , , , , , , , , , ,4649,4321,2, ,2,2,2,2,1,1,1,2,2,1,1,1,8,1,1,14,1,1,1,40, , , , , , , , , , , ,1, , , , ,870,50,1,40, , , ,2, ,2, ,2, ,2, ,2, ,2, , , , , , , , , , , , , , ,1,2512,"14,4275510858889",4,960.0,192,1,1, ,1,4,7,17,1,0,0,170150231802,1701502318020400501,17015023180204005101,1701502318020400510101,202501,1
1,170150,170150,62,5,1,3,1,32,9,10,10,5,2, ,5,8,3, ,1,20610303,1,2,150150,3,1, , , ,48, ,1,4, , , , , , , , , , , , ,4741,5223,2, ,3,2,2,2,2,2,2,2,2,2,2,2,0,1,1,5,1,1,1,48, , , , , , , , , , , ,5, , , , ,300,0,2, , , , ,2, ,2, ,2, ,2, ,2, ,2, , , , , , , , , , , , , , ,1,2513,"39,7069372991038",5,300.0,"417,5",4,1, ,1,5,7,17,1,0,0,170150375402,1701503754020620504,17015037540206205104,1701503754020620510304,202504,4
1,170150,170150,54,1,1,3,2,34,3,10,10,6,2, ,2,9,5, ,1,30710102,6,1, ,3,1, , , ,8,1, ,3,1,40,3,1, , , , , , , , ,8549,2310,6,2, , , , , , , , , , , , ,3,8,1,1,3,2,1,8, , , , , , , , , , , ,5,40,2, ,0, , , , , , , ,2, ,2, ,2, ,2, ,2, ,2, , , , , , , , , , , , , , ,1,2513,"37,8548104915456",5,40.0,"157,5",2,1, ,2,2,16,17,1,0,0,170150148401,1701501484010540107,17015014840105401107,1701501484010540110307,202507,7
2,170450,170450,54,1,1,3,2,34,3,1,10,6,2, ,3,6,6, , , ,6,1, ,1,1, , , ,40, ,1,4, , , , , , , , , , , , ,119,6113,2, ,2,1,2,2,1,1,1,2,2,1,1,1,3,11,1,12,1,1,1,40, , , , , , , , , , , ,1, , , , ,430,40,1,70, , , ,2, ,1,140,2, ,2, ,2, ,2, , , , , , , , , , , , , , ,1,1721,"46,4310373440076",4,540.0,"3285,66666666667",1,1, ,1,6,1,17,6,0,0,170450900902,1704509009020540107,17045090090205401107,1704509009020540110307,202507,7
1,170156,170156,73,5,1,2,2,35,2,2,10,1,2, ,2,9,5, ,1,30410302,6,1, ,2,2,12,2, , , , , , , , , ,11, ,9, ,4, , , , , , , , , , , , , , , , , , , , , , , , , , , , , , , , , , , , , , ,2, , , , , , , , , , , ,2, ,2, ,2, ,2, ,2, ,2, , , , , , , , , , , , , , ,1,1712,"169,623008563005",5,0.0,400,9, , , , , ,17,6,0,0,170156064101,1701560641010730512,17015606410107305112,1701560641010730510212,202512,12
1,170150,170150,66,5,1,8,2,30,7,1,10,4,2, ,5,5,7,1, , ,1,2,100455,2,1, , , ,40, ,1,4, , , , , , , , , , , , ,1702,9321,2, ,3,2,2,2,2,2,2,2,2,2,2,2,0,1,1,25,1,1,1,40, , , , , , , , , , , ,5, , , , ,400,0,2, , , , ,2, ,1,470,2, ,2, ,2, ,2, , , , , , , , , , , , , , ,1,2513,"83,596527314181",3,400.0,"264,727272727273",4,1, ,1,9,3,17,1,0,0,170150027802,1701500278020660508,17015002780206605108,1701500278020660510808,202508,8
1,170150,170150,68,1,1,2,2,31,2,10,10,5,2, ,2,8,3, ,1,20920201,6,1, ,1,1, , , ,24,8, ,4, , , , , , , , , , , , ,8510,2342,6,2, , , , , , , , , , , , ,5,8,1,1,3,1,1,40, , , , , , , , , , , ,5,800,2, ,0, , , , , , , ,2, ,2, ,2, ,2, ,2, ,2, , , , , , , , , , , , , , ,1,2512,"38,5157321697483",5,800.0,"267,666666666667",1,1, ,1,2,16,17,1,0,0,170150258701,1701502587010680110,17015025870106801110,1701502587010680110210,202510,10
1,170150,170150,66,8,1,3,2,31,3,1,10,3,2, ,2,9,5, ,1,30410302,6,1, ,2,1, , , ,40, ,1,4, , , , , , , , , , , , ,4100,1211,2, ,2,2,2,2,1,2,1,2,2,2,1,1,3,1,1,25,1,1,1,40, , , , , , , , , , , ,1, , , , ,800,82,2, , , , ,2, ,2, ,2, ,2, ,2, ,2, , , , , , , , , , , , , , ,1,2511,"39,6576307809648",5,882.0,"620,5",1,1, ,1,1,6,17,1,0,0,170150146706,1701501467060660805,17015014670606608105,1701501467060660810305,202505,5
1,170150,170150,54,2,1,1,2,31,1,1,10,5,2, ,2,10,2, ,1,51020202,6,1, ,1,1, , , ,50, ,1,4, , , , , , , , , , , , ,8541,1120,2, ,2,1,2,1,1,1,1,2,2,2,1,1,3,1,1,60,1,1,2,30,20,0,4520,1439,5,2,6,1,6,1,1,1, , , , ,2200,300,1,130,4000,2, ,2, ,2, ,2, ,2, ,2, ,2, , , , , , , , , , , , , , ,1,2511,"58,757198131101",5,6630.0,2820,1,1, ,1,1,16,17,1,0,0,170150010205,1701500102050540207,17015001020505402107,1701500102050540210107,202507,7
1,170151,170151,58,6,1,3,1,32,3,10,10,6,2, ,2,9,5, ,1,30730301,6,2,90150,1,1, , , ,40, ,1,4, , , , , , , , , , , , ,7110,2161,6,2, , , , , , , , , , , , ,1,9,1,1,3,2,1,40, , , , , , , , , , , ,5,400,2, ,70, , , , , , , ,2, ,2, ,2, ,2, ,2, ,2, , , , , , , , , , , , , , ,1,1712,"119,769739403829",5,330.0,"593,333333333333",4,1, ,2,2,13,17,6,0,0,170151005502,1701510055020580603,17015100550205806103,1701510055020580610303,202503,3
2,170454,170454,65,1,1,1,1,31,1,10,10,5,2, ,2,9,5, ,1,30810106,6,1, ,2,1, , , ,40, ,1,4, , , , , , , , , , , , ,119,2132,2, ,3,1,2,2,2,2,2,2,2,2,2,2,3,11,1,10,4,3,1,40, , , , , , , , , , , ,5, , , , ,470,0,1,50, , , ,2, ,2, ,2, ,2, ,2, ,2, , , , , , , , , , , , , , ,1,1721,"46,3198796470653",5,520.0,"346,666666666667",1,1, ,4,2,1,17,6,0,0,170454901102,1704549011020650107,17045490110206501107,1704549011020650110107,202507,7
1,170150,170150,71,7,1,1,1,32,1,10,10,5,2, ,11,4,6,1, , ,6,2,50150,2,1, , , ,40, ,1,1,2, , , , , , , , , , , ,4100,7112,4, ,6,2,2,2,2,2,2,2,2,2,2,2,10,2,1,2,3,2,1,40, , , , , , , , , , , ,5, , , , ,350,0,2, , , , ,2, ,2, ,2, ,2, ,2, ,2, , , , , , , , , , , , , , ,1,2513,"116,442028897334",3,350.0,"87,5",4,1, ,2,7,6,17,1,1,0,170150252703,1701502527030710707,17015025270307107107,1701502527030710710107,202507,7
1,170150,170150,54,8,1,3,2,34,3,1,5,6,2, ,2,10,2, ,1,50210204,6,1, ,1,1, , , ,40, ,1,4, , , , , , , , , , , , ,1071,3122,2, ,2,1,2,1,1,2,1,1,2,2,1,1,4,1,2, , , ,1,40, , , , , , , , , , , ,1, , , , ,1500,200,1,60, , , ,2, ,2, ,2, ,2, ,2, ,2, , , , , , , , , , , , , , ,1,2511,"12,8460502606457",5,1760.0,"1296,66666666667",1,1, ,1,3,3,17,1,0,0,170150213702,1701502137020540807,17015021370205408107,1701502137020540810307,202507,7
1,170150,170150,60,4,1,2,2,30,2,1,5,1,2, ,5,9,5, ,1,30730201,6,1, ,2,1, , , ,40, ,1,4, , , , , , , , , , , , ,4321,2142,2, ,2,2,2,2,1,2,1,2,2,2,1,1,3,1,1,2,2,1,1,40, , , , , , , , , , , ,1, , , , ,500,60,2, , , , ,2, ,2, ,2, ,2, ,2, ,2, , , , , , , , , , , , , , ,1,2511,"44,3910235624592",5,560.0,"227,5",1,1, ,1,2,6,17,1,0,0,170150187802,1701501878020600409,17015018780206004109,1701501878020600410209,202509,9
1,170150,170150,54,5,1,2,1,32,3,1,10,6,2, ,5,9,1, ,2, ,6,1, ,1,1, , , ,50, ,1,4, , , , , , , , , , , , ,5610,5131,2, ,3,2,2,2,1,1,1,2,2,2,1,1,1,1,2, , , ,1,50, , , , , , , , , , , ,1, , , , ,500,80,1,6, , , ,2, ,2, ,2, ,2, ,2, ,2, , , , , , , , , , , , , , ,1,2511,"38,0144412805341",5,586.0,294,1,1, ,1,5,9,17,1,0,0,170150064001,1701500640010540504,17015006400105405104,1701500640010540510204,202504,4
1,170177,170177,67,5,1,1,2,31,1,1,10,1,2, ,5,6,6, , , ,6,1, ,1,1, , , ,50, ,1,4, , , , , , , , , , , , ,2100,9321,2, ,3,1,2,1,1,1,1,2,2,1,1,1,4,1,2, , , ,1,50, , , , , , , , , , , ,1, , , , ,560,60,1,65, , , ,2, ,2, ,2, ,2, ,2, ,2, , , , , , , , , , , , , , ,1,1713,"268,291275697011",4,685.0,"246,25",1,1, ,1,9,3,17,6,0,0,170177091903,1701770919030670506,17017709190306705106,1701770919030670510106,202506,6
2,170184,170184,72,2,1,1,1,33,1,1,10,5,2, ,2,8,3, ,1,20610402,6,1, ,2,1, , , ,30,1, ,1,1,4,7, , , , , , , , , ,4711,9334,2, ,2,2,2,2,1,1,1,2,2,2,1,1,7,1,2, , , ,1,30, , , , , , , , , , , ,1, , , , ,500,45,1,10, , , ,2, ,2, ,1,150,2, ,2, ,2, , , , , , , , , , , , , , ,1,1723,"15,1648238198001",5,555.0,385,2,1, ,1,9,7,17,6,0,0,170184901601,1701849016010720208,17018490160107202108,1701849016010720210108,202508,8
1,170150,170150,76,4,1,2,2,33,2,1,4,1,2, ,2,9,4, ,1,30320101,6,1, ,1,1, , , ,40, ,1,4, , , , , , , , , , , , ,8610,3343,2, ,3,2,2,2,1,2,1,2,2,2,1,1,6,1,2, , , ,1,40, , , , , , , , , , , ,1, , , , ,1000,48,2, , , , ,2, ,2, ,2, ,2, ,2, ,2, , , , , , , , , , , , , , ,1,2513,"29,711367203649",5,1048.0,"992,666666666667",1,1, ,1,3,17,17,1,0,0,170150380801,1701503808010760412,17015038080107604112,1701503808010760410212,202512,12
2,170184,170184,66,6,1,2,2,32,2,10,10,1,2, ,3,9,3, ,2, ,6,3,862,2,1, , , ,20,1, ,4, , , , , , , , , , , , ,5610,5131,2, ,3,1,2,2,2,2,2,2,2,2,2,2,0,1,1,12,2,1,1,20, , , , , , , , , , , ,5, , , , ,275,0,1,60, , , ,2, ,2, ,2, ,2, ,2, ,2, , , , , , , , , , , , , , ,1,1723,"189,478670057707",5,335.0,338,4,1, ,1,5,9,17,6,0,0,170184908504,1701849085040660608,17018490850406606108,1701849085040660610208,202508,8
1,170185,170185,72,5,1,2,2,33,2,10,10,1,2, ,3,4,6,1, , ,6,1, ,2,2,12,2, , , , , , , , , ,11, ,9, ,4, , , , , , , , , , , , , , , , , , , , , , , , , , , , , , , , , , , , , , ,5, , , , , , , , , , , ,2, ,2, ,2, ,2, ,2, ,2, , , , , , , , , , , , , , ,1,1711,"107,127222482817",3,0.0,"152,25",9, , , , , ,17,6,0,0,170185104904,1701851049040720511,17018510490407205111,1701851049040720510211,202511,11
1,170177,170177,68,1,1,1,1,32,1,1,10,1,2, ,5,6,6, , , ,6,1, ,2,1, , , ,40, ,1,4, , , , , , , , , , , , ,2220,9321,2, ,2,2,2,2,1,2,1,2,2,2,1,1,14,1,1,20,1,1,1,40, , , , , , , , , , , ,1, , , , ,470,45,2, , , , ,2, ,2, ,1,250,2, ,2, ,2, , , , , , , , , , , , , , ,1,1713,"281,632063274928",4,515.0,255,1,1, ,1,9,3,17,6,0,0,170177093901,1701770939010680110,17017709390106801110,1701770939010680110110,202510,10
1,170150,170150,63,6,1,2,2,34,3,1,10,6,2, ,2,10,1, ,1,50110108,6,2,60150,2,1, , , ,50, ,1,4, , , , , , , , , , , , ,8521,2230,2, ,2,2,2,2,1,2,1,2,2,2,1,1,7,1,1,35,1,1,2,40,10,0,8549,2359,6,2,8,1,1,3,2,1, , , , ,700,60,2, ,120,2, ,2, ,2, ,2, ,2, ,2, ,2, , , , , , , , , , , , , , ,1,2511,"21,0214584115387",5,880.0,675,1,1, ,1,2,16,17,1,0,0,170150251104,1701502511040630602,17015025110406306102,1701502511040630610202,202502,2
2,170184,170184,65,1,1,2,1,34,3,1,10,3,2, ,5,8,3, ,1,20610102,6,2,170150,1,1, , , ,40, ,1,4, , , , , , , , , , , , ,2100,3512,2, ,2,1,2,1,1,2,1,2,2,1,1,1,13,1,2, , , ,1,40, , , , , , , , , , , ,1, , , , ,700,60,1,150, , , ,2, ,2, ,2, ,2, ,2, ,2, , , , , , , , , , , , , , ,1,1723,"43,054431734515",5,910.0,"503,333333333333",1,1, ,1,3,3,17,6,0,0,170184909201,1701849092010650107,17018490920106501107,1701849092010650110207,202507,7
1,170155,170155,74,4,1,2,2,34,3,10,10,1,2, ,5,6,6, , , ,6,2,40150,1,1, , , ,20,1, ,4, , , , , , , , , , , , ,4721,5221,6,2, , , , , , , , , , , , ,15,6,1,1,3,2,1,20, , , , , , , , , , , ,5,300,2, ,120, , , , , , , ,2, ,2, ,2, ,2, ,2, ,2, , , , , , , , , , , , , , ,1,1713,"98,9398597592001",4,180.0,"344,75",4,1, ,2,5,7,17,6,0,0,170155020304,1701550203040740410,17015502030407404110,1701550203040740410210,202510,10
1,170150,170150,53,2,1,2,1,34,3,1,10,6,2, ,5,9,2, ,2, ,6,1, ,1,1, , , ,40, ,1,4, , , , , , , , , , , , ,7911,4221,2, ,3,2,2,2,1,2,1,2,2,2,1,1,4,1,1,10,2,1,1,40, , , , , , , , , , , ,1, , , , ,500,50,2, , , , ,2, ,2, ,2, ,2, ,2, ,2, , , , , , , , , , , , , , ,1,2511,"33,2928540370707",5,550.0,"487,5",1,1, ,1,4,14,17,1,0,0,170150213705,1701502137050530204,17015021370505302104,1701502137050530210204,202504,4
1,170150,170150,65,2,1,1,1,31,1,1,10,6,2, ,2,10,2, ,1,50410311,6,2,10150,1,1, , , ,40, ,1,4, , , , , , , , , , , , ,6201,2512,2, ,2,2,2,2,1,2,1,2,2,2,1,1,6,1,2, , , ,1,40, , , , , , , , , , , ,1, , , , ,2499,240,2, , , , ,2, ,2, ,2, ,2, ,2, ,2, , , , , , , , , , , , , , ,1,2511,"23,6375364944293",5,2739.0,2739,1,1, ,1,2,10,17,1,0,0,170150038601,1701500386010650207,17015003860106502107,1701500386010650210107,202507,7
1,170150,170150,68,9,1,2,2,30,2,10,10,1,2, ,2,8,3, ,1,20410402,1,2,100450,2,1, , , ,30,1, ,4, , , , , , , , , , , , ,4711,5221,6,2, , , , , , , , , , , , ,1,6,1,1,3,1,1,30, , , , , , , , , , , ,5,400,1,40,100, , , , , , , ,2, ,2, ,2, ,2, ,2, ,2, , , , , , , , , , , , , , ,1,2512,"456,411852889476",5,340.0,"493,333333333333",4,1, ,1,5,7,17,1,0,0,170150037902,1701500379020680910,17015003790206809110,1701500379020680910210,202510,10
1,170150,170150,74,8,1,2,1,32,3,2,10,2,2, ,2,9,4, ,1,30320101,6,1, ,1,2,12,2, , , , , , , , , ,9,52, , , ,1,2,52,7310,3339,2, , , , , , , , , , , , , , , , , , , , , , , , , , , , , , , , ,5, , , , , , , , , , , ,2, ,2, ,2, ,2, ,2, ,2, ,2,2,1,1,1,2,2,2,2,2,2,2,1,1,2511,"19,6304532976635",5,0.0,450,7, ,1, , , ,17,1,0,0,170150385801,1701503858010740810,17015038580107408110,1701503858010740810210,202510,10
1,170150,170150,68,1,1,2,2,35,3,10,10,6,2, ,5,6,6, , , ,6,1, ,2,1, , , ,10,1, ,1,1,20,1,4, , , , , , , , ,3290,7317,6,2, , , , , , , , , , , , ,4,9,1,1,2,2,1,10, , , , , , , , , , , ,5,80,2, ,0, , , , , , , ,2, ,2, ,2, ,2, ,2, ,2, , , , , , , , , , , , , , ,1,2513,"119,079522457263",4,80.0,312,2,1, ,2,7,3,17,1,0,0,170150090603,1701500906030680110,17015009060306801110,1701500906030680110210,202510,10
1,170150,170150,69,1,1,2,2,35,3,10,10,2,2, ,3,6,6, , , ,6,2,110150,2,1, , , ,60, ,1,4, , , , , , , , , , , , ,3290,7319,6,2, , , , , , , , , , , , ,15,9,1,1,3,2,1,60, , , , , , , , , , , ,5,900,2, ,500, , , , , , , ,2, ,2, ,1,250,2, ,2, ,2, , , , , , , , , , , , , , ,1,2512,"25,5741890035794",4,400.0,"162,5",4,1, ,2,7,3,17,1,0,0,170150259002,1701502590020690108,17015025900206901108,1701502590020690110208,202508,8
1,170150,170150,58,5,1,2,2,30,3,10,10,6,2, ,5,7,3, , , ,6,1, ,1,1, , , ,40, ,1,4, , , , , , , , , , , , ,5229,3331,2, ,2,2,2,2,2,2,2,2,2,2,2,2,6,1,1,5,1,1,1,40, , , , , , , , , , , ,5, , , , ,500,0,2, , , , ,2, ,2, ,2, ,2, ,2, ,2, , , , , , , , , , , , , , ,1,2512,"60,5908896216682",4,500.0,"443,333333333333",1,1, ,1,3,8,17,1,0,0,170150309604,1701503096040580503,17015030960405805103,1701503096040580510203,202503,3
1,170150,170150,62,1,1,1,2,34,1,1,10,3,1,6, ,10,1, ,1,30410701,6,1, ,1,1, , , ,24,8, ,4, , , , , , , , , , , , ,5223,3343,2, ,2,1,2,1,1,1,1,2,2,1,1,1,6,1,2, , , ,1,40, , , , , , , , , , , ,1, , , , ,450,150,1,100, , , ,2, ,1,200,2, ,2, ,2, ,2, , , , , , , , , , , , , , ,1,2512,"155,97821525672",5,700.0,225,1,1, ,1,3,8,17,1,0,0,170150297402,1701502974020620104,17015029740206201104,1701502974020620110104,202504,4
1,170150,170150,68,3,1,2,2,33,3,1,10,6,2, ,5,9,4, ,2, ,6,1, ,1,1, , , ,40, ,1,4, , , , , , , , , , , , ,6511,3321,2, ,3,2,2,2,1,1,1,2,2,2,1,1,2,1,2, , , ,1,40, , , , , , , , , , , ,1, , , , ,500,50,1,5, , , ,2, ,2, ,1,200,2, ,2, ,2, , , , , , , , , , , , , , ,1,2511,"30,7496016288718",5,555.0,"310,5",1,1, ,1,3,11,17,1,0,0,170150308402,1701503084020680307,17015030840206803107,1701503084020680310207,202507,7
1,170150,170150,63,4,1,2,2,31,2,10,10,1,2, ,15,6,6, , , ,6,1, ,2,2,12,2, , , , , , , , , ,11, ,9, ,4, , , , , , , , , , , , , , , , , , , , , , , , , , , , , , , , , , , , , , ,5, , , , , , , , , , , ,2, ,2, ,2, ,2, ,2, ,2, , , , , , , , , , , , , , ,1,2513,"105,220966019092",4,0.0,"143,6",9, , , , , ,17,1,0,0,170150062402,1701500624020630405,17015006240206304105,1701500624020630410205,202505,5
1,170155,170155,56,6,1,2,2,34,2,10,10,5,2, ,3,6,3, , , ,6,1, ,2,2,12,2, , , , , , , , , ,11, ,9, ,4, , , , , , , , , , , , , , , , , , , , , , , , , , , , , , , , , , , , , , ,5, , , , , , , , , , , ,2, ,2, ,2, ,2, ,2, ,2, , , , , , , , , , , , , , ,1,1713,"90,9817493623045",3,0.0,"126,6",9, , , , , ,17,6,0,0,170155014901,1701550149010560605,17015501490105606105,1701550149010560610205,202505,5
1,170150,170150,57,7,1,1,1,32,1,1,10,1,2, ,2,9,5, ,1,30330101,6,1, ,2,1, , , ,40, ,1,4, , , , , , , , , , , , ,6419,2611,2, ,2,2,2,2,1,2,1,2,2,2,1,1,9,1,2, , , ,1,40, , , , , , , , , , , ,1, , , , ,1500,150,2, , , , ,2, ,2, ,2, ,2, ,2, ,2, , , , , , , , , , , , , , ,1,2512,"78,0458978912328",5,1650.0,"412,5",1,1, ,1,2,11,17,1,0,0,170150246003,1701502460030570708,17015024600305707108,1701502460030570710108,202508,8
1,170150,170150,63,5,1,2,2,35,2,10,10,5,2, ,11,4,6,1, , ,6,1, ,2,2,12,2, , , , , , , , , ,11, ,9, ,4, , , , , , , , , , , , , , , , , , , , , , , , , , , , , , , , , , , , , , ,5, , , , , , , , , , , ,2, ,2, ,2, ,2, ,2, ,2, , , , , , , , , , , , , , ,1,2513,"131,024273071983",3,0.0,"88,125",9, , , , , ,17,1,1,0,170150073501,1701500735010630502,17015007350106305102,1701500735010630510202,202502,2
1,170150,170150,65,3,1,1,1,32,1,10,10,1,2, ,2,8,3, ,1,20710303,6,1, ,2,1, , , ,40, ,1,4, , , , , , , , , , , , ,4520,3113,5,2, , , , , , , , , , , , ,11,6,1,2,2,1,1,40, , , , , , , , , , , ,5,1500,2, ,400, , , , , , , ,1,500,2, ,2, ,2, ,2, ,2, , , , , , , , , , , , , , ,1,2511,"36,9816095765497",5,1100.0,"533,333333333333",1,1, ,1,3,7,17,1,0,0,170150152002,1701501520020650304,17015015200206503104,1701501520020650310104,202504,4
1,170184,170184,59,3,1,3,1,32,3,10,10,6,2, ,5,9,2, ,2, ,6,2,100150,1,1, , , ,40, ,1,4, , , , , , , , , , , , ,4922,8331,2, ,3,2,2,2,2,2,2,2,2,2,2,2,20,3,1,2,2,3,1,40, , , , , , , , , , , ,5, , , , ,600,0,2, , , , ,2, ,2, ,2, ,2, ,2, ,2, , , , , , , , , , , , , , ,1,1713,"32,672991982296",5,600.0,"287,5",1,1, ,4,8,8,17,6,0,0,170184107601,1701841076010590306,17018410760105903106,1701841076010590310306,202506,6
1,170150,170150,73,4,1,2,1,32,3,10,10,6,2, ,5,6,6, , , ,1,1, ,1,1, , , ,40, ,1,4, , , , , , , , , , , , ,1410,9329,7, , , , , , , , , , , , , ,15,9,1,2,2,1,1,40, , , , , , , , , , , ,5, , , , , , , , , , , ,2, ,2, ,2, ,2, ,2, ,2, , , , , , , , , , , , , , ,1,2513,"29,3224605395465",4,0.0,475,5,1, ,1,9,3,17,1,0,0,170150157701,1701501577010730412,17015015770107304112,1701501577010730410212,202512,12
1,170150,170150,54,5,1,3,1,31,3,1,10,6,2, ,2,9,5, ,1,30910205,6,1, ,1,1, , , ,40, ,1,4, , , , , , , , , , , , ,3510,2211,1, ,3,2,2,2,1,1,1,2,2,2,1,1,6,1,2, , , ,1,40, , , , , , , , , , , ,1, , , , ,1600,200,1,13, , , ,2, ,2, ,2, ,2, ,2, ,2, , , , , , , , , , , , , , ,1,2511,"21,740196154325",5,1813.0,"685,75",1,1, ,1,2,4,17,1,0,0,170150073001,1701500730010540507,17015007300105405107,1701500730010540510307,202507,7
1,170150,170150,64,6,1,2,1,31,7,10,10,6,2, ,3,8,3, ,1,20410201,6,2,100150,1,1, , , ,20,1, ,1,1,20,7, , , , , , , , , ,4791,5244,6,2, , , , , , , , , , , , ,3,9,1,1,3,1,1,20, , , , , , , , , , , ,5,1500,2, ,900, , , , , , , ,2, ,2, ,2, ,2, ,2, ,2, , , , , , , , , , , , , , ,1,2511,"27,204117124183",5,600.0,800,2,1, ,1,5,7,17,1,0,0,170150197707,1701501977070640606,17015019770706406106,1701501977070640610206,202506,6
1,170150,170150,51,3,1,3,2,34,3,10,10,1,2, ,3,6,6, , , ,6,1, ,3,2,12,2, , , , , , , , , ,11, ,9, ,4, , , , , , , , , , , , , , , , , , , , , , , , , , , , , , , , , , , , , , ,5, , , , , , , , , , , ,2, ,2, ,2, ,2, ,2, ,2, , , , , , , , , , , , , , ,1,2511,"74,6379911557571",4,0.0,282,9, , , , , ,17,1,0,0,170150147502,1701501475020510303,17015014750205103103,1701501475020510310303,202503,3
1,170150,170150,63,1,1,3,2,32,3,10,10,2,2, ,2,8,3, ,1,20910201,6,1, ,2,2,12,2, , , , , , , , , ,11, ,8, ,4, , , , , , , , , , , , , , , , , , , , , , , , , , , , , , , , , , , , , , ,5, , , , , , , , , , , ,2, ,2, ,2, ,2, ,2, ,2, , , , , , , , , , , , , , ,1,2511,"14,1182582282864",5,0.0,460,9, , , , , ,17,1,0,0,170150076903,1701500769030630102,17015007690306301102,1701500769030630110302,202502,2
1,170150,170150,63,4,1,2,1,30,2,1,10,5,2, ,2,9,5, ,1,30330101,6,1, ,1,1, , , ,40, ,1,4, , , , , , , , , , , , ,8423,4415,1, ,1,2,2,2,1,2,1,2,2,2,1,1,5,1,2, , , ,1,40, , , , , , , , , , , ,1, , , , ,700,70,2, , , , ,2, ,2, ,2, ,2, ,2, ,2, , , , , , , , , , , , , , ,1,2511,"14,1182582282864",5,770.0,"812,5",1,1, ,1,4,15,17,1,0,0,170150076903,1701500769030630402,17015007690306304102,1701500769030630410202,202502,2
1,170150,170150,70,6,1,3,1,33,3,1,10,6,2, ,2,9,5, ,1,30730301,6,1, ,1,1, , , ,40, ,1,4, , , , , , , , , , , , ,7310,2163,2, ,2,1,2,2,1,1,1,2,2,2,1,1,1,1,1,30,1,1,1,40, , , , , , , , , , , ,1, , , , ,700,60,1,45, , , ,2, ,2, ,2, ,2, ,2, ,2, , , , , , , , , , , , , , ,1,2511,"19,4782677305202",5,805.0,"601,666666666667",1,1, ,1,2,13,17,1,0,0,170150170601,1701501706010700612,17015017060107006112,1701501706010700610312,202512,12
1,170150,170150,62,3,1,2,1,31,3,1,10,6,1,6, ,8,2, ,2, ,6,1, ,1,1, , , ,40, ,1,4, , , , , , , , , , , , ,8291,4214,2, ,2,2,2,2,1,2,1,2,2,1,1,1,1,1,1,10,1,1,1,40, , , , , , , , , , , ,1, , , , ,600,54,1,25, , , ,2, ,2, ,2, ,2, ,2, ,2, , , , , , , , , , , , , , ,1,2512,"44,5965741720694",5,679.0,"589,666666666667",1,1, ,1,4,14,17,1,0,0,170150086401,1701500864010620304,17015008640106203104,1701500864010620310204,202504,4
1,170150,170150,66,2,1,1,1,32,1,1,10,5,2, ,5,6,6, , , ,6,1, ,2,1, , , ,48, ,1,4, , , , , , , , , , , , ,2825,7212,2, ,2,2,2,2,1,1,1,2,1,1,1,1,1,1,1,60,1,1,1,48, , , , , , , , , , , ,1, , , , ,470,70,1,58, , , ,2, ,2, ,2, ,2, ,2, ,2, , , , , , , , , , , , , , ,1,2512,"56,5711008527212",4,598.0,"149,5",1,1, ,1,7,3,17,1,0,0,170150064102,1701500641020660208,17015006410206602108,1701500641020660210108,202508,8
1,170150,170150,69,6,1,2,1,34,2,10,10,5,2, ,5,6,6, , , ,1,1, ,1,1, , , ,40, ,1,4, , , , , , , , , , , , ,4799,9520,6,2, , , , , , , , , , , , ,20,3,1,1,3,2,1,40, , , , , , , , , , , ,5,400,2, ,150, , , , , , , ,2, ,2, ,2, ,2, ,2, ,2, , , , , , , , , , , , , , ,1,2513,"27,8032158406557",4,250.0,275,4,1, ,2,9,7,17,1,0,0,170150239703,1701502397030690611,17015023970306906111,1701502397030690610211,202511,11
1,170150,170150,66,5,1,7,1,32,7,1,10,5,2, ,3,4,6,1, , ,1,2,100450,7,1, , , ,40, ,1,4, , , , , , , , , , , , ,9601,9121,2, ,2,2,2,2,1,2,1,2,2,2,1,1,11,1,1,25,1,1,1,40, , , , , , , , , , , ,1, , , , ,470,45,2, , , , ,2, ,2, ,2, ,2, ,2, ,2, , , , , , , , , , , , , , ,1,2513,"79,9038014697726",3,515.0,"198,454545454545",1,1, ,1,9,19,17,1,0,0,170150027802,1701500278020660505,17015002780206605105,1701500278020660510705,202505,5
1,170150,170150,57,10,1,2,2,31,2,1,10,5,2, ,5,6,6, , , ,6,2,120651,2,1, , , ,20,1, ,4, , , , , , , , , , , , ,9700,9111,10, ,2,2,2,2,1,1,1,2,2,2,1,1,2,8,1,1, , ,1,20, , , , , , , , , , , ,1, , , , ,250,22,1,5, , , ,2, ,2, ,2, ,2, ,2, ,2, , , , , , , , , , , , , , ,1,2513,"33,2159609891569",4,277.0,"398,5",4,1, ,3,9,20,17,1,0,0,170150287802,1701502878020571008,17015028780205710108,1701502878020571010208,202508,8
1,170150,170150,69,4,1,1,1,33,1,1,10,5,2, ,2,9,5, ,1,30610401,6,2,70150,2,1, , , ,40, ,1,4, , , , , , , , , , , , ,8010,5414,2, ,2,2,2,2,1,1,1,2,2,2,1,1,7,1,1,30,1,1,1,40, , , , , , , , , , , ,1, , , , ,1000,100,1,10, , , ,2, ,2, ,2, ,2, ,2, ,2, , , , , , , , , , , , , , ,1,2511,"40,1048521463911",5,1110.0,430,1,1, ,1,5,14,17,1,0,0,170150218502,1701502185020690411,17015021850206904111,1701502185020690410111,202511,11
1,170164,170164,70,2,1,3,1,34,3,10,10,6,2, ,3,6,6, , , ,6,1, ,2,1, , , ,40, ,1,4, , , , , , , , , , , , ,4100,7112,4, ,6,2,2,2,2,2,2,2,2,2,2,2,1,2,1,5,3,2,1,40, , , , , , , , , , , ,5, , , , ,600,0,2, , , , ,2, ,2, ,2, ,2, ,2, ,2, , , , , , , , , , , , , , ,1,1711,"102,874351954618",4,600.0,"293,333333333333",1,1, ,2,7,6,17,6,0,0,170164077101,1701640771010700209,17016407710107002109,1701640771010700210309,202509,9
2,170175,170175,64,4,1,1,1,34,1,1,10,1,2, ,11,6,6, , , ,6,1, ,1,1, , , ,40, ,1,4, , , , , , , , , , , , ,1621,8172,2, ,2,2,2,2,1,2,1,2,2,2,1,1,10,1,2, , , ,1,40, , , , , , , , , , , ,1, , , , ,500,50,2, , , , ,2, ,2, ,1,150,2, ,2, ,2, , , , , , , , , , , , , , ,1,1722,"64,894156567514",4,550.0,585,1,1, ,1,8,3,17,6,0,0,170175900801,1701759008010640406,17017590080106404106,1701759008010640410106,202506,6
2,170355,170355,57,3,1,2,2,30,2,10,10,5,2, ,3,7,3, , , ,6,1, ,2,1, , , ,16,1, ,1,1,30,1,4, , , , , , , , ,5610,5131,2, ,5,1,2,2,2,2,2,2,2,2,2,2,5,1,1,5,3,2,1,16, , , , , , , , , , , ,5, , , , ,120,0,1,20, , , ,2, ,2, ,2, ,2, ,1,55,2, , , , , , , , , , , , , , ,1,1721,"109,305859437743",4,140.0,65,2,1, ,2,5,9,17,6,1,0,170355900201,1703559002010570308,17035590020105703108,1703559002010570310208,202508,8
1,170150,170150,53,4,1,3,1,35,3,10,10,6,2, ,3,9,1, ,2, ,6,1, ,3,2,12,2, , , , , , , , , ,8,16, , , ,1,2,16,5320,4412,2, , , , , , , , , , , , , , , , , , , , , , , , , , , , , , , , ,5, , , , , , , , , , , ,2, ,2, ,2, ,2, ,2, ,2, ,2,1,1,1,1,2,2,2,2,2,2,2,1,1,2511,"33,2928540370707",5,0.0,"332,2",7, ,1, , , ,17,1,0,0,170150213705,1701502137050530404,17015021370505304104,1701502137050530410304,202504,4
2,170175,170175,60,6,1,3,2,31,3,1,10,6,2, ,5,6,6, , , ,6,1, ,1,1, , , ,40, ,1,4, , , , , , , , , , , , ,4711,5230,2, ,2,1,2,2,1,1,1,2,2,2,1,1,3,1,2, , , ,1,40, , , , , , , , , , , ,1, , , , ,950,45,1,56, , , ,2, ,2, ,2, ,2, ,2, ,2, , , , , , , , , , , , , , ,1,1722,"23,2787867758366",4,1051.0,"445,75",1,1, ,1,5,7,17,6,0,0,170175900602,1701759006020600609,17017590060206006109,1701759006020600610309,202509,9
2,170355,170355,57,3,1,1,1,32,1,10,10,5,2, ,7,6,6, , , ,6,2,230150,2,2,12,2, , , , , , , , , ,11, ,11, ,5, , , , , , , , , , , , , , , , , , , , , , , , , , , , , , , , , , , , , , ,5, , , , , , , , , , , ,2, ,2, ,2, ,2, ,2, ,2, , , , , , , , , , , , , , ,1,1721,"109,305859437743",4,0.0,65,9, , , , , ,17,6,1,0,170355900201,1703559002010570308,17035590020105703108,1703559002010570310108,202508,8
1,170150,170150,63,6,1,1,1,32,1,4,10,1,2, ,5,8,3, ,1,21030203,6,1, ,2,1, , , ,60, ,1,4, , , , , , , , , , , , ,8423,5412,1, ,1,2,2,2,1,2,1,2,2,2,1,1,8,1,2, , , ,1,60, , , , , , , , , , , ,4, , , , ,800,250,2, , , , ,2, ,2, ,2, ,2, ,2, ,2, , , , , , , , , , , , , , ,1,2511,"323,10906949633",5,1050.0,"262,5",1,1, ,1,5,15,17,1,0,0,170150209904,1701502099040630602,17015020990406306102,1701502099040630610102,202502,2
1,170150,170150,68,1,1,3,1,30,3,1,10,6,2, ,2,9,4, ,1,30910402,6,1, ,2,1, , , ,40, ,1,1,2, , , , , , , , , , , ,8423,2240,1, ,1,2,2,2,1,2,1,2,2,2,1,1,1,1,2, , , ,1,40, , , , , , , , , , , ,1, , , , ,800,100,2, , , , ,2, ,2, ,2, ,2, ,2, ,2, , , , , , , , , , , , , , ,1,2513,"63,5124157960332",5,900.0,"328,75",1,1, ,1,2,15,17,1,0,0,170150389301,1701503893010680107,17015038930106801107,1701503893010680110307,202507,7
1,170150,170150,58,7,1,1,1,31,1,1,10,1,2, ,2,8,3, ,1,20410304,6,1, ,1,1, , , ,40, ,1,4, , , , , , , , , , , , ,4661,2411,2, ,2,2,2,2,1,1,1,2,2,2,1,1,2,1,1,50,1,1,1,40, , , , , , , , , , , ,1, , , , ,1200,75,1,20, , , ,2, ,2, ,2, ,2, ,2, ,2, , , , , , , , , , , , , , ,1,2512,"18,7126657685233",5,1295.0,"923,333333333333",1,1, ,1,2,7,17,1,0,0,170150286602,1701502866020580712,17015028660205807112,1701502866020580710112,202512,12
1,170353,170353,53,7,1,1,1,30,1,10,10,1,2, ,5,7,1, , , ,6,1, ,2,1, , , ,40, ,1,4, , , , , , , , , , , , ,4100,7112,4, ,6,2,2,2,2,2,2,2,2,2,2,2,10,2,1,8,3,2,1,40, , , , , , , , , , , ,5, , , , ,390,0,2, , , , ,2, ,2, ,1,60,2, ,2, ,2, , , , , , , , , , , , , , ,1,1711,"83,2970002862593",4,390.0,114,4,1, ,2,7,6,17,6,0,0,170353017401,1703530174010530704,17035301740105307104,1703530174010530710104,202504,4
1,170150,170150,70,3,1,2,1,34,9,5,10,6,2, ,2,9,5, ,1,30910101,7,3,862,1,1, , , ,7,1, ,4, , , , , , , , , , , , ,8620,2261,6,2, , , , , , , , , , , , ,11,8,1,1,3,1,1,7, , , , , , , , , , , ,5,0,2, ,0, , , , , , , ,2, ,2, ,2, ,2, ,2, ,2, , , , , , , , , , , , , , ,1,2511,"39,0900255506437",5,0.0, ,4,1, ,1,2,17,17,1, , ,170150173301,1701501733010700309,17015017330107003109,1701501733010700310209,202509,9
1,170150,170150,59,1,1,1,2,32,1,10,10,6,1,6, ,8,2, ,2, ,6,1, ,1,1, , , ,40, ,1,4, , , , , , , , , , , , ,4771,5221,6,2, , , , , , , , , , , , ,7,6,1,1,2,2,1,40, , , , , , , , , , , ,5,700,1,50,250, , , , , , , ,2, ,2, ,1,150,2, ,2, ,2, , , , , , , , , , , , , , ,1,2512,"111,477478315278",5,500.0,"162,5",1,1, ,2,5,7,17,1,0,0,170150284002,1701502840020590106,17015028400205901106,1701502840020590110106,202506,6
1,170150,170150,68,2,1,1,1,33,1,5,10,1,2, ,2,9,5, ,1,30210202,6,1, ,1,1, , , ,50, ,1,4, , , , , , , , , , , , ,7310,2166,5,2, , , , , , , , , , , , ,6,9,1,2,2,1,1,50, , , , , , , , , , , ,5,1700,2, ,600, , , , , , , ,2, ,2, ,2, ,2, ,2, ,2, , , , , , , , , , , , , , ,1,2511,"13,1214900080779",5,1100.0,950,1,1, ,1,2,13,17,1,0,0,170150193402,1701501934020680207,17015019340206802107,1701501934020680210107,202507,7
1,170150,170150,66,4,1,1,2,31,1,1,10,6,2, ,2,9,5, ,1,30410603,6,1, ,1,1, , , ,40, ,1,4, , , , , , , , , , , , ,6110,1221,2, ,2,2,2,2,1,1,1,2,2,1,1,1,8,1,1,11,1,1,1,40, , , , , , , , , , , ,1, , , , ,1000,200,1,150, , , ,2, ,2, ,2, ,2, ,2, ,2, , , , , , , , , , , , , , ,1,2513,"119,59352612815",5,1350.0,"634,666666666667",1,1, ,1,1,10,17,1,0,0,170150141404,1701501414040660408,17015014140406604108,1701501414040660410108,202508,8
1,170150,170150,72,2,1,1,1,33,1,10,10,6,2, ,2,9,4, ,1,30410302,6,1, ,1,1, , , ,60, ,1,4, , , , , , , , , , , , ,4663,5243,6,2, , , , , , , , , , , , ,4,9,1,1,1,1,1,60, , , , , , , , , , , ,5,1600,2, ,600, , , , , , , ,2, ,2, ,1,250,2, ,2, ,2, , , , , , , , , , , , , , ,1,2511,"37,2437138202866",5,1000.0,"583,333333333333",1,1, ,1,5,7,17,1,0,0,170150288902,1701502889020720208,17015028890207202108,1701502889020720210108,202508,8
1,170150,170150,58,7,1,1,1,35,1,1,10,1,2, ,2,9,5, ,1,30730201,6,1, ,1,1, , , ,40, ,1,4, , , , , , , , , , , , ,4100,2142,2, ,2,2,2,2,1,2,1,2,2,1,1,1,10,1,1,20,1,1,1,40, , , , , , , , , , , ,1, , , , ,500,150,1,30, , , ,2, ,2, ,2, ,2, ,2, ,2, , , , , , , , , , , , , , ,1,2511,"12,9348721885904",5,680.0,415,1,1, ,1,2,6,17,1,0,0,170150173607,1701501736070580712,17015017360705807112,1701501736070580710112,202512,12
1,170150,170150,58,6,1,5,2,35,4,1,10,5,2, ,2,8,2, ,1,10910301,6,1, ,5,1, , , ,40, ,1,4, , , , , , , , , , , , ,4711,5230,2, ,2,1,2,2,1,1,1,2,2,1,1,1,5,1,2, , , ,1,40, , , , , , , , , , , ,1, , , , ,470,45,1,100, , , ,2, ,2, ,2, ,2, ,2, ,2, , , , , , , , , , , , , , ,1,2512,"19,8326107497714",5,615.0,"483,333333333333",1,1, ,1,5,7,17,1,0,0,170150157403,1701501574030580603,17015015740305806103,1701501574030580610503,202503,3
1,170150,170150,65,5,1,1,1,30,1,1,10,5,2, ,5,7,1, , , ,6,1, ,1,1, , , ,40, ,1,4, , , , , , , , , , , , ,4100,9313,2, ,3,2,2,2,1,1,1,2,2,2,1,1,4,2,1,26,1,1,1,40, , , , , , , , , , , ,1, , , , ,460,45,1,4, , , ,2, ,2, ,1,150,2, ,2, ,2, , , , , , , , , , , , , , ,1,2512,"42,2816105149707",4,509.0,311,1,1, ,1,9,6,17,1,0,0,170150080403,1701500804030650507,17015008040306505107,1701500804030650510107,202507,7
1,170155,170155,67,9,1,3,2,35,3,10,10,2,2, ,3,6,6, , , ,6,1, ,2,2,12,2, , , , , , , , , ,11, ,8, ,4, , , , , , , , , , , , , , , , , , , , , , , , , , , , , , , , , , , , , , ,5, , , , , , , , , , , ,2, ,2, ,2, ,2, ,2, ,2, , , , , , , , , , , , , , ,1,1713,"64,4399341434165",4,0.0,254,9, , , , , ,17,6,0,0,170155022407,1701550224070670906,17015502240706709106,1701550224070670910306,202506,6
1,170150,170150,60,6,1,2,2,35,2,1,10,5,2, ,5,6,3, , , ,6,1, ,1,1, , , ,20,1, ,1,1,20,7, , , , , , , , , ,8121,9112,2, ,2,2,2,2,1,1,1,2,2,2,1,1,4,1,1,15,1,1,1,20, , , , , , , , , , , ,1, , , , ,235,25,1,6, , , ,2, ,2, ,2, ,2, ,2, ,2, , , , , , , , , , , , , , ,1,2513,"46,9621821943818",3,266.0,"204,2",2,1, ,1,9,14,17,1,0,0,170150279701,1701502797010600606,17015027970106006106,1701502797010600610206,202506,6
1,170150,170150,53,2,1,2,2,35,2,1,10,5,2, ,2,9,4, ,1,30410401,6,2,71050,2,1, , , ,40, ,1,4, , , , , , , , , , , , ,9101,3359,1, ,3,2,2,2,1,1,1,2,2,2,1,1,9,1,2, , , ,1,40, , , , , , , , , , , ,1, , , , ,1300,65,1,6, , , ,2, ,2, ,2, ,2, ,2, ,2, , , , , , , , , , , , , , ,1,2512,"23,8742870236543",5,1371.0,"723,666666666667",1,1, ,1,3,18,17,1,0,0,170150000202,1701500002020530201,17015000020205302101,1701500002020530210201,202501,1
1,170150,170150,70,5,1,1,1,34,1,10,10,5,2, ,5,8,2, ,2, ,6,1, ,2,1, , , ,50, ,1,4, , , , , , , , , , , , ,4922,8322,6,2, , , , , , , , , , , , ,2,3,1,1,3,2,1,50, , , , , , , , , , , ,5,500,2, ,150, , , , , , , ,2, ,2, ,2, ,2, ,2, ,2, , , , , , , , , , , , , , ,1,2512,"86,9104575360198",5,350.0,"87,5",4,1, ,2,8,8,17,1,1,0,170150297704,1701502977040700512,17015029770407005112,1701502977040700510112,202512,12
1,170150,170150,71,6,1,1,2,34,1,1,10,3,2, ,2,9,4, ,1,30910401,6,2,100150,1,1, , , ,40, ,1,4, , , , , , , , , , , , ,5629,2265,2, ,3,1,2,2,1,1,1,2,2,1,1,1,4,1,2, , , ,1,40, , , , , , , , , , , ,1, , , , ,600,60,1,68, , , ,2, ,1,150,2, ,2, ,2, ,2, , , , , , , , , , , , , , ,1,2511,"8,10115886829464",5,728.0,439,1,1, ,1,2,9,17,1,0,0,170150198007,1701501980070710610,17015019800707106110,1701501980070710610110,202510,10
1,170451,170451,47,3,1,2,1,32,3,2,10,5,1,3, ,9,4, ,2, ,6,1, ,2,1, , , ,48, ,4,4, , , , , , , , , , , , ,4741,5221,6,2, , , , , , , , , , , , ,6,6,1,2,3,1,1,48, , , , , , , , , , , ,2,1600,2, ,900, , , , , , , ,2, ,2, ,2, ,2, ,2, ,2, , , , , , , , , , , , , , ,1,1711,"139,968632090096",5,700.0,"210,111111111111",1,1, ,1,5,7,17,6,0,0,170451028803,1704510288030470302,17045102880304703102,1704510288030470310202,202502,2
1,170150,170150,62,6,1,1,1,33,1,10,10,6,2, ,5,4,6,1, , ,6,1, ,1,1, , , ,40, ,1,4, , , , , , , , , , , , ,4100,7112,4, ,6,2,2,2,2,1,2,2,2,2,2,2,10,2,1,9,2,2,1,40, , , , , , , , , , , ,5, , , , ,470,0,1,20, , , ,2, ,2, ,1,70,2, ,2, ,2, , , , , , , , , , , , , , ,1,2513,"133,090247465432",3,490.0,560,1,1, ,2,7,6,17,1,0,0,170150121001,1701501210010620604,17015012100106206104,1701501210010620610104,202504,4
1,170155,170155,53,1,1,2,2,34,2,10,10,5,1,6, ,8,1, ,2, ,6,2,230150,2,2,12,2, , , , , , , , , ,11, ,9, ,3, , , , , , , , , , , , , , , , , , , , , , , , , , , , , , , , , , , , , , ,5, , , , , , , , , , , ,2, ,2, ,2, ,2, ,2, ,2, , , , , , , , , , , , , , ,1,1713,"162,814100598619",5,0.0,"144,166666666667",9, , , , , ,17,6,0,0,170155043103,1701550431030530104,17015504310305301104,1701550431030530110204,202504,4
1,170150,170150,68,10,1,3,2,32,3,4,10,6,2, ,5,6,6, , , ,6,1, ,1,1, , , ,40, ,1,4, , , , , , , , , , , , ,8423,5412,1, ,3,2,2,2,1,2,1,2,2,1,1,1,8,1,2, , , ,1,40, , , , , , , , , , , ,4, , , , ,900,150,1,30, , , ,2, ,2, ,2, ,2, ,2, ,2, , , , , , , , , , , , , , ,1,2511,"64,0718216075729",4,1080.0,"1026,66666666667",1,1, ,1,5,15,17,1,0,0,170150218404,1701502184040681007,17015021840406810107,1701502184040681010307,202507,7
1,170150,170150,52,5,1,1,1,32,1,10,10,5,2, ,5,6,6, , , ,6,2,131450,2,1, , , ,40, ,1,4, , , , , , , , , , , , ,4520,9122,2, ,2,2,2,2,2,2,2,2,2,2,2,2,4,1,1,3,3,2,1,40, , , , , , , , , , , ,5, , , , ,300,0,2, , , , ,2, ,2, ,2, ,2, ,2, ,2, , , , , , , , , , , , , , ,1,2513,"53,3394906273516",4,300.0,100,4,1, ,2,9,7,17,1,0,0,170150035801,1701500358010520510,17015003580105205110,1701500358010520510110,202510,10
1,170150,170150,74,3,1,3,1,32,3,10,10,6,2, ,2,9,5, ,1,30910205,6,1, ,5,1, , , ,40, ,1,4, , , , , , , , , , , , ,4711,2211,6,2, , , , , , , , , , , , ,0,8,1,1,1,1,1,40, , , , , , , , , , , ,5,900,2, ,0, , , , , , , ,2, ,2, ,2, ,2, ,2, ,2, , , , , , , , , , , , , , ,1,2513,"63,0732114331726",5,900.0,408,1,1, ,1,2,7,17,1,0,0,170150345101,1701503451010740310,17015034510107403110,1701503451010740310310,202510,10
1,170155,170155,58,5,1,3,2,30,7,10,10,6,2, ,11,5,7,1, , ,6,2,170253,3,1, , , ,20,1, ,4, , , , , , , , , , , , ,9700,5322,10, ,2,1,2,2,2,2,2,2,2,2,2,2,1,8,1,1, , ,1,20, , , , , , , , , , , ,5, , , , ,250,0,1,60, , , ,2, ,2, ,2, ,2, ,2, ,2, , , , , , , , , , , , , , ,1,1711,"56,2771864319307",3,310.0,"357,5",4,1, ,3,5,20,17,6,0,0,170155041202,1701550412020580512,17015504120205805112,1701550412020580510312,202512,12
1,170150,170150,65,4,1,3,2,30,3,1,10,6,2, ,5,7,3, , , ,6,2,110250,2,1, , , ,40, ,1,4, , , , , , , , , , , , ,4771,7543,2, ,3,2,2,2,1,2,1,2,2,2,1,1,1,1,1,30,1,1,1,40, , , , , , , , , , , ,1, , , , ,425,45,2, , , , ,2, ,2, ,2, ,2, ,2, ,2, , , , , , , , , , , , , , ,1,2513,"121,029037588919",4,470.0,215,1,1, ,1,7,7,17,1,0,0,170150334002,1701503340020650407,17015033400206504107,1701503340020650410307,202507,7
1,170353,170353,56,5,1,2,2,31,2,10,10,1,1,2, ,7,3, , , ,6,1, ,2,2,12,2, , , , , , , , , ,11, ,9, ,3, , , , , , , , , , , , , , , , , , , , , , , , , , , , , , , , , , , , , , ,5, , , , , , , , , , , ,2, ,2, ,2, ,2, ,2, ,2, , , , , , , , , , , , , , ,1,1711,"84,7000010947155",4,0.0,"114,2",9, , , , , ,17,6,0,0,170353022203,1703530222030560505,17035302220305605105,1703530222030560510205,202505,5
1,170150,170150,69,7,1,1,2,35,1,1,5,5,2, ,2,10,1, ,1,50520104,6,1, ,1,1, , , ,40, ,1,4, , , , , , , , , , , , ,9900,1120,2, ,2,2,2,2,1,2,1,2,2,2,1,1,5,1,2, , , ,1,40, , , , , , , , , , , ,1, , , , ,3500,278,2, , , , ,2, ,2, ,2, ,2, ,2, ,2, , , , , , , , , , , , , , ,1,2511,"42,0953360963143",5,3778.0,"2465,5",1,1, ,1,1,21,17,1,0,0,170150091603,1701500916030690711,17015009160306907111,1701500916030690710111,202511,11
1,170150,170150,68,10,1,2,2,31,2,10,10,5,2, ,2,8,3, ,1,20920201,6,1, ,1,1, , , ,45, ,1,4, , , , , , , , , , , , ,9499,2342,6,2, , , , , , , , , , , , ,7,8,1,1,3,1,1,45, , , , , , , , , , , ,5,800,2, ,0, , , , , , , ,2, ,2, ,2, ,2, ,2, ,2, , , , , , , , , , , , , , ,1,2512,"43,5625647346143",5,800.0,493,1,1, ,1,2,19,17,1,0,0,170150258701,1701502587010681007,17015025870106810107,1701502587010681010207,202507,7
1,170150,170150,58,7,1,1,1,33,1,10,10,5,2, ,5,6,6, , , ,4,2,20150,2,1, , , ,50, ,1,4, , , , , , , , , , , , ,4922,8322,6,2, , , , , , , , , , , , ,9,3,1,1,3,1,1,50, , , , , , , , , , , ,5,700,1,50,300, , , , , , , ,2, ,2, ,1,80,2, ,2, ,2, , , , , , , , , , , , , , ,1,2512,"23,0165413650533",4,450.0,165,4,1, ,1,8,8,17,1,0,0,170150157403,1701501574030580712,17015015740305807112,1701501574030580710112,202512,12
2,170180,170180,59,2,1,2,2,30,2,10,10,1,2, ,3,7,1, , , ,6,1, ,2,2,12,2, , , , , , , , , ,11, ,9, ,4, , , , , , , , , , , , , , , , , , , , , , , , , , , , , , , , , , , , , , ,5, , , , , , , , , , , ,2, ,2, ,2, ,2, ,2, ,2, , , , , , , , , , , , , , ,1,1722,"112,409590328876",4,0.0,"86,4",9, , , , , ,17,6,1,0,170180900201,1701809002010590206,17018090020105902106,1701809002010590210206,202506,6
1,170150,170150,75,9,1,1,1,31,1,1,5,6,2, ,11,9,2, ,2, ,6,2,170250,1,1, , , ,50, ,2,4, , , , , , , , , , , , ,5610,8321,2, ,2,1,2,2,1,1,1,1,2,1,1,1,13,1,2, , , ,1,40, , , , , , , , , , , ,1, , , , ,700,120,1,180, , , ,2, ,2, ,2, ,2, ,2, ,2, , , , , , , , , , , , , , ,1,2512,"36,9980029910305",5,1000.0,369,1,1, ,1,8,9,17,1,0,0,170150021704,1701500217040750911,17015002170407509111,1701500217040750910111,202511,11
1,170150,170150,69,10,1,1,1,33,1,4,10,1,2, ,2,9,5, ,1,30410203,6,1, ,1,1, , , ,40, ,1,4, , , , , , , , , , , , ,6920,2411,6,2, , , , , , , , , , , , ,4,8,1,1,2,1,1,40, , , , , , , , , , , ,5,700,2, ,0, , , , , , , ,2, ,2, ,2, ,2, ,2, ,2, , , , , , , , , , , , , , ,1,2512,"258,166733489516",5,700.0,"887,333333333333",1,1, ,1,2,13,17,1,0,0,170150038101,1701500381010691011,17015003810106910111,1701500381010691010111,202511,11
1,170150,170150,74,6,1,7,1,30,7,10,10,6,2, ,5,7,3, , , ,6,2,110350,3,1, , , ,40, ,1,4, , , , , , , , , , , , ,4922,8331,6,2, , , , , , , , , , , , ,5,3,1,1,3,1,1,40, , , , , , , , , , , ,5,470,2, ,70, , , , , , , ,2, ,2, ,2, ,2, ,2, ,2, , , , , , , , , , , , , , ,1,2513,"28,3285406837809",4,400.0,"187,142857142857",4,1, ,1,8,8,17,1,0,0,170150148404,1701501484040740610,17015014840407406110,1701501484040740610710,202510,10
1,170150,170150,69,6,1,2,1,32,3,10,10,6,2, ,5,8,1, ,2, ,6,1, ,1,1, , , ,40, ,1,4, , , , , , , , , , , , ,7420,4225,2, ,3,2,2,2,2,2,2,2,2,2,2,2,0,1,1,3,2,1,1,40, , , , , , , , , , , ,5, , , , ,0,0,2, , , , ,2, ,2, ,2, ,2, ,2, ,2, , , , , , , , , , , , , , ,1,2511,"25,7088124246721",5,0.0,"77,5",4,1, ,1,4,13,17,1,1,0,170150254302,1701502543020690608,17015025430206906108,1701502543020690610208,202508,8
1,170150,170150,73,4,1,2,2,31,2,10,10,1,2, ,2,9,5, ,1,30910101,6,3,862,2,1, , , ,40, ,1,4, , , , , , , , , , , , ,8620,2261,7, , , , , , , , , , , , , ,6,6,1,3,2,1,1,40, , , , , , , , , , , ,5, , , , , , , , , , , ,2, ,2, ,2, ,2, ,2, ,2, , , , , , , , , , , , , , ,1,2513,"142,513161070476",5,0.0,1000,5,1, ,1,2,17,17,1,0,0,170150188402,1701501884020730412,17015018840207304112,1701501884020730410212,202512,12
1,170150,170150,69,8,1,1,2,33,1,10,10,1,2, ,5,6,6, , , ,1,2,60150,1,1, , , ,40, ,1,4, , , , , , , , , , , , ,9700,9111,10, ,2,1,2,2,2,2,2,2,2,2,2,2,10,8,1,1, , ,1,40, , , , , , , , , , , ,5, , , , ,250,0,1,70, , , ,2, ,2, ,1,100,2, ,2, ,2, , , , , , , , , , , , , , ,1,2513,"21,3567542774245",4,320.0,"206,666666666667",4,1, ,3,9,20,17,1,0,0,170150376603,1701503766030690808,17015037660306908108,1701503766030690810108,202508,8
1,170150,170150,74,6,1,2,1,34,2,1,10,5,2, ,11,6,6, , , ,6,2,91450,1,1, , , ,40, ,1,4, , , , , , , , , , , , ,8010,5414,2, ,2,2,2,2,1,2,1,2,2,2,1,1,10,1,1,10,1,1,1,40, , , , , , , , , , , ,1, , , , ,425,45,2, , , , ,2, ,2, ,2, ,2, ,2, ,2, , , , , , , , , , , , , , ,1,2513,"63,0732114331726",4,470.0,"128,571428571429",1,1, ,1,5,14,17,1,0,0,170150345101,1701503451010740610,17015034510107406110,1701503451010740610210,202510,10
1,170150,170150,62,5,1,3,2,32,3,10,10,6,2, ,2,9,4, ,1,30410302,6,1, ,3,1, , , ,40, ,1,4, , , , , , , , , , , , ,4773,7549,2, ,3,2,2,2,2,2,2,2,2,2,2,2,5,1,1,3,1,1,1,40, , , , , , , , , , , ,5, , , , ,500,0,2, , , , ,2, ,2, ,2, ,2, ,2, ,2, , , , , , , , , , , , , , ,1,2511,"31,4073157494922",5,500.0,"166,666666666667",1,1, ,1,7,7,17,1,0,0,170150186103,1701501861030620501,17015018610306205101,1701501861030620510301,202501,1
1,170150,170150,58,2,1,1,1,30,1,1,10,5,2, ,5,7,2, , , ,6,2,131751,2,1, , , ,40, ,1,4, , , , , , , , , , , , ,8010,5414,2, ,3,2,2,2,1,1,1,2,2,1,1,1,6,1,2, , , ,1,40, , , , , , , , , , , ,1, , , , ,500,45,1,21, , , ,2, ,2, ,2, ,2, ,2, ,2, , , , , , , , , , , , , , ,1,2513,"102,862431445645",4,566.0,"118,333333333333",1,1, ,1,5,14,17,1,0,0,170150101902,1701501019020580203,17015010190205802103,1701501019020580210103,202503,3
1,170155,170155,74,2,1,3,1,30,3,10,10,6,2, ,2,9,5, ,1,30720703,6,1, ,3,1, , , ,40, ,1,4, , , , , , , , , , , , ,2593,1324,6,2, , , , , , , , , , , , ,3,8,1,1,2,1,1,40, , , , , , , , , , , ,5,900,2, ,0, , , , , , , ,2, ,2, ,2, ,2, ,2, ,2, , , , , , , , , , , , , , ,1,1713,"98,9398597592001",5,900.0,"444,75",1,1, ,1,1,3,17,6,0,0,170155020304,1701550203040740210,17015502030407402110,1701550203040740210310,202510,10
1,170150,170150,47,6,1,1,1,35,1,1,10,1,2, ,2,9,5, ,1,30410102,6,1, ,1,1, , , ,40, ,1,4, , , , , , , , , , , , ,8423,2411,1, ,3,2,2,2,1,1,1,2,2,2,1,1,11,1,2, , , ,1,40, , , , , , , , , , , ,1, , , , ,800,200,1,12, , , ,2, ,2, ,2, ,2, ,2, ,2, , , , , , , , , , , , , , ,1,2511,"169,943554085142",5,1012.0,"337,333333333333",1,1, ,1,2,15,17,1,0,0,170150060802,1701500608020470602,17015006080204706102,1701500608020470610102,202502,2
1,170150,170150,63,5,1,3,2,35,3,1,10,1,2, ,5,8,3, ,1,21010201,6,1, ,1,1, , , ,60, ,1,4, , , , , , , , , , , , ,5610,3434,2, ,2,2,2,2,1,2,1,2,2,2,1,1,12,1,2, , , ,1,60, , , , , , , , , , , ,1, , , , ,500,50,2, , , , ,2, ,2, ,2, ,2, ,2, ,2, , , , , , , , , , , , , , ,1,2511,"23,5148073044739",5,550.0,272,1,1, ,1,3,9,17,1,0,0,170150251104,1701502511040630505,17015025110406305105,1701502511040630510305,202505,5
1,170150,170150,66,3,1,3,2,34,3,1,10,6,2, ,2,10,2, ,1,50410401,1,1, ,1,1, , , ,40, ,1,4, , , , , , , , , , , , ,8411,2431,1, ,3,2,2,2,1,2,1,2,2,1,1,1,6,1,2, , , ,1,40, , , , , , , , , , , ,1, , , , ,800,100,1,20, , , ,2, ,2, ,2, ,2, ,2, ,2, , , , , , , , , , , , , , ,1,2513,"83,596527314181",5,920.0,"596,666666666667",1,1, ,1,2,15,17,1,0,0,170150027802,1701500278020660308,17015002780206603108,1701500278020660310308,202508,8
1,170150,170150,69,2,1,3,2,32,3,2,10,6,2, ,2,9,5, ,1,30810102,6,1, ,2,2,12,2, , , , , , , , , ,11, ,9, ,4, , , , , , , , , , , , , , , , , , , , , , , , , , , , , , , , , , , , , , ,2, , , , , , , , , , , ,2, ,2, ,2, ,2, ,2, ,2, , , , , , , , , , , , , , ,1,2512,"25,5741890035794",5,0.0,200,9, , , , , ,17,1,0,0,170150259002,1701502590020690208,17015025900206902108,1701502590020690210308,202508,8
1,170170,170170,51,7,1,1,1,35,1,1,10,6,2, ,5,8,3, ,1,21020101,6,2,170150,1,1, , , ,40, ,1,4, , , , , , , , , , , , ,8423,5411,1, ,1,1,2,2,1,1,1,2,2,2,1,1,11,1,2, , , ,1,40, , , , , , , , , , , ,1, , , , ,1000,400,1,25, , , ,1,100,2, ,2, ,2, ,2, ,2, , , , , , , , , , , , , , ,1,1712,"83,3890828115889",5,1425.0,1525,1,1, ,1,5,15,17,6,0,0,170170089901,1701700899010510703,17017008990105107103,1701700899010510710103,202503,3
1,170150,170150,65,5,1,1,1,30,1,1,10,1,2, ,5,8,2, ,2, ,1,2,180150,2,1, , , ,40, ,1,4, , , , , , , , , , , , ,2220,7322,2, ,2,2,2,2,1,1,1,2,2,2,1,1,10,1,1,15,2,1,1,40, , , , , , , , , , , ,1, , , , ,425,45,1,6, , , ,2, ,2, ,2, ,2, ,2, ,2, , , , , , , , , , , , , , ,1,2513,"121,029037588919",5,476.0,119,1,1, ,1,7,3,17,1,0,0,170150334002,1701503340020650507,17015033400206505107,1701503340020650510107,202507,7
2,170353,170353,76,8,1,3,1,30,3,10,10,6,2, ,11,7,3, , , ,6,1, ,1,2,12,2, , , , , , , , , ,2,2, , , ,1,5,2,119,6113,2, , , , , , , , , , , , , , , , , , , , , , , , , , , , , , , , ,5, , , , , , , , , , , ,2, ,2, ,2, ,2, ,2, ,2, ,2,2,1,1,1,2,2,2,2,2,2,2,2,1,1722,"36,6859342077284",4,0.0,"201,25",7, ,1, , , ,17,6,0,0,170353900302,1703539003020760812,17035390030207608112,1703539003020760810312,202512,12
1,170150,170150,64,5,1,2,1,33,3,1,10,6,2, ,2,9,5, ,1,30710503,6,1, ,1,1, , , ,40, ,1,4, , , , , , , , , , , , ,4510,2144,2, ,2,2,2,2,1,2,1,2,2,2,1,1,3,1,2, , , ,1,40, , , , , , , , , , , ,1, , , , ,410,60,2, , , , ,2, ,2, ,2, ,2, ,2, ,2, , , , , , , , , , , , , , ,1,2513,"30,0793426924756",5,470.0,"223,333333333333",1,1, ,1,2,7,17,1,0,0,170150116104,1701501161040640503,17015011610406405103,1701501161040640510203,202503,3
1,170150,170150,65,5,1,2,2,32,2,1,10,5,2, ,5,6,6, , , ,6,2,130353,2,1, , , ,50, ,1,4, , , , , , , , , , , , ,9603,3322,2, ,2,2,2,2,1,1,1,2,2,1,1,1,0,1,2, , , ,1,50, , , , , , , , , , , ,1, , , , ,600,60,1,25, , , ,2, ,2, ,2, ,2, ,2, ,2, , , , , , , , , , , , , , ,1,2512,"46,7940061124208",4,685.0,536,1,1, ,1,3,19,17,1,0,0,170150331601,1701503316010650507,17015033160106505107,1701503316010650510207,202507,7
1,170150,170150,54,6,1,2,2,33,5,10,10,2,1,6, ,9,4, ,2, ,6,1, ,1,2,12,2, , , , , , , , , ,11, ,9, ,3, , , , , , , , , , , , , , , , , , , , , , , , , , , , , , , , , , , , , , ,5, , , , , , , , , , , ,2, ,2, ,1,90,2, ,2, ,2, , , , , , , , , , , , , , ,1,2511,"34,411753587009",5,0.0,130,9, , , , , ,17,1,0,0,170150106502,1701501065020540604,17015010650205406104,1701501065020540610204,202504,4
2,170850,170850,53,5,1,1,1,34,1,10,10,6,2, ,11,4,6,1, , ,6,2,130350,1,1, , , ,36,8, ,4, , , , , , , , , , , , ,150,6130,2, ,2,2,1,2,2,2,2,2,2,2,2,2,15,11,1,3,3,1,1,48, , , , , , , , , , , ,5, , , , ,90,0,2, , , , ,2, ,2, ,2, ,2, ,2, ,2, , , , , , , , , , , , , , ,1,1721,"34,3938189396452",3,90.0,90,4,1, ,1,6,1,17,6,1,0,170850900701,1708509007010530504,17085090070105305104,1708509007010530510104,202504,4
1,170150,170150,57,3,1,3,1,35,3,1,10,6,2, ,2,9,5, ,1,30410302,6,1, ,1,1, , , ,32,8, ,4, , , , , , , , , , , , ,6419,4312,2, ,3,2,2,2,1,2,1,2,2,2,1,1,5,1,1,30,1,1,1,48, , , , , , , , , , , ,1, , , , ,700,70,2, , , , ,2, ,2, ,2, ,2, ,2, ,2, , , , , , , , , , , , , , ,1,2512,"20,5992371692043",5,770.0,430,1,1, ,1,4,11,17,1,0,0,170150340705,1701503407050570305,17015034070505703105,1701503407050570310305,202505,5
1,170150,170150,54,4,1,2,1,30,3,1,10,6,2, ,3,7,3, , , ,6,1, ,4,1, , , ,40, ,1,4, , , , , , , , , , , , ,8010,5414,2, ,3,2,2,2,1,2,1,2,2,2,1,1,1,1,1,51,1,1,1,40, , , , , , , , , , , ,1, , , , ,450,50,2, , , , ,2, ,2, ,2, ,2, ,2, ,2, , , , , , , , , , , , , , ,1,2512,"48,1908080132568",4,500.0,161,1,1, ,1,5,14,17,1,0,0,170150380905,1701503809050540404,17015038090505404104,1701503809050540410204,202504,4
1,170150,170150,67,7,1,1,1,32,1,1,10,5,2, ,5,6,3, , , ,6,2,131550,1,1, , , ,40, ,1,4, , , , , , , , , , , , ,5610,5120,2, ,2,1,2,2,1,1,1,2,2,2,1,1,10,1,1,20,1,1,1,40, , , , , , , , , , , ,1, , , , ,426,44,1,68, , , ,2, ,2, ,2, ,2, ,2, ,2, , , , , , , , , , , , , , ,1,2511,"20,0880065914291",3,538.0,"182,666666666667",1,1, ,1,5,9,17,1,0,0,170150064901,1701500649010670706,17015006490106707106,1701500649010670710106,202506,6
1,170150,170150,68,10,1,3,1,31,3,10,10,6,2, ,7,6,3, , , ,6,1, ,4,2,12,2, , , , , , , , , ,11, ,11, ,5, , , , , , , , , , , , , , , , , , , , , , , , , , , , , , , , , , , , , , ,5, , , , , , , , , , , ,2, ,2, ,2, ,2, ,2, ,2, , , , , , , , , , , , , , ,1,2512,"25,4301437386033",3,0.0,265,9, , , , , ,17,1,0,0,170150300502,1701503005020681007,17015030050206810107,1701503005020681010307,202507,7
1,170150,170150,47,1,1,3,1,30,3,10,10,6,2, ,5,7,3, , , ,2,1, ,2,1, , , ,60, ,1,4, , , , , , , , , , , , ,4100,7112,4, ,3,2,2,2,2,2,2,2,2,2,2,2,10,2,1,4,3,2,1,60, , , , , , , , , , , ,5, , , , ,400,0,2, , , , ,2, ,2, ,2, ,2, ,2, ,2, , , , , , , , , , , , , , ,1,2513,"19,2195440702899",4,400.0,200,4,1, ,2,7,6,17,1,0,0,170150049103,1701500491030470102,17015004910304701102,1701500491030470110302,202502,2
1,170150,170150,60,1,1,2,1,32,2,10,10,1,2, ,5,6,6, , , ,6,2,60250,1,1, , , ,40, ,1,4, , , , , , , , , , , , ,4100,7112,6,2, , , , , , , , , , , , ,12,2,1,1,3,2,1,40, , , , , , , , , , , ,5,600,2, ,0, , , , , , , ,2, ,2, ,2, ,2, ,2, ,2, , , , , , , , , , , , , , ,1,2513,"50,0004085428496",4,600.0,200,1,1, ,2,7,6,17,1,0,0,170150337802,1701503378020600109,17015033780206001109,1701503378020600110209,202509,9
1,170150,170150,55,6,1,1,1,32,1,1,5,6,2, ,2,10,1, ,1,50610402,6,1, ,1,1, , , ,40, ,1,4, , , , , , , , , , , , ,5223,2529,2, ,2,1,2,1,1,1,1,1,2,1,1,1,4,1,2, , , ,1,40, , , , , , , , , , , ,1, , , , ,1700,170,1,482, , , ,2, ,2, ,2, ,2, ,2, ,2, , , , , , , , , , , , , , ,1,2511,"30,1824949834955",5,2352.0,2352,1,1, ,1,2,8,17,1,0,0,170150257315,1701502573150550602,17015025731505506102,1701502573150550610102,202502,2
1,170150,170150,47,5,1,2,2,35,2,10,10,1,2, ,3,6,6, , , ,6,1, ,2,2,12,2, , , , , , , , , ,11, ,9, ,4, , , , , , , , , , , , , , , , , , , , , , , , , , , , , , , , , , , , , , ,5, , , , , , , , , , , ,2, ,2, ,2, ,2, ,2, ,2, , , , , , , , , , , , , , ,1,2512,"106,409193946273",4,0.0,191,9, , , , , ,17,1,0,0,170150344903,1701503449030470502,17015034490304705102,1701503449030470510202,202502,2
1,170150,170150,59,4,1,2,2,31,2,10,10,5,1,6, ,7,3, , , ,6,2,90150,2,2,12,2, , , , , , , , , ,9,4, , , ,1,3,4,6430,3513,2, , , , , , , , , , , , , , , , , , , , , , , , , , , , , , , , ,5, , , , , , , , , , , ,2, ,1,129,2, ,2, ,2, ,2, ,2,1,2,1,1,2,2,2,2,2,2,2,3,1,2511,"55,366624257051",4,0.0,"407,25",7, ,1, , , ,17,1,0,0,170150063401,1701500634010590403,17015006340105904103,1701500634010590410203,202503,3
1,170150,170150,65,7,1,1,2,34,1,10,10,6,2, ,2,8,3, ,1,20910201,6,1, ,1,2,12,2, , , , , , , , , ,9,32, , , ,1,6,40,7500,3240,6, , , , , , , , , , , , , , , , , , , , , , , , , , , , , , , , ,5, , , , , , , , , , , ,2, ,2, ,1,150,2, ,2, ,2, ,2,2,1,1,1,2,2,2,2,2,2,2,5,1,2511,"30,920050141797",5,0.0,150,7, ,1, , , ,17,1,0,0,170150120901,1701501209010650704,17015012090106507104,1701501209010650710104,202504,4
1,170150,170150,60,2,1,1,1,33,1,1,10,5,2, ,5,6,6, , , ,3,2,80150,2,1, , , ,40, ,1,4, , , , , , , , , , , , ,8010,5414,2, ,2,2,2,2,1,1,1,2,2,2,1,1,8,1,2, , , ,1,40, , , , , , , , , , , ,1, , , , ,895,45,1,10, , , ,2, ,2, ,2, ,2, ,2, ,2, , , , , , , , , , , , , , ,1,2512,"140,71054336093",4,950.0,193,1,1, ,1,5,14,17,1,0,0,170150048901,1701500489010600209,17015004890106002109,1701500489010600210109,202509,9
1,170159,170159,65,7,1,3,1,32,3,1,10,6,2, ,2,9,5, ,1,30710402,6,1, ,1,1, , , ,40, ,1,4, , , , , , , , , , , , ,7729,2152,2, ,3,2,2,2,1,2,1,2,2,2,1,1,6,1,1,20,1,1,1,40, , , , , , , , , , , ,1, , , , ,600,55,2, , , , ,2, ,2, ,2, ,2, ,2, ,2, , , , , , , , , , , , , , ,1,1711,"66,4695906360665",5,655.0,"403,333333333333",1,1, ,1,2,14,17,6,0,0,170159000604,1701590006040650704,17015900060406507104,1701590006040650710304,202504,4
1,170150,170150,70,1,1,1,2,30,1,10,10,5,2, ,15,7,3, , , ,6,2,50752,1,2,12,2, , , , , , , , , ,11, ,9, ,4, , , , , , , , , , , , , , , , , , , , , , , , , , , , , , , , , , , , , , ,5, , , , , , , , , , , ,2, ,2, ,2, ,2, ,2, ,2, , , , , , , , , , , , , , ,1,2512,"188,031168873502",4,0.0,"148,333333333333",9, , , , , ,17,1,0,0,170150334201,1701503342010700109,17015033420107001109,1701503342010700110109,202509,9
1,170150,170150,71,8,1,2,1,33,3,4,10,6,2, ,5,6,6, , , ,6,1, ,1,1, , , ,40, ,1,4, , , , , , , , , , , , ,8423,5412,1, ,1,2,2,2,1,2,1,2,2,2,1,1,10,1,2, , , ,1,40, , , , , , , , , , , ,4, , , , ,900,300,2, , , , ,2, ,2, ,2, ,2, ,2, ,2, , , , , , , , , , , , , , ,3,2513,"14,0953216929072",4,1200.0,860,1,1, ,1,5,15,17,1,0,0,170150122202,1701501222020710807,17015012220207108107,1701501222020710810207,202507,7
1,170150,170150,47,6,1,3,2,34,3,10,10,6,2, ,11,6,6, , , ,6,1, ,3,1, , , ,20,1, ,4, , , , , , , , , , , , ,8890,2342,2, ,2,2,2,2,2,2,2,2,2,2,2,2,6,1,1,3,2,1,1,20, , , , , , , , , , , ,5, , , , ,250,0,2, , , , ,2, ,2, ,2, ,2, ,2, ,2, , , , , , , , , , , , , , ,1,2511,"16,5169266445959",4,250.0,305,4,1, ,1,2,17,17,1,0,0,170150102701,1701501027010470602,17015010270104706102,1701501027010470610302,202502,2
1,170150,170150,75,5,1,1,2,32,1,10,10,2,2, ,11,6,6, , , ,6,2,110150,1,2,12,2, , , , , , , , , ,6,20, , , ,1,2,20,8010,5414,2, , , , , , , , , , , , , , , , , , , , , , , , , , , , , , , , ,5, , , , , , , , , , , ,2, ,1,350,2, ,2, ,2, ,2, ,2,2,1,1,1,2,2,2,2,2,2,2,1,1,2511,"147,946713444379",4,0.0,"116,666666666667",7, ,1, , , ,17,1,0,0,170150330103,1701503301030750511,17015033010307505111,1701503301030750510111,202511,11
1,170150,170150,68,7,1,2,1,34,3,2,10,6,1,5, ,10,1, ,1,30320101,7,1, ,1,1, , , ,4,3, ,1,1,30,1,4, , , , , , , , ,5911,3521,6,2, , , , , , , , , , , , ,2,9,1,1,3,1,1,20, , , , , , , , , , , ,2,500,2, ,50, , , , , , , ,2, ,2, ,2, ,2, ,2, ,2, , , , , , , , , , , , , , ,1,2511,"14,1953456584085",5,450.0,525,2,1, ,1,3,10,17,1,0,0,170150091503,1701500915030680707,17015009150306807107,1701500915030680710207,202507,7
1,170150,170150,60,10,1,1,1,33,1,1,10,6,2, ,2,9,4, ,1,30910301,6,2,130650,1,1, , , ,40, ,1,4, , , , , , , , , , , , ,8610,2221,1, ,1,1,2,2,1,2,1,2,2,2,1,1,9,1,2, , , ,1,40, , , , , , , , , , , ,1, , , , ,900,200,1,100, , , ,2, ,2, ,2, ,2, ,2, ,2, , , , , , , , , , , , , , ,1,2512,"70,019356013311",5,1200.0,1200,1,1, ,1,2,17,17,1,0,0,170150241802,1701502418020601006,17015024180206010106,1701502418020601010106,202506,6
1,170150,170150,71,7,1,2,2,34,2,10,10,5,2, ,11,4,6,1, , ,6,2,80450,2,2,12,2, , , , , , , , , ,11, ,9, ,4, , , , , , , , , , , , , , , , , , , , , , , , , , , , , , , , , , , , , , ,5, , , , , , , , , , , ,2, ,2, ,2, ,2, ,2, ,2, , , , , , , , , , , , , , ,1,2513,"178,333843299813",3,0.0,"113,75",9, , , , , ,17,1,0,0,170150252703,1701502527030710710,17015025270307107110,1701502527030710710210,202510,10
1,170180,170180,72,2,1,2,2,34,2,10,10,1,2, ,11,4,6,1, , ,6,1, ,2,1, , , ,40, ,1,4, , , , , , , , , , , , ,1410,7531,6,2, , , , , , , , , , , , ,10,9,1,1,3,1,1,40, , , , , , , , , , , ,5,120,2, ,20, , , , , , , ,2, ,2, ,2, ,2, ,2, ,2, , , , , , , , , , , , , , ,1,1713,"521,810414927327",3,100.0,"62,5",4,1, ,1,7,3,17,6,1,0,170180105303,1701801053030720211,17018010530307202111,1701801053030720210211,202511,11
1,170150,170150,70,7,1,2,2,33,2,10,10,5,2, ,11,6,3, , , ,6,1, ,2,1, , , ,42, ,1,4, , , , , , , , , , , , ,7320,4227,6,2, , , , , , , , , , , , ,12,9,1,1,3,1,1,42, , , , , , , , , , , ,5,400,2, ,0, , , , , , , ,2, ,1,500,2, ,2, ,2, ,2, , , , , , , , , , , , , , ,1,2513,"24,0722118254137",3,400.0,610,4,1, ,1,4,13,17,1,0,0,170150221101,1701502211010700709,17015022110107007109,1701502211010700710209,202509,9
1,170155,170155,64,5,1,3,1,32,3,1,10,3,2, ,2,9,5, ,1,30410302,6,2,40150,6,1, , , ,40, ,1,4, , , , , , , , , , , , ,4752,3322,2, ,3,2,2,2,1,1,1,2,2,2,1,1,0,1,2, , , ,1,40, , , , , , , , , , , ,1, , , , ,500,45,1,3, , , ,2, ,2, ,2, ,2, ,2, ,2, , , , , , , , , , , , , , ,1,1711,"28,9934980341811",5,548.0,"161,333333333333",1,1, ,1,3,7,17,6,0,0,170155041102,1701550411020640506,17015504110206405106,1701550411020640510306,202506,6
1,170155,170155,55,1,1,1,1,35,1,10,10,6,2, ,5,9,1, ,2, ,6,1, ,1,1, , , ,40, ,1,4, , , , , , , , , , , , ,8291,4214,2, ,3,2,2,2,2,2,2,2,2,2,2,2,2,1,2, , , ,1,40, , , , , , , , , , , ,5, , , , ,600,0,2, , , , ,2, ,2, ,2, ,2, ,2, ,2, , , , , , , , , , , , , , ,1,1713,"91,9168693168023",5,600.0,"451,25",1,1, ,1,4,14,17,6,0,0,170155030605,1701550306050550102,17015503060505501102,1701550306050550110102,202502,2
2,170184,170184,70,1,1,1,1,30,1,1,10,5,2, ,5,7,3, , , ,7,2,131150,1,1, , , ,60, ,1,4, , , , , , , , , , , , ,8010,5414,2, ,2,2,2,2,1,1,1,2,2,2,1,1,3,1,2, , , ,1,60, , , , , , , , , , , ,1, , , , ,470,52,1,10, , , ,2, ,2, ,2, ,2, ,2, ,2, , , , , , , , , , , , , , ,1,1723,"101,490822937699",4,532.0,133,1,1, ,1,5,14,17,6,0,0,170184900505,1701849005050700112,17018490050507001112,1701849005050700110112,202512,12
1,170150,170150,52,5,1,1,1,31,1,10,10,5,2, ,5,6,6, , , ,6,2,131750,2,1, , , ,50, ,1,4, , , , , , , , , , , , ,4520,9122,2, ,3,2,2,2,2,2,2,2,2,2,2,2,5,1,1,4,2,1,1,50, , , , , , , , , , , ,5, , , , ,400,0,2, , , , ,2, ,2, ,2, ,2, ,2, ,2, , , , , , , , , , , , , , ,1,2513,"50,8109271928286",4,400.0,"133,333333333333",4,1, ,1,9,7,17,1,0,0,170150035801,1701500358010520501,17015003580105205101,1701500358010520510101,202501,1
2,170950,170950,52,3,1,2,2,31,3,10,10,6,2, ,3,8,3, ,1,20410304,6,1, ,1,1, , , ,20,2, ,3,1,20,2,3, , , , , , , , ,127,6112,4, ,6,2,2,2,2,2,2,2,2,2,2,2,8,11,1,2,3,2,1,30, , , , , , , , , , , ,5, , , , ,100,0,2, , , , ,2, ,2, ,2, ,2, ,2, ,2, , , , , , , , , , , , , , ,1,1721,"57,3131901576433",5,100.0,102,2,1, ,2,6,1,17,6,0,0,170950903601,1709509036010520310,17095090360105203110,1709509036010520310210,202510,10
1,170150,170150,53,5,1,1,2,35,1,1,10,6,1,6, ,9,2, ,2, ,6,1, ,1,2,12,1,1,40, ,1,4, , , , , , , , , , , , ,8530,4226,2, ,2,2,2,2,1,2,1,2,2,2,1,1,2,1,1,30,1,1,1,40, , , , , , , , , , , ,1, , , , ,1100,80,2, , , , ,2, ,2, ,2, ,2, ,2, ,2, , , , , , , , , , , , , , ,1,2512,"19,2895907743507",5,1180.0,1180,1,1, ,1,4,16,17,1,0,0,170150109203,1701501092030530501,17015010920305305101,1701501092030530510101,202501,1
1,170150,170150,63,5,1,1,1,35,1,1,10,5,2, ,11,4,6,1, , ,6,1, ,2,1, , , ,20,1, ,2,1,20,1,4, , , , , , , , ,8121,9112,2, ,3,2,2,2,1,2,1,2,2,2,1,1,5,1,2, , , ,1,20, , , , , , , , , , , ,1, , , , ,250,25,2, , , , ,2, ,2, ,1,80,2, ,2, ,2, , , , , , , , , , , , , , ,1,2513,"131,024273071983",3,275.0,"88,125",2,1, ,1,9,14,17,1,1,0,170150073501,1701500735010630502,17015007350106305102,1701500735010630510102,202502,2
1,170150,170150,73,3,1,2,2,32,2,10,10,1,2, ,9,6,6, , , ,6,1, ,2,2,12,2, , , , , , , , , ,11, ,9, ,4, , , , , , , , , , , , , , , , , , , , , , , , , , , , , , , , , , , , , , ,5, , , , , , , , , , , ,2, ,2, ,2, ,2, ,2, ,2, , , , , , , , , , , , , , ,1,2511,"241,417215756463",4,0.0,"862,5",9, , , , , ,17,1,0,0,170150278004,1701502780040730312,17015027800407303112,1701502780040730310212,202512,12
2,170163,170163,65,1,1,2,1,30,3,10,10,6,2, ,3,7,3, , , ,6,2,170150,2,1, , , ,20,1, ,1,1,6,7, , , , , , , , , ,3100,7522,2, ,3,1,2,2,2,2,2,2,2,2,2,2,6,1,1,3,2,1,1,20, , , , , , , , , , , ,5, , , , ,350,0,1,60, , , ,2, ,2, ,2, ,2, ,2, ,2, , , , , , , , , , , , , , ,1,1721,"40,467832081142",4,410.0,235,2,1, ,1,7,3,17,6,0,0,170163900602,1701639006020650104,17016390060206501104,1701639006020650110204,202504,4
1,170180,170180,72,6,1,1,1,33,1,1,10,5,2, ,5,6,6, , , ,6,2,20150,2,1, , , ,40, ,1,4, , , , , , , , , , , , ,1312,4321,2, ,3,1,2,1,1,1,1,2,2,2,1,1,0,1,2, , , ,1,40, , , , , , , , , , , ,1, , , , ,425,45,1,100, , , ,2, ,2, ,2, ,2, ,2, ,2, , , , , , , , , , , , , , ,1,1713,"521,810414927327",4,570.0,147,1,1, ,1,4,3,17,6,0,0,170180105303,1701801053030720611,17018010530307206111,1701801053030720610111,202511,11
1,170177,170177,68,2,1,2,2,35,2,10,10,1,2, ,3,6,3, , , ,6,2,100353,2,1, , , ,20,1, ,4, , , , , , , , , , , , ,8121,9111,6,2, , , , , , , , , , , , ,2,8,1,1,3,2,1,20, , , , , , , , , , , ,5,350,2, ,0, , , , , , , ,2, ,2, ,2, ,2, ,2, ,2, , , , , , , , , , , , , , ,1,1713,"256,846039303804",3,350.0,"213,666666666667",4,1, ,2,9,14,17,6,0,0,170177093901,1701770939010680207,17017709390106802107,1701770939010680210207,202507,7
1,170150,170150,70,6,1,2,2,32,2,10,10,5,2, ,3,4,6,1, , ,6,1, ,2,1, , , ,40, ,1,4, , , , , , , , , , , , ,4789,5211,6,2, , , , , , , , , , , , ,10,4,1,1,3,2,1,40, , , , , , , , , , , ,5,100,1,6,40, , , , , , , ,2, ,2, ,2, ,2, ,2, ,2, , , , , , , , , , , , , , ,1,2513,"60,0324094623733",3,66.0,"23,6666666666667",4,1, ,2,5,7,17,1,1,1,170150289901,1701502899010700612,17015028990107006112,1701502899010700610212,202512,12
1,170150,170150,72,10,1,2,1,30,3,10,10,6,2, ,3,7,3, , , ,6,1, ,1,1, , , ,10,2, ,3,1,30,2,4, , , , , , , , ,9609,5164,6,2, , , , , , , , , , , , ,4,3,1,1,3,2,1,10, , , , , , , , , , , ,5,80,2, ,10, , , , , , , ,2, ,2, ,2, ,2, ,2, ,2, , , , , , , , , , , , , , ,1,2511,"24,8975271467775",4,70.0,114,2,1, ,2,5,19,17,1,0,0,170150165101,1701501651010721008,17015016510107210108,1701501651010721010208,202508,8
1,170150,170150,47,4,1,4,2,30,3,1,10,6,2, ,2,9,5, ,1,30710102,6,1, ,1,1, , , ,40, ,1,2,1,10,3,3, , , , , , , , ,4669,5223,2, ,2,2,2,2,1,2,1,2,2,2,1,1,2,1,1,18,1,1,1,40, , , , , , , , , , , ,1, , , , ,500,48,2, , , , ,2, ,2, ,2, ,2, ,2, ,2, , , , , , , , , , , , , , ,1,2512,"40,9189686611239",5,548.0,"1845,25",1,1, ,1,5,7,17,1,0,0,170150012201,1701500122010470402,17015001220104704102,1701500122010470410402,202502,2
1,170177,170177,67,7,1,1,2,35,1,10,10,6,2, ,11,4,6,1, , ,6,2,90150,1,2,12,2, , , , , , , , , ,2,4, , , ,2, , , , , , , , , , , , , , , , , , , , , , , , , , , , , , , , , , , , , ,5, , , , , , , , , , , ,2, ,2, ,2, ,2, ,1,70,2, ,2,2,2,1,1,2,2,2,2,2,2,2,8,1,1713,"171,229268050926",3,0.0,"27,5",7, ,1, , , ,17,6,1,1,170177091903,1701770919030670709,17017709190306707109,1701770919030670710109,202509,9
1,170150,170150,63,6,1,1,1,33,1,4,10,1,2, ,2,9,4, ,1,31030201,6,1, ,2,1, , , ,40, ,1,4, , , , , , , , , , , , ,8423,5412,1, ,1,2,2,2,1,2,1,2,2,2,1,1,9,1,2, , , ,1,40, , , , , , , , , , , ,4, , , , ,800,250,2, , , , ,2, ,2, ,2, ,2, ,2, ,2, , , , , , , , , , , , , , ,1,2511,"203,886615686321",5,1050.0,"263,25",1,1, ,1,5,15,17,1,0,0,170150209904,1701502099040630605,17015020990406306105,1701502099040630610105,202505,5
1,170150,170150,67,5,1,1,2,35,1,10,10,4,2, ,3,6,6, , , ,6,1, ,1,1, , , ,30,1, ,4, , , , , , , , , , , , ,4921,5112,2, ,3,2,2,2,2,2,2,2,2,2,2,2,4,3,1,2,2,1,1,30, , , , , , , , , , , ,5, , , , ,300,0,2, , , , ,2, ,2, ,2, ,2, ,2, ,2, , , , , , , , , , , , , , ,1,2513,"92,1701708845371",4,300.0,75,4,1, ,1,5,8,17,1,1,0,170150334701,1701503347010670509,17015033470106705109,1701503347010670510109,202509,9
1,170155,170155,40,4,1,1,2,34,1,10,10,6,2, ,3,9,1, ,2, ,6,2,100357,1,2,12,2, , , , , , , , , ,4,2, , , ,1,3,2,8291,4214,2, , , , , , , , , , , , , , , , , , , , , , , , , , , , , , , , ,5, , , , , , , , , , , ,2, ,1,230,2, ,2, ,2, ,2, ,2,2,1,1,1,2,2,2,2,2,2,2,3,1,1712,"47,9848747375716",5,0.0,"157,5",7, ,1, , , ,17,6,0,0,170155043905,1701550439050400401,17015504390504004101,1701550439050400410101,202501,1
1,170352,170352,59,8,1,2,2,35,2,1,10,1,2, ,2,10,1, ,1,50720601,6,2,60950,1,1, , , ,40, ,1,4, , , , , , , , , , , , ,4923,3257,2, ,2,2,2,2,1,1,1,2,2,2,1,1,9,1,2, , , ,1,40, , , , , , , , , , , ,1, , , , ,1000,200,1,2, , , ,2, ,2, ,2, ,2, ,2, ,2, , , , , , , , , , , , , , ,1,1711,"43,47894578945",5,1202.0,"421,8",1,1, ,1,3,8,17,6,0,0,170352012603,1703520126030590803,17035201260305908103,1703520126030590810203,202503,3
1,170150,170150,57,3,1,1,1,34,1,1,10,5,2, ,3,8,3, ,1,20210210,6,1, ,1,1, , , ,60, ,1,4, , , , , , , , , , , , ,8129,3339,2, ,2,1,2,2,1,2,1,2,2,2,1,1,8,1,1,25,1,1,2,40,20,0,7410,2166,6,2,9,1,1,3,2,1, , , , ,600,50,1,80,200,2, ,2, ,2, ,2, ,2, ,2, ,2, , , , , , , , , , , , , , ,1,2512,"71,6321226427113",5,930.0,310,1,1, ,1,3,14,17,1,0,0,170150076507,1701500765070570308,17015007650705703108,1701500765070570310108,202508,8
1,170150,170150,72,6,1,1,1,30,1,10,10,5,2, ,2,9,5, ,1,30710602,6,1, ,1,1, , , ,45, ,1,4, , , , , , , , , , , , ,4510,5211,6,2, , , , , , , , , , , , ,5,4,1,1,3,1,1,45, , , , , , , , , , , ,5,7000,2, ,6000, , , , , , , ,2, ,2, ,2, ,2, ,2, ,2, , , , , , , , , , , , , , ,1,2512,"1658,50999011802",5,1000.0,900,1,1, ,1,5,7,17,1,0,0,170150338302,1701503383020720611,17015033830207206111,1701503383020720610111,202511,11
1,170150,170150,54,3,1,3,1,32,3,2,10,6,2, ,2,9,5, ,1,30910205,6,1, ,2,2,12,2, , , , , , , , , ,8,32, , , ,1,2,32,8620,2211,2, , , , , , , , , , , , , , , , , , , , , , , , , , , , , , , , ,5, , , , , , , , , , , ,2, ,2, ,2, ,2, ,2, ,2, ,2,2,2,1,1,2,2,2,2,2,2,2,1,1,2512,"35,2814954521839",5,0.0,594,7, ,1, , , ,17,1,0,0,170150268001,1701502680010540307,17015026800105403107,1701502680010540310307,202507,7
1,170176,170176,73,5,1,1,1,33,1,4,10,1,2, ,2,9,4, ,1,31030104,6,2,170150,2,1, , , ,40, ,1,4, , , , , , , , , , , , ,8423,5412,1, ,1,2,2,2,1,2,1,2,2,2,1,1,2,1,2, , , ,1,40, , , , , , , , , , , ,4, , , , ,1200,250,2, , , , ,2, ,2, ,1,150,2, ,2, ,2, , , , , , , , , , , , , , ,1,1713,"107,689480714517",5,1450.0,"480,8",1,1, ,1,5,15,17,6,0,0,170176086801,1701760868010730512,17017608680107305112,1701760868010730510112,202512,12
1,170150,170150,65,1,1,1,2,33,1,1,10,5,2, ,5,6,6, , , ,6,1, ,1,1, , , ,45, ,1,4, , , , , , , , , , , , ,5610,5131,2, ,2,1,2,2,1,1,1,2,2,2,1,1,2,1,1,25,1,1,1,45, , , , , , , , , , , ,1, , , , ,420,55,1,55, , , ,2, ,2, ,1,150,2, ,2, ,2, , , , , , , , , , , , , , ,1,2513,"38,7672278454592",4,530.0,245,1,1, ,1,5,9,17,1,0,0,170150222501,1701502225010650107,17015022250106501107,1701502225010650110107,202507,7
1,170150,170150,66,4,1,2,2,30,9,1,10,6,2, ,5,7,3, , , ,6,2,100350,1,1, , , ,40, ,1,4, , , , , , , , , , , , ,9700,9111,10, ,2,1,2,2,1,2,1,2,2,2,1,1,5,8,1,1, , ,1,40, , , , , , , , , , , ,1, , , , ,470,70,2, , , , ,2, ,2, ,1,100,2, ,2, ,2, , , , , , , , , , , , , , ,1,2513,"100,601316921547",4,540.0,"615,333333333333",1,1, ,3,9,20,17,1,0,0,170150141404,1701501414040660405,17015014140406604105,1701501414040660410205,202505,5
1,170150,170150,60,6,1,3,2,31,3,10,10,6,2, ,2,9,5, ,1,30410102,6,1, ,1,1, , , ,40, ,1,4, , , , , , , , , , , , ,6920,2411,6,2, , , , , , , , , , , , ,6,9,1,1,3,1,1,40, , , , , , , , , , , ,5,400,2, ,60, , , , , , , ,2, ,2, ,2, ,2, ,2, ,2, , , , , , , , , , , , , , ,1,2512,"43,9877810539418",5,340.0,"251,25",4,1, ,1,2,13,17,1,0,0,170150295503,1701502955030600606,17015029550306006106,1701502955030600610306,202506,6
1,170150,170150,67,8,1,2,1,33,3,1,10,6,2, ,2,8,3, ,1,20710506,6,1, ,3,1, , , ,40, ,1,4, , , , , , , , , , , , ,4520,3115,2, ,2,2,2,2,1,2,1,2,2,2,1,1,6,1,1,20,1,1,1,40, , , , , , , , , , , ,1, , , , ,600,60,2, , , , ,2, ,2, ,2, ,2, ,2, ,2, , , , , , , , , , , , , , ,1,2511,"21,586270773617",5,660.0,"763,333333333333",1,1, ,1,3,7,17,1,0,0,170150089704,1701500897040670806,17015008970406708106,1701500897040670810206,202506,6
2,170156,170156,63,6,1,2,1,31,7,1,10,6,2, ,2,9,5, ,1,30710201,6,1, ,1,1, , , ,40, ,1,4, , , , , , , , , , , , ,8412,2143,1, ,3,2,2,2,1,2,1,2,2,2,1,1,3,1,2, , , ,1,40, , , , , , , , , , , ,1, , , , ,1100,100,2, , , , ,2, ,2, ,2, ,2, ,2, ,2, , , , , , , , , , , , , , ,1,1723,"12,5167080827751",5,1200.0,"1352,5",1,1, ,1,2,15,17,6,0,0,170156900302,1701569003020630605,17015690030206306105,1701569003020630610205,202505,5
1,170150,170150,53,4,1,2,2,30,7,10,10,6,1,6, ,9,5, ,1,30910101,1,1, ,1,1, , , ,24,8, ,4, , , , , , , , , , , , ,8620,2261,6,2, , , , , , , , , , , , ,3,8,1,1,3,1,1,40, , , , , , , , , , , ,5,800,2, ,0, , , , , , , ,2, ,2, ,2, ,2, ,2, ,2, , , , , , , , , , , , , , ,1,2511,"35,7636242061968",5,800.0,1280,1,1, ,1,2,17,17,1,0,0,170150161502,1701501615020530401,17015016150205304101,1701501615020530410201,202501,1
1,170150,170150,47,1,1,4,1,33,4,10,10,5,1,6, ,10,1, ,1,50410401,6,1, ,1,1, , , ,40, ,1,4, , , , , , , , , , , , ,7310,2166,6,2, , , , , , , , , , , , ,3,6,1,1,1,1,1,40, , , , , , , , , , , ,5,800,2, ,400, , , , , , , ,2, ,2, ,2, ,2, ,2, ,2, , , , , , , , , , , , , , ,1,2511,"24,5294328668006",5,400.0,"1646,25",4,1, ,1,2,13,17,1,0,0,170150142503,1701501425030470102,17015014250304701102,1701501425030470110402,202502,2
1,170150,170150,53,4,1,1,1,35,1,10,10,1,2, ,5,4,6,1, , ,6,2,60150,2,1, , , ,24,8, ,4, , , , , , , , , , , , ,4100,7112,4, ,6,1,2,2,2,2,2,2,2,2,2,2,5,2,1,8,4,3,1,40, , , , , , , , , , , ,5, , , , ,425,0,1,30, , , ,1,120,2, ,2, ,2, ,2, ,2, , , , , , , , , , , , , , ,1,2513,"69,6032555684559",3,455.0,"318,75",4,1, ,4,7,6,17,1,0,0,170150071902,1701500719020530404,17015007190205304104,1701500719020530410104,202504,4
1,170155,170155,72,4,1,1,2,35,1,10,10,6,2, ,3,6,6, , , ,6,3,170,1,2,12,2, , , , , , , , , ,8,4, , , ,1,6,4,1071,7512,6, , , , , , , , , , , , , , , , , , , , , , , , , , , , , , , , ,5, , , , , , , , , , , ,2, ,2, ,2, ,2, ,2, ,2, ,2,2,1,1,1,2,2,2,2,2,2,2,5,1,1713,"72,3368118047492",4,0.0,"3,33333333333333",7, ,1, , , ,17,6,1,1,170155022410,1701550224100720408,17015502241007204108,1701550224100720410108,202508,8
1,170180,170180,72,6,1,1,1,33,1,1,10,5,2, ,5,6,6, , , ,6,2,20157,1,1, , , ,40, ,1,4, , , , , , , , , , , , ,1312,4321,2, ,3,1,2,1,1,1,1,2,2,1,1,1,0,1,2, , , ,1,40, , , , , , , , , , , ,1, , , , ,430,40,1,90, , , ,2, ,2, ,1,100,2, ,2, ,2, , , , , , , , , , , , , , ,1,1713,"914,604765602963",4,560.0,"206,5",1,1, ,1,4,3,17,6,0,0,170180105303,1701801053030720608,17018010530307206108,1701801053030720610108,202508,8
2,170750,170750,60,1,1,3,1,34,3,10,10,6,2, ,11,6,3, , , ,7,1, ,1,1, , , ,40, ,1,4, , , , , , , , , , , , ,129,6112,4, ,6,1,2,1,2,2,2,2,2,2,2,2,4,11,1,6,1,1,1,40, , , , , , , , , , , ,5, , , , ,360,0,1,130, , , ,2, ,2, ,2, ,2, ,2, ,2, , , , , , , , , , , , , , ,1,1721,"74,6745437963899",3,490.0,"356,5",1,1, ,1,6,1,17,6,0,0,170750900401,1707509004010600109,17075090040106001109,1707509004010600110309,202509,9
1,170150,170150,65,6,1,1,1,33,1,10,10,6,2, ,11,6,6, , , ,6,1, ,1,1, , , ,40, ,1,4, , , , , , , , , , , , ,3100,7214,2, ,3,2,2,2,2,2,2,2,2,2,2,2,15,1,1,3,3,1,1,40, , , , , , , , , , , ,5, , , , ,500,0,2, , , , ,2, ,2, ,2, ,2, ,2, ,2, , , , , , , , , , , , , , ,1,2513,"28,1278562734001",4,500.0,500,1,1, ,1,7,3,17,1,0,0,170150036903,1701500369030650604,17015003690306506104,1701500369030650610104,202504,4
1,170150,170150,59,1,1,1,1,35,1,10,10,6,2, ,5,6,6, , , ,6,2,130450,1,1, , , ,20,1, ,4, , , , , , , , , , , , ,8542,3421,2, ,3,2,2,2,2,2,2,2,2,2,2,2,13,1,1,8,1,1,1,20, , , , , , , , , , , ,5, , , , ,250,0,2, , , , ,2, ,2, ,2, ,2, ,2, ,2, , , , , , , , , , , , , , ,1,2512,"57,6296831083886",4,250.0,"62,5",4,1, ,1,3,16,17,1,1,0,170150052301,1701500523010590106,17015005230105901106,1701500523010590110106,202506,6
1,170150,170150,64,2,1,2,2,31,2,10,10,1,2, ,5,4,6,1, , ,1,2,50450,1,1, , , ,40, ,1,4, , , , , , , , , , , , ,4721,5223,7, , , , , , , , , , , , , ,2,6,1,2,3,2,1,40, , , , , , , , , , , ,5, , , , , , , , , , , ,2, ,2, ,2, ,2, ,2, ,2, , , , , , , , , , , , , , ,1,2512,"130,630139912146",3,0.0,95,5,1, ,2,5,7,17,1,0,0,170150356803,1701503568030640203,17015035680306402103,1701503568030640210203,202503,3
1,170155,170155,75,7,1,2,2,34,3,1,10,6,2, ,2,8,3, ,1,20410304,6,1, ,2,1, , , ,40, ,1,4, , , , , , , , , , , , ,4649,4222,2, ,2,2,2,2,1,2,1,2,2,1,1,1,1,1,2, , , ,1,40, , , , , , , , , , , ,1, , , , ,700,50,1,30, , , ,2, ,2, ,2, ,2, ,2, ,2, , , , , , , , , , , , , , ,1,1713,"150,995699261641",5,780.0,360,1,1, ,1,4,7,17,6,0,0,170155016308,1701550163080750711,17015501630807507111,1701550163080750710211,202511,11
1,170150,170150,63,3,1,1,2,34,1,1,10,6,2, ,2,10,2, ,1,51020201,6,1, ,1,1, , , ,60, ,1,4, , , , , , , , , , , , ,8610,3252,1, ,1,2,2,2,1,2,1,2,2,2,1,1,2,1,2, , , ,2,40,20,0,8610,2211,6,2,8,1,1,3,1,1, , , , ,1460,180,2, ,300,2, ,2, ,2, ,2, ,2, ,2, ,2, , , , , , , , , , , , , , ,1,2511,"47,58037187938",5,1940.0,970,1,1, ,1,3,17,17,1,0,0,170150123502,1701501235020630305,17015012350206303105,1701501235020630310105,202505,5
1,170150,170150,67,4,1,2,2,31,2,10,10,5,2, ,2,8,3, ,1,20110103,6,1, ,1,1, , , ,40, ,1,4, , , , , , , , , , , , ,8521,2341,2, ,3,2,2,2,2,2,2,2,2,2,2,2,5,1,1,40,1,1,1,40, , , , , , , , , , , ,5, , , , ,480,0,2, , , , ,2, ,2, ,2, ,2, ,2, ,2, , , , , , , , , , , , , , ,1,2511,"45,0294830424528",5,480.0,250,1,1, ,1,2,16,17,1,0,0,170150246804,1701502468040670406,17015024680406704106,1701502468040670410206,202506,6
1,170150,170150,68,2,1,2,2,32,2,1,5,1,2, ,5,8,3, ,1,20410304,6,1, ,1,1, , , ,40, ,1,4, , , , , , , , , , , , ,1103,3322,2, ,2,2,2,2,1,1,1,1,2,2,1,1,10,1,2, , , ,1,40, , , , , , , , , , , ,1, , , , ,600,600,1,50, , , ,2, ,2, ,2, ,2, ,2, ,2, , , , , , , , , , , , , , ,1,2512,"235,373556181043",5,1250.0,"277,6",1,1, ,1,3,3,17,1,0,0,170150392803,1701503928030680207,17015039280306802107,1701503928030680210207,202507,7
1,170150,170150,71,6,1,2,1,34,2,1,10,1,2, ,5,6,6, , , ,6,2,61050,1,1, , , ,40, ,1,4, , , , , , , , , , , , ,6110,7422,2, ,2,2,2,2,1,1,1,2,2,1,1,1,1,1,1,25,1,1,1,40, , , , , , , , , , , ,1, , , , ,500,40,1,30, , , ,2, ,2, ,2, ,2, ,2, ,2, , , , , , , , , , , , , , ,1,2512,"46,9126956560736",4,570.0,"309,333333333333",1,1, ,1,7,10,17,1,0,0,170150361702,1701503617020710610,17015036170207106110,1701503617020710610210,202510,10
1,170150,170150,40,5,1,2,1,31,2,10,10,5,2, ,11,4,2,1, , ,6,2,130850,1,2,12,2, , , , , , , , , ,2,8, , , ,1,6,8,4721,7511,6, , , , , , , , , , , , , , , , , , , , , , , , , , , , , , , , ,5, , , , , , , , , , , ,2, ,2, ,2, ,2, ,2, ,2, ,2,2,1,1,1,2,2,2,2,2,2,2,5,1,2513,"15,8491964669238",3,0.0,190,7, ,1, , , ,17,1,0,0,170150026904,1701500269040400501,17015002690404005101,1701500269040400510201,202501,1
2,170184,170184,67,2,1,1,1,33,1,10,10,5,2, ,5,8,3, ,1,20210210,6,1, ,1,1, , , ,60, ,1,4, , , , , , , , , , , , ,7410,3118,6,2, , , , , , , , , , , , ,5,9,1,1,2,2,2,30,30,0,5610,5131,7, ,6,1,2,2,1,5,150,2, ,20, , , , , , , ,2, ,2, ,1,130,2, ,2, ,2, , , , , , , , , , , , , , ,1,1722,"15,3190829650168",5,130.0,330,4,1, ,2,3,13,17,6,0,0,170184904701,1701849047010670209,17018490470106702109,1701849047010670210109,202509,9
1,170150,170150,68,2,1,2,2,34,2,1,10,5,2, ,3,9,4, ,1,30310101,6,2,100250,1,1, , , ,40, ,1,4, , , , , , , , , , , , ,6820,3323,1, ,1,2,2,2,1,2,1,2,2,1,1,1,0,1,2, , , ,1,40, , , , , , , , , , , ,1, , , , ,700,100,1,8, , , ,2, ,1,300,2, ,2, ,2, ,2, , , , , , , , , , , , , , ,1,2511,"52,8797888596113",5,808.0,477,1,1, ,1,3,12,17,1,0,0,170150164702,1701501647020680210,17015016470206802110,1701501647020680210210,202510,10
1,170150,170150,63,1,1,1,2,32,1,10,10,6,2, ,11,6,6, , , ,4,2,100351,1,1, , , ,10,1, ,2,1,30,1,4, , , , , , , , ,4791,5244,6,2, , , , , , , , , , , , ,0,9,1,1,3,2,1,10, , , , , , , , , , , ,5,225,2, ,160, , , , , , , ,2, ,1,120,2, ,2, ,2, ,2, , , , , , , , , , , , , , ,1,2513,"81,3295587786676",4,65.0,245,2,1, ,2,5,7,17,1,0,0,170150232204,1701502322040630102,17015023220406301102,1701502322040630110102,202502,2
1,170150,170150,58,6,1,1,1,32,1,10,10,2,2, ,2,8,3, ,1,20210210,6,1, ,1,1, , , ,40, ,1,4, , , , , , , , , , , , ,1811,3118,6,2, , , , , , , , , , , , ,7,8,1,1,3,1,1,40, , , , , , , , , , , ,5,500,2, ,0, , , , , , , ,2, ,2, ,1,160,2, ,2, ,2, , , , , , , , , , , , , , ,1,2512,"20,3540381826711",5,500.0,730,1,1, ,1,3,3,17,1,0,0,170150375804,1701503758040580603,17015037580405806103,1701503758040580610103,202503,3
1,170150,170150,57,2,1,1,1,30,1,10,10,1,2, ,5,7,3, , , ,6,1, ,6,1, , , ,40, ,1,4, , , , , , , , , , , , ,4330,7123,6,2, , , , , , , , , , , , ,8,8,1,1,2,1,1,40, , , , , , , , , , , ,5,900,2, ,400, , , , , , , ,2, ,2, ,2, ,2, ,2, ,2, , , , , , , , , , , , , , ,1,2513,"130,769023753052",4,500.0,"446,5",1,1, ,1,7,6,17,1,0,0,170150383403,1701503834030570208,17015038340305702108,1701503834030570210108,202508,8
1,170150,170150,75,7,1,2,1,33,3,10,10,6,2, ,3,6,2, , , ,6,1, ,1,1, , , ,24,8, ,4, , , , , , , , , , , , ,4330,7131,6,2, , , , , , , , , , , , ,15,8,1,1,3,2,1,40, , , , , , , , , , , ,5,480,2, ,80, , , , , , , ,2, ,2, ,2, ,2, ,2, ,2, , , , , , , , , , , , , , ,1,2512,"49,1728046380453",3,400.0,348,4,1, ,2,7,6,17,1,0,0,170150084701,1701500847010750711,17015008470107507111,1701500847010750710211,202511,11
1,170150,170150,76,1,1,1,1,35,1,10,10,1,2, ,11,6,6, , , ,6,1, ,7,1, , , ,50, ,1,4, , , , , , , , , , , , ,4922,8322,6,2, , , , , , , , , , , , ,0,3,1,1,3,2,1,50, , , , , , , , , , , ,5,500,2, ,100, , , , , , , ,2, ,2, ,2, ,2, ,2, ,2, , , , , , , , , , , , , , ,1,2513,"58,0649501738596",4,400.0,"168,428571428571",4,1, ,2,8,8,17,1,0,0,170150296501,1701502965010760112,17015029650107601112,1701502965010760110112,202512,12
1,170155,170155,53,2,1,1,2,33,1,1,5,6,1,6, ,9,2, ,2, ,6,2,170163,1,1, , , ,40, ,1,4, , , , , , , , , , , , ,4741,5223,2, ,2,2,2,2,1,2,1,2,2,2,1,1,3,1,1,10,1,1,1,40, , , , , , , , , , , ,1, , , , ,1000,200,2, , , , ,2, ,1,220,2, ,2, ,2, ,2, , , , , , , , , , , , , , ,1,1713,"162,814100598619",5,1200.0,710,1,1, ,1,5,7,17,6,0,0,170155043103,1701550431030530204,17015504310305302104,1701550431030530210104,202504,4
1,170150,170150,56,5,1,1,1,32,1,1,10,5,2, ,2,9,5, ,1,30310401,6,1, ,1,1, , , ,45, ,1,4, , , , , , , , , , , , ,4510,3322,5,2, , , , , , , , , , , , ,8,6,1,3,1,1,1,45, , , , , , , , , , , ,1,1500,2, ,600, , , , , , , ,2, ,2, ,2, ,2, ,2, ,2, , , , , , , , , , , , , , ,1,2511,"20,3894596736089",5,900.0,"583,333333333333",1,1, ,1,3,7,17,1,0,0,170150040502,1701500405020560505,17015004050205605105,1701500405020560510105,202505,5
1,170150,170150,55,1,1,2,1,30,3,10,10,6,2, ,11,5,9,1, , ,6,1, ,1,1, , , ,40, ,1,4, , , , , , , , , , , , ,3100,7522,2, ,3,2,2,2,2,2,2,2,2,2,2,2,1,1,1,4,3,1,1,40, , , , , , , , , , , ,5, , , , ,320,0,2, , , , ,2, ,2, ,2, ,2, ,2, ,2, , , , , , , , , , , , , , ,1,2511,"135,352560775239",3,320.0,785,4,1, ,1,7,3,17,1,0,0,170150157601,1701501576010550111,17015015760105501111,1701501576010550110211,202511,11
1,170150,170150,63,5,1,1,1,35,1,1,10,5,2, ,11,4,6,1, , ,6,1, ,2,1, , , ,40, ,1,4, , , , , , , , , , , , ,8121,9112,2, ,2,2,2,2,1,1,1,2,2,2,1,1,8,1,1,30,1,1,2,20,20,0,9524,7534,6,2,6,1,1,3,2,1, , , , ,260,45,1,10,200,2, ,2, ,2, ,1,130,2, ,2, ,2, , , , , , , , , , , , , , ,1,2513,"123,376527854632",3,515.0,"110,625",1,1, ,1,9,14,17,1,0,0,170150073501,1701500735010630505,17015007350106305105,1701500735010630510105,202505,5
1,170150,170150,59,7,1,2,2,31,3,2,10,6,2, ,2,9,4, ,1,30840101,6,1, ,2,1, , , ,40, ,1,4, , , , , , , , , , , , ,7500,2250,5,2, , , , , , , , , , , , ,8,6,1,2,1,1,1,40, , , , , , , , , , , ,2,1500,2, ,670, , , , , , , ,2, ,2, ,2, ,2, ,2, ,2, , , , , , , , , , , , , , ,1,2511,"9,62275084098889",5,830.0,"1048,66666666667",1,1, ,1,2,13,17,1,0,0,170150000402,1701500004020590706,17015000040205907106,1701500004020590710206,202506,6
1,170150,170150,76,4,1,1,2,31,1,1,5,3,2, ,2,9,5, ,1,30410302,6,1, ,1,1, , , ,40, ,1,4, , , , , , , , , , , , ,6419,3312,2, ,2,2,2,1,1,2,1,2,2,2,1,1,4,1,2, , , ,1,40, , , , , , , , , , , ,1, , , , ,950,100,2, , , , ,2, ,1,160,2, ,2, ,2, ,2, , , , , , , , , , , , , , ,1,2511,"24,2773716493041",5,1050.0,605,1,1, ,1,3,11,17,1,0,0,170150319301,1701503193010760412,17015031930107604112,1701503193010760410112,202512,12
1,170155,170155,67,4,1,5,1,30,3,1,10,6,2, ,2,9,5, ,1,30710503,6,1, ,2,1, , , ,40, ,1,4, , , , , , , , , , , , ,4520,2144,2, ,2,2,2,2,1,2,1,2,2,2,1,1,0,1,1,5,2,1,1,40, , , , , , , , , , , ,1, , , , ,970,50,2, , , , ,2, ,2, ,2, ,2, ,2, ,2, , , , , , , , , , , , , , ,1,1713,"46,1307728431179",5,1020.0,"936,666666666667",1,1, ,1,2,7,17,6,0,0,170155022407,1701550224070670409,17015502240706704109,1701550224070670410509,202509,9
1,170155,170155,51,1,1,3,1,30,3,10,10,6,1,3, ,7,1, , , ,6,1, ,2,1, , , ,40, ,1,4, , , , , , , , , , , , ,2511,7222,2, ,3,2,2,2,2,2,2,2,2,2,2,2,8,1,1,10,3,1,1,40, , , , , , , , , , , ,5, , , , ,500,0,2, , , , ,2, ,2, ,2, ,2, ,2, ,2, , , , , , , , , , , , , , ,1,1711,"36,5999815514371",4,500.0,"181,571428571429",1,1, ,1,7,3,17,6,0,0,170155040401,1701550404010510103,17015504040105101103,1701550404010510110303,202503,3
2,170150,170150,56,2,1,2,2,34,2,5,10,1,2, ,2,9,5, ,1,30410306,6,1, ,2,1, , , ,40, ,1,4, , , , , , , , , , , , ,4773,5221,6,2, , , , , , , , , , , , ,4,6,1,2,2,1,1,40, , , , , , , , , , , ,5,1400,2, ,190, , , , , , , ,2, ,2, ,2, ,2, ,2, ,2, , , , , , , , , , , , , , ,1,1723,"20,1059408468076",5,1210.0,"761,333333333333",1,1, ,1,5,7,17,6,0,0,170150901903,1701509019030560205,17015090190305602105,1701509019030560210205,202505,5
1,170150,170150,66,8,1,2,2,31,2,10,10,1,2, ,5,6,6, , , ,6,1, ,2,1, , , ,20,1, ,2,1,20,7, , , , , , , , , ,5610,5131,2, ,3,1,2,2,2,1,2,2,2,2,2,2,2,1,1,3,3,1,1,20, , , , , , , , , , , ,5, , , , ,250,0,1,62, , , ,2, ,2, ,2, ,2, ,2, ,2, , , , , , , , , , , , , , ,1,2512,"36,9240062649489",4,312.0,"306,75",2,1, ,1,5,9,17,1,0,0,170150321303,1701503213030660805,17015032130306608105,1701503213030660810205,202505,5
1,170155,170155,60,1,1,3,1,31,3,1,10,6,2, ,2,9,5, ,1,30410302,6,1, ,1,1, , , ,40, ,1,4, , , , , , , , , , , , ,6820,3322,2, ,2,2,2,2,1,1,1,2,2,2,1,1,3,1,2, , , ,1,40, , , , , , , , , , , ,1, , , , ,470,47,1,10, , , ,2, ,2, ,2, ,2, ,2, ,2, , , , , , , , , , , , , , ,1,1711,"31,9007047575425",5,527.0,"392,4",1,1, ,1,3,12,17,6,0,0,170155040401,1701550404010600106,17015504040106001106,1701550404010600110306,202506,6
1,170150,170150,76,2,1,4,1,33,3,1,10,6,2, ,2,10,1, ,1,50330107,6,1, ,4,1, , , ,40, ,1,4, , , , , , , , , , , , ,6910,2611,6,2, , , , , , , , , , , , ,10,6,1,1,2,1,1,40, , , , , , , , , , , ,1,2000,2, ,600, , , , , , , ,2, ,2, ,2, ,2, ,2, ,2, , , , , , , , , , , , , , ,1,2512,"40,8943685866829",5,1400.0,"2142,5",1,1, ,1,2,13,17,1,0,0,170150239803,1701502398030760212,17015023980307602112,1701502398030760210412,202512,12
1,170150,170150,71,8,1,2,1,30,2,1,5,5,2, ,2,10,1, ,1,50410401,6,2,90150,2,1, , , ,40, ,1,4, , , , , , , , , , , , ,7310,2431,2, ,2,2,2,2,1,2,1,2,2,2,1,1,10,1,1,90,1,1,1,40, , , , , , , , , , , ,1, , , , ,1800,170,2, , , , ,2, ,2, ,2, ,2, ,2, ,2, , , , , , , , , , , , , , ,1,2511,"98,7916094727698",5,1970.0,2625,1,1, ,1,2,13,17,1,0,0,170150136301,1701501363010710807,17015013630107108107,1701501363010710810207,202507,7
1,170451,170451,57,7,1,7,2,31,4,10,10,5,2, ,5,6,6, , , ,6,1, ,1,1, , , ,15,1, ,4, , , , , , , , , , , , ,4711,5221,6,2, , , , , , , , , , , , ,1,6,1,1,2,1,1,15, , , , , , , , , , , ,5,400,1,20,100, , , , , , , ,2, ,2, ,2, ,2, ,2, ,2, , , , , , , , , , , , , , ,1,1711,"38,3331122055165",4,320.0,"281,3",4,1, ,1,5,7,17,6,0,0,170451028803,1704510288030570705,17045102880305707105,1704510288030570710705,202505,5
1,170150,170150,56,3,1,2,1,30,3,1,10,6,2, ,5,7,3, , , ,6,1, ,1,1, , , ,40, ,1,4, , , , , , , , , , , , ,4759,5223,2, ,2,2,2,2,1,2,1,2,2,2,1,1,8,1,2, , , ,1,40, , , , , , , , , , , ,1, , , , ,500,50,2, , , , ,2, ,2, ,2, ,2, ,2, ,2, , , , , , , , , , , , , , ,1,2513,"43,3500608139281",4,550.0,375,1,1, ,1,5,7,17,1,0,0,170150381601,1701503816010560302,17015038160105603102,1701503816010560310202,202502,2
1,170150,170150,62,1,1,2,2,32,2,10,10,1,2, ,3,6,6, , , ,6,1, ,2,2,12,2, , , , , , , , , ,11, ,9, ,4, , , , , , , , , , , , , , , , , , , , , , , , , , , , , , , , , , , , , , ,5, , , , , , , , , , , ,2, ,2, ,2, ,2, ,2, ,2, , , , , , , , , , , , , , ,1,2513,"63,6517184849222",4,0.0,495,9, , , , , ,17,1,0,0,170150121001,1701501210010620101,17015012100106201101,1701501210010620110201,202501,1
2,170184,170184,67,4,1,2,2,32,2,10,10,5,2, ,11,4,6,1, , ,2,2,100150,2,1, , , ,36,1, ,1,1,12,4,4, , , , , , , , ,9700,9111,10, ,3,1,2,2,2,2,2,2,2,2,2,2,4,8,1,1, , ,1,32, , , , , , , , , , , ,5, , , , ,200,0,1,54, , , ,2, ,2, ,2, ,2, ,2, ,2, , , , , , , , , , , , , , ,1,1722,"28,7989660626732",3,254.0,"185,75",2,1, ,3,9,20,17,6,0,0,170184904701,1701849047010670406,17018490470106704106,1701849047010670410206,202506,6
1,170150,170150,69,10,1,1,1,35,1,1,10,6,2, ,5,6,6, , , ,6,2,120750,1,1, , , ,40, ,1,4, , , , , , , , , , , , ,3811,9611,1, ,1,2,2,1,1,1,1,2,2,1,1,1,9,1,2, , , ,1,40, , , , , , , , , , , ,1, , , , ,290,361,1,67, , , ,2, ,2, ,2, ,2, ,2, ,2, , , , , , , , , , , , , , ,1,2512,"17,1596036824223",4,718.0,"240,666666666667",1,1, ,1,9,5,17,1,0,0,170150271201,1701502712010691008,17015027120106910108,1701502712010691010108,202508,8
1,170150,170150,65,10,1,1,2,35,1,10,10,5,2, ,11,4,6,1, , ,1,2,60150,1,1, , , ,50, ,1,4, , , , , , , , , , , , ,4721,5223,2, ,2,1,2,2,2,2,2,2,2,2,2,2,0,1,1,2,2,2,1,50, , , , , , , , , , , ,5, , , , ,200,0,1,20, , , ,2, ,1,120,2, ,2, ,2, ,2, , , , , , , , , , , , , , ,1,2513,"36,2155134138681",3,220.0,85,4,1, ,2,5,7,17,1,1,0,170150290601,1701502906010651004,17015029060106510104,1701502906010651010104,202504,4
1,170155,170155,56,1,1,3,1,30,3,10,10,6,1,1, ,10,1, ,1,30410401,6,1, ,1,2,12,2, , , , , , , , , ,9,1, , , ,1,5,1,4649,5223,2, , , , , , , , , , , , , , , , , , , , , , , , , , , , , , , , ,5, , , , , , , , , , , ,2, ,2, ,2, ,2, ,2, ,2, ,2,1,1,1,2,2,2,2,2,2,2,2,2,1,1711,"10,2933145737307",5,0.0,"184,75",7, ,1, , , ,17,6,0,0,170155019103,1701550191030560105,17015501910305601105,1701550191030560110305,202505,5
1,170150,170150,53,1,1,4,1,30,3,10,10,5,2, ,5,5,10,1, , ,6,1, ,1,1, , , ,1,3, ,3,1,39,4,4, , , , , , , , ,4321,7411,2, ,3,2,2,2,2,2,2,2,2,2,2,2,2,2,1,2,3,2,1,10, , , , , , , , , , , ,5, , , , ,100,0,2, , , , ,2, ,2, ,2, ,2, ,2, ,2, , , , , , , , , , , , , , ,1,2513,"49,3940115056457",3,100.0,"125,454545454545",2,1, ,2,7,6,17,1,0,0,170150183801,1701501838010530101,17015018380105301101,1701501838010530110401,202501,1
1,170150,170150,55,7,1,2,2,31,2,10,10,5,2, ,10,6,3, , , ,6,2,90150,2,2,12,2, , , , , , , , , ,2,2, , , ,1,3,3,9700,5311,10, , , , , , , , , , , , , , , , , , , , , , , , , , , , , , , , ,5, , , , , , , , , , , ,2, ,2, ,2, ,2, ,2, ,2, ,2,2,1,1,1,2,2,2,2,2,2,2,3,1,2512,"57,3617666304553",3,0.0,200,7, ,1, , , ,17,1,0,0,170150011201,1701500112010550702,17015001120105507102,1701500112010550710202,202502,2
1,170150,170150,72,6,1,2,2,32,2,1,10,5,2, ,5,6,6, , , ,6,2,110150,1,1, , , ,40, ,1,4, , , , , , , , , , , , ,1410,8152,2, ,2,1,2,1,1,1,1,2,2,1,1,1,1,1,1,50,1,1,1,40, , , , , , , , , , , ,1, , , , ,470,45,1,200, , , ,2, ,2, ,2, ,2, ,2, ,2, , , , , , , , , , , , , , ,1,2513,"241,368404298985",4,715.0,"315,6",1,1, ,1,8,3,17,1,0,0,170150001502,1701500015020720608,17015000150207206108,1701500015020720610208,202508,8
2,170179,170179,60,2,1,4,1,30,3,1,10,6,2, ,2,9,5, ,1,30730301,6,1, ,2,1, , , ,50, ,1,4, , , , , , , , , , , , ,7110,2161,2, ,3,2,1,2,1,2,1,2,2,2,1,1,1,1,1,35,1,1,1,50, , , , , , , , , , , ,1, , , , ,800,120,1,150, , , ,2, ,2, ,2, ,2, ,2, ,2, , , , , , , , , , , , , , ,1,1723,"69,7847610004468",5,1070.0,"372,5",1,1, ,1,2,13,17,6,0,0,170179902002,1701799020020600206,17017990200206002106,1701799020020600210406,202506,6
1,170150,170150,71,3,1,1,1,34,1,10,10,1,2, ,5,6,6, , , ,6,2,131350,1,1, , , ,40, ,1,4, , , , , , , , , , , , ,3100,7522,2, ,3,2,2,2,2,2,2,2,2,2,2,2,10,1,1,3,3,1,1,40, , , , , , , , , , , ,5, , , , ,400,0,2, , , , ,2, ,2, ,2, ,2, ,2, ,2, , , , , , , , , , , , , , ,1,2511,"47,7433198873779",4,400.0,290,4,1, ,1,7,3,17,1,0,0,170150319401,1701503194010710307,17015031940107103107,1701503194010710310107,202507,7
1,170150,170150,73,5,1,3,2,34,4,10,10,5,2, ,3,4,1,2, , ,6,1, ,3,1, , , ,20,1, ,3,1,20,7, , , , , , , , , ,4799,9520,6,2, , , , , , , , , , , , ,15,3,1,1,3,2,1,20, , , , , , , , , , , ,5,50,2, ,25, , , , , , , ,2, ,2, ,2, ,2, ,2, ,2, , , , , , , , , , , , , , ,1,2512,"53,2545938640708",3,25.0,"31,6666666666667",2,1, ,2,9,7,17,1,1,1,170150131902,1701501319020730512,17015013190207305112,1701501319020730510312,202512,12
1,170185,170185,69,2,1,1,2,33,1,10,10,6,2, ,3,4,6,1, , ,6,2,20150,1,1, , , ,20,1, ,4, , , , , , , , , , , , ,113,6111,4, ,6,1,2,2,2,2,2,2,2,2,2,2,2,11,1,3,3,2,1,20, , , , , , , , , , , ,5, , , , ,40,0,1,40, , , ,2, ,2, ,2, ,2, ,1,55,2, , , , , , , , , , , , , , ,1,1711,"91,2347592512195",3,80.0,"46,3333333333333",4,1, ,2,6,1,17,6,1,1,170185104903,1701851049030690211,17018510490306902111,1701851049030690210111,202511,11
1,170150,170150,64,3,1,2,2,31,9,1,10,3,1,3, ,9,4, ,2, ,6,1, ,2,1, , , ,56, ,1,4, , , , , , , , , , , , ,8610,3344,2, ,3,2,2,2,1,2,1,2,2,1,1,1,1,1,2, , , ,1,56, , , , , , , , , , , ,1, , , , ,430,95,1,4, , , ,2, ,2, ,2, ,2, ,2, ,2, , , , , , , , , , , , , , ,1,2512,"59,3606487880259",5,529.0,"249,666666666667",1,1, ,1,3,17,17,1,0,0,170150001104,1701500011040640306,17015000110406403106,1701500011040640310206,202506,6
1,170150,170150,69,2,1,2,2,31,2,1,10,1,2, ,5,6,6, , , ,6,1, ,1,1, , , ,60, ,1,4, , , , , , , , , , , , ,8010,5414,2, ,3,2,2,2,1,2,1,2,2,2,1,1,3,1,1,50,1,1,1,60, , , , , , , , , , , ,1, , , , ,700,60,2, , , , ,2, ,2, ,2, ,2, ,2, ,2, , , , , , , , , , , , , , ,1,2513,"162,969200294884",4,760.0,283,1,1, ,1,5,14,17,1,0,0,170150389904,1701503899040690211,17015038990406902111,1701503899040690210211,202511,11
2,170850,170850,53,6,1,1,1,31,1,1,10,5,2, ,5,4,6,1, , ,6,1, ,1,1, , , ,30,1, ,4, , , , , , , , , , , , ,129,6112,2, ,2,2,2,2,1,2,1,2,2,2,2,2,4,11,1,4,2,1,1,30, , , , , , , , , , , ,1, , , , ,320,25,2, , , , ,2, ,2, ,1,60,2, ,2, ,2, , , , , , , , , , , , , , ,1,1721,"45,7810513250385",3,345.0,"202,5",4,1, ,1,6,1,17,6,0,0,170850900701,1708509007010530601,17085090070105306101,1708509007010530610101,202501,1
1,170150,170150,55,2,1,1,1,33,1,10,10,1,2, ,11,6,6, , , ,6,1, ,1,1, , , ,30,1, ,1,1,10,7, , , , , , , , , ,7410,3118,6,2, , , , , , , , , , , , ,3,6,1,1,3,1,1,30, , , , , , , , , , , ,5,500,2, ,0, , , , , , , ,2, ,2, ,2, ,2, ,2, ,2, , , , , , , , , , , , , , ,1,2512,"21,6055005936928",4,500.0,"262,5",2,1, ,1,3,13,17,1,0,0,170150098802,1701500988020550202,17015009880205502102,1701500988020550210102,202502,2
1,170150,170150,69,5,1,1,2,30,1,1,10,1,2, ,2,8,3, ,1,20410402,6,3,862,1,1, , , ,40, ,1,4, , , , , , , , , , , , ,5320,3322,2, ,2,1,2,2,1,2,1,2,2,2,1,1,8,1,2, , , ,1,40, , , , , , , , , , , ,1, , , , ,700,70,1,50, , , ,2, ,2, ,2, ,2, ,2, ,2, , , , , , , , , , , , , , ,1,2511,"38,9191809725549",5,820.0,"222,5",1,1, ,1,3,8,17,1,0,0,170150199201,1701501992010690511,17015019920106905111,1701501992010690510111,202511,11
1,170150,170150,65,4,1,1,1,33,1,2,6,5,2, ,2,9,5, ,1,30730201,6,1, ,1,1, , , ,40, ,1,4, , , , , , , , , , , , ,7110,2142,6,2, , , , , , , , , , , , ,3,8,1,1,3,1,1,40, , , , , , , , , , , ,2,1207,2, ,0, , , , , , , ,2, ,2, ,2, ,2, ,2, ,2, , , , , , , , , , , , , , ,1,2511,"30,920050141797",5,1207.0,"903,5",1,1, ,1,2,13,17,1,0,0,170150120901,1701501209010650404,17015012090106504104,1701501209010650410104,202504,4
1,170150,170150,51,4,1,3,2,31,3,2,10,6,1,6, ,9,4, ,1,30310403,6,1, ,4,1, , , ,20,1, ,2,1,20,3,3, , , , , , , , ,4791,5244,6,2, , , , , , , , , , , , ,3,9,1,1,3,2,1,20, , , , , , , , , , , ,2,200,2, ,100, , , , , , , ,2, ,2, ,2, ,2, ,2, ,2, , , , , , , , , , , , , , ,1,2511,"56,1079844233179",5,100.0,"162,5",2,1, ,2,5,7,17,1,0,0,170150376302,1701503763020510403,17015037630205104103,1701503763020510410303,202503,3
2,170184,170184,53,5,1,2,2,35,2,10,10,1,2, ,11,6,6, , , ,6,1, ,2,2,12,2, , , , , , , , , ,6,16, , , ,1,1,16,4100,4226,2, , , , , , , , , , , , , , , , , , , , , , , , , , , , , , , , ,5, , , , , , , , , , , ,2, ,2, ,2, ,2, ,2, ,2, ,2,2,2,1,1,2,2,2,2,2,2,2,4,1,1722,"46,9621419144906",4,0.0,53,7, ,1, , , ,17,6,1,0,170184905101,1701849051010530501,17018490510105305101,1701849051010530510201,202501,1
1,170177,170177,70,6,1,3,2,34,3,10,10,6,2, ,2,9,4, ,1,30320101,6,1, ,1,2,12,2, , , , , , , , , ,8,25, , , ,1,5,25,7310,2431,2, , , , , , , , , , , , , , , , , , , , , , , , , , , , , , , , ,5, , , , , , , , , , , ,2, ,2, ,2, ,2, ,2, ,2, ,2,1,1,1,1,2,2,2,2,2,2,2,2,1,1713,"27,7439875708485",5,0.0,"153,333333333333",7, ,1, , , ,17,6,0,0,170177090105,1701770901050700612,17017709010507006112,1701770901050700610312,202512,12
1,170150,170150,73,5,1,2,1,35,2,10,10,5,2, ,5,6,6, , , ,6,3,862,1,1, , , ,48, ,1,4, , , , , , , , , , , , ,4923,9333,2, ,3,2,2,2,2,2,2,2,2,2,2,2,7,3,1,2,3,1,1,48, , , , , , , , , , , ,5, , , , ,400,0,2, , , , ,2, ,2, ,2, ,2, ,2, ,2, , , , , , , , , , , , , , ,1,2512,"27,0429903091285",4,400.0,511,4,1, ,1,9,8,17,1,0,0,170150179202,1701501792020730509,17015017920207305109,1701501792020730510209,202509,9
1,170150,170150,72,1,1,3,1,35,3,1,10,6,2, ,7,6,6, , , ,6,1, ,2,1, , , ,20,9, , , , , , , , , , , , , , ,4711,9321,2, ,2,2,2,2,1,1,1,2,2,2,1,1,8,1,2, , , ,1,20, , , , , , , , , , , ,1, , , , ,235,35,1,8, , , ,2, ,2, ,2, ,2, ,2, ,2, , , , , , , , , , , , , , ,1,2511,"30,991676462457",4,278.0,"592,666666666667",4,1, ,1,9,7,17,1,0,0,170150199502,1701501995020720111,17015019950207201111,1701501995020720110311,202511,11
1,170150,170150,53,1,1,6,2,30,4,10,10,5,2, ,11,7,3, , , ,6,1, ,1,2,12,2, , , , , , , , , ,11, ,9, ,4, , , , , , , , , , , , , , , , , , , , , , , , , , , , , , , , , , , , , , ,5, , , , , , , , , , , ,2, ,2, ,2, ,2, ,2, ,2, , , , , , , , , , , , , , ,1,2513,"50,650254334208",4,0.0,"141,818181818182",9, , , , , ,17,1,0,0,170150183801,1701501838010530104,17015018380105301104,1701501838010530110604,202504,4
1,170159,170159,65,7,1,2,1,34,3,1,10,2,2, ,5,6,6, , , ,6,2,170150,1,1, , , ,40, ,1,4, , , , , , , , , , , , ,6110,7422,1, ,1,2,2,2,1,1,1,2,2,2,1,1,10,1,2, , , ,1,40, , , , , , , , , , , ,1, , , , ,500,45,1,10, , , ,2, ,2, ,2, ,2, ,2, ,2, , , , , , , , , , , , , , ,1,1711,"66,4695906360665",4,555.0,"403,333333333333",1,1, ,1,7,10,17,6,0,0,170159000604,1701590006040650704,17015900060406507104,1701590006040650710204,202504,4
1,170150,170150,69,1,1,2,1,33,3,10,10,6,2, ,11,6,6, , , ,6,1, ,1,1, , , ,40, ,1,4, , , , , , , , , , , , ,4922,8322,6,2, , , , , , , , , , , , ,5,3,1,1,3,1,1,40, , , , , , , , , , , ,5,800,2, ,300, , , , , , , ,2, ,2, ,2, ,2, ,2, ,2, , , , , , , , , , , , , , ,1,2512,"57,4708289848866",4,500.0,255,1,1, ,1,8,8,17,1,0,0,170150140101,1701501401010690111,17015014010106901111,1701501401010690110211,202511,11
1,170150,170150,62,9,1,4,1,30,3,10,10,6,2, ,2,9,5, ,1,30710503,6,1, ,1,1, , , ,40, ,1,4, , , , , , , , , , , , ,2511,2144,2, ,3,2,2,2,2,2,2,2,2,2,2,2,2,1,1,5,2,1,1,40, , , , , , , , , , , ,5, , , , ,900,0,2, , , , ,2, ,2, ,2, ,2, ,2, ,2, , , , , , , , , , , , , , ,1,2511,"18,2493204387598",5,900.0,533,1,1, ,1,2,3,17,1,0,0,170150299410,1701502994100620901,17015029941006209101,1701502994100620910401,202501,1
1,170150,170150,54,2,1,1,1,30,1,10,10,5,2, ,5,7,3, , , ,6,2,170250,1,1, , , ,20,1, ,2,1,20,7, , , , , , , , , ,4922,8322,6,2, , , , , , , , , , , , ,8,3,1,1,3,2,1,20, , , , , , , , , , , ,5,600,2, ,100, , , , , , , ,2, ,2, ,1,200,2, ,2, ,2, , , , , , , , , , , , , , ,1,2512,"45,0005904890108",4,500.0,"233,333333333333",2,1, ,2,8,8,17,1,0,0,170150005402,1701500054020540207,17015000540205402107,1701500054020540210107,202507,7
1,170150,170150,57,4,1,2,2,35,2,10,10,5,2, ,2,9,5, ,1,30410203,6,1, ,2,1, , , ,20,6, ,4, , , , , , , , , , , , ,4791,5243,6,2, , , , , , , , , , , , ,1,9,1,1,2,2,1,20, , , , , , , , , , , ,5,200,2, ,120, , , , , , , ,1,150,2, ,2, ,2, ,2, ,2, , , , , , , , , , , , , , ,1,2513,"46,1941780436521",5,80.0,"263,5",4,1, ,2,5,7,17,1,0,0,170150287802,1701502878020570405,17015028780205704105,1701502878020570410205,202505,5
2,170184,170184,67,2,1,1,1,33,1,10,10,5,2, ,2,8,3, ,1,20210210,6,1, ,1,1, , , ,40, ,1,4, , , , , , , , , , , , ,5610,3514,2, ,2,2,2,2,2,2,2,2,2,2,2,2,2,1,1,4,2,1,1,40, , , , , , , , , , , ,5, , , , ,470,0,2, , , , ,2, ,2, ,1,200,2, ,2, ,2, , , , , , , , , , , , , , ,1,1722,"28,7989660626732",5,470.0,591,1,1, ,1,3,9,17,6,0,0,170184904701,1701849047010670206,17018490470106702106,1701849047010670210106,202506,6
1,170163,170163,53,1,1,1,2,34,1,1,10,3,2, ,2,9,4, ,1,30110301,6,1, ,1,1, , , ,40, ,1,4, , , , , , , , , , , , ,8510,2341,1, ,3,2,2,2,1,1,1,2,2,2,1,1,15,1,2, , , ,1,40, , , , , , , , , , , ,1, , , , ,1400,70,1,10, , , ,2, ,1,140,1,150,2, ,2, ,2, , , , , , , , , , , , , , ,1,1713,"200,94489989398",5,1480.0,885,1,1, ,1,2,16,17,6,0,0,170163075404,1701630754040530101,17016307540405301101,1701630754040530110101,202501,1
2,170450,170450,58,5,1,2,2,35,2,1,10,5,2, ,5,4,6,1, , ,6,2,100250,1,1, , , ,40, ,1,4, , , , , , , , , , , , ,119,6113,2, ,2,1,2,2,1,2,1,2,2,2,1,1,3,11,1,50,1,1,1,40, , , , , , , , , , , ,1, , , , ,470,43,1,60, , , ,2, ,2, ,2, ,2, ,2, ,2, , , , , , , , , , , , , , ,1,1722,"66,1675259792849",3,573.0,"351,2",1,1, ,1,6,1,17,6,0,0,170450901401,1704509014010580512,17045090140105805112,1704509014010580510212,202512,12
1,170150,170150,75,3,1,1,1,35,1,10,10,1,2, ,3,6,6, , , ,6,1, ,1,2,12,2, , , , , , , , , ,8,4, , , ,1,6,4,4922,8322,6, , , , , , , , , , , , , , , , , , , , , , , , , , , , , , , , ,5, , , , , , , , , , , ,2, ,2, ,2, ,2, ,2, ,2, ,2,2,1,1,1,2,2,2,2,2,2,2,5,1,2513,"45,635085270904",4,0.0,176,7, ,1, , , ,17,1,0,0,170150383704,1701503837040750311,17015038370407503111,1701503837040750310111,202511,11
1,170150,170150,64,7,1,2,2,31,2,1,10,1,2, ,2,8,3, ,1,20920201,6,1, ,2,1, , , ,30,1, ,2,1,20,4,4, , , , , , , , ,8510,2342,2, ,2,2,2,2,1,2,1,2,2,2,1,1,2,1,1,35,1,1,1,30, , , , , , , , , , , ,1, , , , ,400,47,2, , , , ,2, ,2, ,2, ,2, ,2, ,2, , , , , , , , , , , , , , ,1,2512,"59,3606487880259",5,447.0,263,2,1, ,1,2,16,17,1,0,0,170150001104,1701500011040640706,17015000110406407106,1701500011040640710206,202506,6
1,170150,170150,63,1,1,1,2,33,1,10,10,6,2, ,8,6,6, , , ,6,2,100351,1,1, , , ,15,1, ,1,1,30,3,4, , , , , , , , ,4791,5244,6,2, , , , , , , , , , , , ,1,9,1,1,3,2,1,15, , , , , , , , , , , ,5,50,2, ,0, , , , , , , ,2, ,1,117,2, ,2, ,2, ,2, , , , , , , , , , , , , , ,1,2513,"40,4495504948262",4,50.0,"175,666666666667",2,1, ,2,5,7,17,1,0,0,170150232204,1701502322040630105,17015023220406301105,1701502322040630110105,202505,5
1,170184,170184,76,4,1,3,2,30,3,1,10,6,2, ,11,1, ,2, , ,6,1, ,2,1, , , ,20,1, ,1,1,20,4,4, , , , , , , , ,1010,9112,2, ,2,2,2,2,1,1,1,2,2,2,1,1,2,1,2, , , ,1,20, , , , , , , , , , , ,1, , , , ,220,25,1,5, , , ,2, ,2, ,2, ,2, ,2, ,2, , , , , , , , , , , , , , ,1,1713,"35,7818989746455",1,250.0,"213,333333333333",2,1, ,1,9,3,17,6,0,0,170184118402,1701841184020760412,17018411840207604112,1701841184020760410312,202512,12
2,170184,170184,63,6,1,2,2,31,3,10,10,6,1,6, ,9,2, ,2, ,6,2,170150,1,1, , , ,12,2, ,3,1,30,2,4, , , , , , , , ,8230,3332,6,2, , , , , , , , , , , , ,1,8,1,1,3,2,1,40, , , , , , , , , , , ,5,40,2, ,10, , , , , , , ,2, ,2, ,2, ,2, ,2, ,2, , , , , , , , , , , , , , ,1,1723,"36,3266949466106",5,30.0,102,2,1, ,2,3,14,17,6,0,0,170184900403,1701849004030630605,17018490040306306105,1701849004030630610205,202505,5
1,170150,170150,71,2,1,2,2,32,2,1,10,1,2, ,5,6,6, , , ,6,1, ,1,1, , , ,40, ,1,4, , , , , , , , , , , , ,8530,4311,2, ,2,2,2,2,1,2,1,2,2,1,1,1,7,1,2, , , ,1,40, , , , , , , , , , , ,1, , , , ,550,90,1,20, , , ,2, ,2, ,2, ,2, ,2, ,2, , , , , , , , , , , , , , ,1,2513,"94,1747802249688",4,660.0,132,1,1, ,1,4,16,17,1,0,0,170150146304,1701501463040710210,17015014630407102110,1701501463040710210210,202510,10
1,170150,170150,67,6,1,2,2,32,2,10,10,5,2, ,2,9,4, ,1,30310506,6,3,862,2,2,12,2, , , , , , , , , ,11, ,9, ,4, , , , , , , , , , , , , , , , , , , , , , , , , , , , , , , , , , , , , , ,5, , , , , , , , , , , ,2, ,2, ,2, ,2, ,2, ,2, , , , , , , , , , , , , , ,2,2511,"26,1301230147537",5,0.0,"193,333333333333",9, , , , , ,17,1,0,0,170150089704,1701500897040670609,17015008970406706109,1701500897040670610209,202509,9
2,170850,170850,53,1,1,3,1,31,3,10,10,4,2, ,5,4,6,1, , ,6,2,130450,1,1, , , ,24,8, ,4, , , , , , , , , , , , ,129,6112,4, ,6,2,2,2,2,2,2,2,2,2,2,2,11,11,1,12,3,2,1,40, , , , , , , , , , , ,5, , , , ,300,0,2, , , , ,2, ,2, ,2, ,2, ,2, ,2, , , , , , , , , , , , , , ,1,1721,"34,3938189396452",3,300.0,210,4,1, ,2,6,1,17,6,0,0,170850900701,1708509007010530104,17085090070105301104,1708509007010530110304,202504,4
1,170150,170150,56,3,1,2,2,32,3,10,10,6,2, ,11,6,6, , , ,6,1, ,1,2,12,2, , , , , , , , , ,11, ,11, ,5, , , , , , , , , , , , , , , , , , , , , , , , , , , , , , , , , , , , , , ,5, , , , , , , , , , , ,2, ,2, ,2, ,2, ,2, ,2, , , , , , , , , , , , , , ,1,2512,"166,031964337649",4,0.0,"63,75",9, , , , , ,17,1,1,0,170150079602,1701500796020560302,17015007960205603102,1701500796020560310202,202502,2
1,170251,170251,60,2,1,2,2,33,3,10,10,6,2, ,5,6,6, , , ,6,1, ,1,1, , , ,40, ,1,4, , , , , , , , , , , , ,9700,9111,10, ,3,1,2,2,2,2,2,2,2,2,2,2,4,8,1,1, , ,1,40, , , , , , , , , , , ,5, , , , ,400,0,1,70, , , ,2, ,1,80,2, ,2, ,1,55,2, , , , , , , , , , , , , , ,1,1711,"43,5928679236486",4,470.0,"252,333333333333",1,1, ,3,9,20,17,6,0,0,170251006301,1702510063010600209,17025100630106002109,1702510063010600210209,202509,9
1,170150,170150,53,3,1,3,2,30,3,1,10,6,2, ,2,9,5, ,1,30730301,6,1, ,1,1, , , ,20,1, ,1,1,20,7, , , , , , , , , ,7110,2161,6,2, , , , , , , , , , , , ,5,9,1,1,3,1,1,20, , , , , , , , , , , ,1,1000,2, ,80, , , , , , , ,2, ,2, ,2, ,2, ,2, ,2, , , , , , , , , , , , , , ,1,2511,"29,0007912226607",5,920.0,"563,333333333333",2,1, ,1,2,13,17,1,0,0,170150046505,1701500465050530304,17015004650505303104,1701500465050530310304,202504,4
1,170150,170150,71,3,1,3,1,33,3,1,10,6,2, ,5,9,4, ,1,30410102,6,1, ,1,1, , , ,40, ,1,4, , , , , , , , , , , , ,6419,3312,2, ,2,2,2,2,1,2,1,2,2,2,1,1,10,1,2, , , ,1,40, , , , , , , , , , , ,1, , , , ,600,60,2, , , , ,2, ,2, ,2, ,2, ,2, ,2, , , , , , , , , , , , , , ,1,2511,"42,353373895478",5,660.0,"480,25",1,1, ,1,3,11,17,1,0,0,170150308603,1701503086030710307,17015030860307103107,1701503086030710310307,202507,7
1,170180,170180,66,7,1,1,2,31,1,1,10,2,1,6, ,8,1, ,2, ,6,1, ,1,1, , , ,40, ,1,4, , , , , , , , , , , , ,5610,5230,2, ,2,2,2,2,1,2,1,2,2,1,1,1,1,1,1,90,1,1,1,40, , , , , , , , , , , ,1, , , , ,500,50,1,25, , , ,2, ,2, ,1,250,2, ,2, ,2, , , , , , , , , , , , , , ,1,1712,"35,0874003581255",5,575.0,275,1,1, ,1,5,9,17,6,0,0,170180119501,1701801195010660705,17018011950106607105,1701801195010660710105,202505,5
1,170150,170150,63,9,1,4,1,32,3,1,10,6,2, ,2,9,4, ,1,30610101,6,1, ,1,1, , , ,40, ,1,4, , , , , , , , , , , , ,119,2511,2, ,2,1,2,2,1,1,1,2,2,2,1,1,4,1,2, , , ,1,40, , , , , , , , , , , ,1, , , , ,1000,100,1,70, , , ,2, ,2, ,2, ,2, ,2, ,2, , , , , , , , , , , , , , ,1,2512,"26,0539245056906",5,1170.0,"717,5",1,1, ,1,2,1,17,1,0,0,170150098703,1701500987030630902,17015009870306309102,1701500987030630910402,202502,2
1,170150,170150,68,3,1,1,1,34,1,1,10,1,2, ,11,6,6, , , ,6,2,50159,2,2,12,1,2,40, ,1,4, , , , , , , , , , , , ,1709,8183,2, ,2,2,2,2,1,2,1,2,2,2,1,1,5,1,2, , , ,1,40, , , , , , , , , , , ,1, , , , ,425,45,2, , , , ,2, ,2, ,1,100,2, ,2, ,2, , , , , , , , , , , , , , ,1,2513,"22,689511981932",4,470.0,"346,666666666667",1,1, ,1,8,3,17,1,0,0,170150243801,1701502438010680307,17015024380106803107,1701502438010680310107,202507,7
1,170155,170155,74,5,1,2,2,35,2,10,10,5,2, ,5,6,6, , , ,6,1, ,1,1, , , ,32,1, ,4, , , , , , , , , , , , ,9700,9111,10, ,3,1,2,2,2,2,2,2,2,2,2,2,1,8,1,1, , ,1,32, , , , , , , , , , , ,5, , , , ,470,0,1,60, , , ,2, ,2, ,2, ,2, ,2, ,2, , , , , , , , , , , , , , ,1,1713,"98,9398597592001",4,530.0,"182,5",1,1, ,3,9,20,17,6,0,0,170155020304,1701550203040740510,17015502030407405110,1701550203040740510210,202510,10
2,170157,170157,55,1,1,3,1,32,7,10,10,6,2, ,3,6,6, , , ,6,2,170150,2,1, , , ,40, ,1,4, , , , , , , , , , , , ,5320,8321,6,2, , , , , , , , , , , , ,1,3,1,1,3,1,1,40, , , , , , , , , , , ,5,200,2, ,60, , , , , , , ,2, ,2, ,2, ,2, ,2, ,2, , , , , , , , , , , , , , ,1,1723,"151,254256320111",4,140.0,"353,333333333333",4,1, ,1,8,8,17,6,0,0,170157900206,1701579002060550102,17015790020605501102,1701579002060550110302,202502,2
1,170150,170150,52,4,1,1,1,30,1,1,10,5,2, ,5,7,3, , , ,6,1, ,2,1, , , ,40, ,1,4, , , , , , , , , , , , ,2511,7212,2, ,3,2,2,2,1,2,1,2,2,2,1,1,5,1,1,5,2,1,1,40, , , , , , , , , , , ,1, , , , ,865,55,2, , , , ,2, ,2, ,1,100,2, ,2, ,2, , , , , , , , , , , , , , ,1,2513,"498,025389971824",4,920.0,215,1,1, ,1,7,3,17,1,0,0,170150340002,1701503400020520401,17015034000205204101,1701503400020520410101,202501,1
1,170550,170550,64,10,1,1,1,31,1,5,10,1,1,2, ,9,2, ,2, ,6,2,170150,1,1, , , ,40, ,1,4, , , , , , , , , , , , ,8549,2359,6,2, , , , , , , , , , , , ,4,8,1,1,3,1,2,20,20,0,5610,5120,6,2,8,1,1,3,1,5,850,2, ,0, , , , ,720,2, ,2, ,2, ,2, ,2, ,2, ,2, , , , , , , , , , , , , , ,1,1712,"90,0100079367613",5,1570.0,"392,5",1,1, ,1,2,16,17,6,0,0,170550038404,1705500384040641006,17055003840406410106,1705500384040641010106,202506,6
1,170150,170150,67,2,1,3,2,35,3,1,10,6,2, ,5,9,4, ,1,30110406,6,1, ,1,1, , , ,40, ,1,4, , , , , , , , , , , , ,8521,2330,1, ,3,2,2,2,1,2,1,2,2,2,1,1,10,1,2, , , ,1,40, , , , , , , , , , , ,1, , , , ,700,70,2, , , , ,2, ,2, ,2, ,2, ,2, ,2, , , , , , , , , , , , , , ,1,2512,"153,977005429434",5,770.0,"523,333333333333",1,1, ,1,2,16,17,1,0,0,170150264602,1701502646020670209,17015026460206702109,1701502646020670210309,202509,9
1,170150,170150,70,4,1,3,1,34,3,10,10,6,2, ,17,9,4, ,2, ,6,1, ,4,1, , , ,40, ,1,4, , , , , , , , , , , , ,8521,2330,2, ,3,2,2,2,2,2,2,2,2,2,2,2,10,1,2, , , ,1,40, , , , , , , , , , , ,5, , , , ,470,0,2, , , , ,2, ,2, ,2, ,2, ,2, ,2, , , , , , , , , , , , , , ,1,2513,"35,8443778918658",5,470.0,312,1,1, ,1,2,16,17,1,0,0,170150003704,1701500037040700409,17015000370407004109,1701500037040700410309,202509,9
1,170150,170150,75,7,1,2,2,32,2,10,10,1,2, ,3,6,6, , , ,6,1, ,2,2,12,2, , , , , , , , , ,6,40, , , ,2, , , , , , , , , , , , , , , , , , , , , , , , , , , , , , , , , , , , , ,5, , , , , , , , , , , ,2, ,2, ,2, ,2, ,2, ,2, ,2,2,1,1,1,2,2,2,2,2,2,2,8,1,2513,"80,3399569402152",4,0.0,"51,2",7, ,1, , , ,17,1,1,1,170150248304,1701502483040750711,17015024830407507111,1701502483040750710211,202511,11
1,170156,170156,47,3,1,2,1,33,3,10,10,6,2, ,2,8,3, ,1,21010302,1,1, ,1,2,12,2, , , , , , , , , ,8,8, , , ,1,5,8,9312,3422,6, , , , , , , , , , , , , , , , , , , , , , , , , , , , , , , , ,5, , , , , , , , , , , ,2, ,2, ,2, ,2, ,2, ,2, ,2,2,1,1,1,2,2,2,2,2,2,2,2,1,1712,"25,3040068697752",5,0.0,155,7, ,1, , , ,17,6,0,0,170156055001,1701560550010470302,17015605500104703102,1701560550010470310202,202502,2
2,170165,170165,54,4,1,1,1,32,1,1,10,5,2, ,5,6,6, , , ,6,2,90150,5,1, , , ,60, ,1,4, , , , , , , , , , , , ,8121,9112,2, ,3,2,2,2,1,1,1,2,2,2,1,1,0,1,2, , , ,1,60, , , , , , , , , , , ,1, , , , ,427,45,1,7, , , ,2, ,2, ,2, ,2, ,2, ,2, , , , , , , , , , , , , , ,1,1723,"198,869595423801",4,479.0,"210,285714285714",1,1, ,1,9,14,17,6,0,0,170165902101,1701659021010540404,17016590210105404104,1701659021010540410104,202504,4
1,170155,170155,60,2,1,4,1,35,3,10,10,3,2, ,2,9,5, ,1,30410102,6,1, ,1,1, , , ,20,9, , , , , , , , , , , , , , ,6920,2411,6,2, , , , , , , , , , , , ,15,9,1,1,2,1,1,20, , , , , , , , , , , ,5,1200,2, ,400, , , , , , , ,2, ,2, ,2, ,2, ,2, ,2, , , , , , , , , , , , , , ,1,1713,"58,4126339919719",5,800.0,860,1,1, ,1,2,13,17,6,0,0,170155025303,1701550253030600209,17015502530306002109,1701550253030600210409,202509,9
1,170150,170150,58,2,1,1,2,35,1,10,10,3,2, ,5,6,6, , , ,6,1, ,1,1, , , ,24,1, ,3,1,16,1,4, , , , , , , , ,8121,9111,6,2, , , , , , , , , , , , ,14,8,1,1,3,2,1,24, , , , , , , , , , , ,5,240,2, ,0, , , , , , , ,2, ,1,100,2, ,2, ,2, ,2, , , , , , , , , , , , , , ,1,2513,"15,9592990342075",4,240.0,"172,5",2,1, ,2,9,14,17,1,0,0,170150356402,1701503564020580203,17015035640205802103,1701503564020580210103,202503,3
1,170150,170150,63,5,1,2,2,35,2,10,10,5,2, ,11,6,3, , , ,6,1, ,1,1, , , ,24,1, ,2,1,16,7, , , , , , , , , ,4782,5211,7, , , , , , , , , , , , , ,2,4,1,2,3,2,1,24, , , , , , , , , , , ,5, , , , , , , , , , , ,2, ,2, ,2, ,2, ,2, ,2, , , , , , , , , , , , , , ,1,2513,"116,384165185083",3,0.0,"53,3333333333333",2,1, ,2,5,7,17,1,1,0,170150242702,1701502427020630505,17015024270206305105,1701502427020630510205,202505,5
1,170150,170150,65,5,1,1,1,31,1,1,10,5,2, ,5,6,4, , , ,6,1, ,2,1, , , ,40, ,1,4, , , , , , , , , , , , ,4100,7112,2, ,2,2,2,2,1,1,1,2,2,1,1,1,1,1,1,28,1,1,1,40, , , , , , , , , , , ,1, , , , ,470,76,1,45, , , ,2, ,2, ,1,200,2, ,2, ,2, , , , , , , , , , , , , , ,1,2512,"36,4951010588509",4,591.0,"290,25",1,1, ,1,7,6,17,1,0,0,170150080403,1701500804030650504,17015008040306505104,1701500804030650510104,202504,4
1,170150,170150,62,2,1,1,1,34,1,10,10,1,2, ,3,6,6, , , ,6,1, ,1,1, , , ,8,3, ,3,1,40,1,4, , , , , , , , ,4100,9313,4, ,6,2,2,2,2,2,2,2,2,2,2,2,7,2,1,2,3,2,1,40, , , , , , , , , , , ,5, , , , ,0,0,2, , , , ,2, ,2, ,1,100,2, ,2, ,2, , , , , , , , , , , , , , ,1,2513,"66,1733893801959",4,0.0,"38,75",2,1, ,2,9,6,17,1,1,1,170150135601,1701501356010620201,17015013560106202101,1701501356010620210101,202501,1
1,170150,170150,64,5,1,1,2,34,1,1,10,2,2, ,2,9,5, ,1,30510501,6,1, ,1,1, , , ,40, ,1,4, , , , , , , , , , , , ,8412,2131,1, ,1,2,2,2,1,2,1,2,2,2,1,1,9,1,2, , , ,1,40, , , , , , , , , , , ,1, , , , ,1380,300,2, , , , ,2, ,2, ,2, ,2, ,2, ,2, , , , , , , , , , , , , , ,1,2511,"61,6198440599007",5,1680.0,1680,1,1, ,1,2,15,17,1,0,0,170150263201,1701502632010640506,17015026320106405106,1701502632010640510106,202506,6
1,170150,170150,71,9,1,1,1,30,1,1,10,5,2, ,3,8,2, ,2, ,2,2,70150,1,1, , , ,45, ,1,4, , , , , , , , , , , , ,8521,9112,2, ,2,1,2,2,1,1,1,2,2,2,1,1,5,1,2, , , ,1,45, , , , , , , , , , , ,1, , , , ,435,45,1,64, , , ,2, ,2, ,2, ,2, ,2, ,2, , , , , , , , , , , , , , ,1,2511,"47,7433198873779",5,544.0,"150,75",1,1, ,1,9,16,17,1,0,0,170150319401,1701503194010710907,17015031940107109107,1701503194010710910107,202507,7
1,170150,170150,62,3,1,4,1,32,3,1,10,6,2, ,2,9,4, ,1,30110401,6,1, ,2,1, , , ,40, ,1,2,1,10,7, , , , , , , , , ,8521,2330,1, ,1,2,2,2,1,2,1,2,2,1,1,1,1,1,2, , , ,1,40, , , , , , , , , , , ,1, , , , ,939,150,1,8, , , ,2, ,2, ,2, ,2, ,2, ,2, , , , , , , , , , , , , , ,1,2513,"103,248525545851",5,1097.0,699,1,1, ,1,2,16,17,1,0,0,170150344501,1701503445010620301,17015034450106203101,1701503445010620310401,202501,1
1,170150,170150,56,7,1,2,2,35,2,10,10,1,2, ,11,6,6, , , ,6,2,60150,1,1, , , ,40, ,1,4, , , , , , , , , , , , ,9700,9111,10, ,2,2,2,2,2,2,2,2,2,2,2,2,6,8,1,1, , ,1,40, , , , , , , , , , , ,5, , , , ,350,0,2, , , , ,2, ,2, ,2, ,2, ,2, ,2, , , , , , , , , , , , , , ,1,2513,"18,1603165695125",4,350.0,"334,25",4,1, ,3,9,20,17,1,0,0,170150075602,1701500756020560702,17015007560205607102,1701500756020560710202,202502,2
1,170150,170150,56,2,1,4,2,35,3,1,10,6,2, ,5,9,3, ,1,20210210,6,1, ,1,1, , , ,40, ,1,4, , , , , , , , , , , , ,1811,3118,2, ,2,2,2,2,1,2,1,2,2,2,1,1,10,1,1,5,3,1,1,40, , , , , , , , , , , ,1, , , , ,800,88,2, , , , ,2, ,2, ,2, ,2, ,2, ,2, , , , , , , , , , , , , , ,1,2511,"18,089218128659",5,888.0,"408,833333333333",1,1, ,1,3,3,17,1,0,0,170150022101,1701500221010560202,17015002210105602102,1701500221010560210402,202502,2
1,170150,170150,47,4,1,3,2,33,4,1,10,1,2, ,2,8,3, ,1,20910410,6,1, ,1,1, , , ,30,1, ,2,1,10,7, , , , , , , , , ,8690,3259,6,2, , , , , , , , , , , , ,8,9,1,1,3,2,1,30, , , , , , , , , , , ,1,600,2, ,0, , , , , , , ,2, ,2, ,2, ,2, ,2, ,2, , , , , , , , , , , , , , ,1,2511,"33,8490826131718",5,600.0,980,2,1, ,2,3,17,17,1,0,0,170150136103,1701501361030470402,17015013610304704102,1701501361030470410302,202502,2
1,170150,170150,63,4,1,1,1,34,1,1,10,1,1,6, ,9,4, ,2, ,6,1, ,2,1, , , ,32,8, ,4, , , , , , , , , , , , ,8430,4225,1, ,3,2,2,2,1,1,1,2,2,2,1,1,10,1,2, , , ,1,40, , , , , , , , , , , ,1, , , , ,400,300,1,10, , , ,2, ,2, ,2, ,2, ,2, ,2, , , , , , , , , , , , , , ,1,2513,"105,220966019092",5,710.0,"143,6",1,1, ,1,4,15,17,1,0,0,170150062402,1701500624020630405,17015006240206304105,1701500624020630410105,202505,5
1,170150,170150,55,2,1,2,2,32,2,1,10,1,2, ,11,6,6, , , ,6,1, ,1,1, , , ,40, ,1,4, , , , , , , , , , , , ,7310,5223,2, ,2,2,2,2,1,2,1,2,2,2,1,1,3,1,1,6,1,1,1,40, , , , , , , , , , , ,1, , , , ,500,50,2, , , , ,2, ,2, ,2, ,2, ,2, ,2, , , , , , , , , , , , , , ,1,2512,"21,6055005936928",4,550.0,"262,5",1,1, ,1,5,13,17,1,0,0,170150098802,1701500988020550202,17015009880205502102,1701500988020550210202,202502,2
1,170150,170150,59,7,1,1,1,34,1,1,5,6,2, ,2,10,2, ,1,50410301,6,1, ,1,1, , , ,40, ,1,4, , , , , , , , , , , , ,3600,3343,1, ,1,2,2,1,1,1,1,2,2,2,1,1,10,1,2, , , ,1,40, , , , , , , , , , , ,1, , , , ,900,900,1,65, , , ,2, ,2, ,2, ,2, ,2, ,2, , , , , , , , , , , , , , ,1,2511,"27,0008163314713",5,1865.0,1865,1,1, ,1,3,5,17,1,0,0,170150177001,1701501770010590703,17015017700105907103,1701501770010590710103,202503,3
1,170150,170150,67,5,1,1,1,34,1,10,10,5,2, ,3,9,2, ,2, ,6,1, ,1,2,12,2, , , , , , , , , ,8,24, , , ,1,5,24,4711,5230,2, , , , , , , , , , , , , , , , , , , , , , , , , , , , , , , , ,5, , , , , , , , , , , ,2, ,2, ,1,100,2, ,2, ,2, ,2,1,2,1,1,2,2,2,2,2,2,2,2,1,2512,"120,967501803116",5,0.0,"176,75",7, ,1, , , ,17,1,0,0,170150264602,1701502646020670506,17015026460206705106,1701502646020670510106,202506,6
1,170150,170150,71,10,1,2,2,33,2,10,10,5,2, ,11,6,5, , , ,6,1, ,1,2,12,2, , , , , , , , , ,11, ,9, ,4, , , , , , , , , , , , , , , , , , , , , , , , , , , , , , , , , , , , , , ,5, , , , , , , , , , , ,2, ,2, ,2, ,2, ,2, ,2, , , , , , , , , , , , , , ,1,2513,"178,333843299813",4,0.0,"171,666666666667",9, , , , , ,17,1,0,0,170150252703,1701502527030711010,17015025270307110110,1701502527030711010210,202510,10
1,170150,170150,66,5,1,1,1,30,1,1,10,5,2, ,2,9,4, ,1,30410401,6,2,10150,1,1, , , ,40, ,1,4, , , , , , , , , , , , ,9602,2431,2, ,2,2,2,2,1,1,1,2,2,2,1,1,8,1,1,4,1,1,2,36,4,0,4520,2431,6,2,8,1,1,1,1,1, , , , ,1000,100,1,5,350,2, ,2, ,2, ,2, ,2, ,2, ,2, , , , , , , , , , , , , , ,1,2511,"29,0178231848666",5,1455.0,"727,5",1,1, ,1,2,19,17,1,0,0,170150135902,1701501359020660508,17015013590206605108,1701501359020660510108,202508,8
1,170150,170150,71,1,1,4,1,35,7,1,10,6,2, ,5,4,6,1, , ,6,1, ,2,1, , , ,40, ,1,4, , , , , , , , , , , , ,2512,7212,2, ,2,2,2,2,1,1,1,2,2,2,1,1,17,1,2, , , ,1,40, , , , , , , , , , , ,1, , , , ,425,90,1,8, , , ,2, ,2, ,2, ,2, ,2, ,2, , , , , , , , , , , , , , ,1,2513,"71,7515343934417",3,523.0,267,1,1, ,1,7,3,17,1,0,0,170150079901,1701500799010710107,17015007990107101107,1701500799010710110407,202507,7
1,170150,170150,60,6,1,1,1,33,1,1,10,6,2, ,2,9,5, ,1,30610101,6,1, ,1,1, , , ,40, ,1,4, , , , , , , , , , , , ,3811,2511,1, ,1,2,2,2,1,2,1,2,2,2,1,1,7,1,2, , , ,1,40, , , , , , , , , , , ,1, , , , ,1200,185,2, , , , ,2, ,2, ,2, ,2, ,2, ,2, , , , , , , , , , , , , , ,1,2511,"27,9930301727617",5,1385.0,1385,1,1, ,1,2,5,17,1,0,0,170150212708,1701502127080600606,17015021270806006106,1701502127080600610106,202506,6
1,170150,170150,54,9,1,2,2,30,3,1,10,6,2, ,2,10,2, ,1,51020101,6,1, ,3,1, , , ,40, ,1,4, , , , , , , , , , , , ,6512,2411,2, ,2,2,2,2,1,2,1,2,2,2,1,1,2,1,2, , , ,1,40, , , , , , , , , , , ,1, , , , ,1085,115,2, , , , ,2, ,2, ,2, ,2, ,2, ,2, , , , , , , , , , , , , , ,1,2511,"22,0351475622446",5,1200.0,"432,5",1,1, ,1,2,11,17,1,0,0,170150319406,1701503194060540904,17015031940605409104,1701503194060540910204,202504,4
1,170150,170150,51,4,1,2,1,32,3,10,10,6,2, ,3,9,3, ,2, ,6,1, ,1,1, , , ,46, ,1,4, , , , , , , , , , , , ,8291,4214,2, ,2,2,2,2,2,2,2,2,2,2,2,2,2,1,1,10,1,1,1,46, , , , , , , , , , , ,5, , , , ,350,0,2, , , , ,2, ,2, ,2, ,2, ,2, ,2, , , , , , , , , , , , , , ,1,2513,"35,4789091799167",5,350.0,"244,666666666667",4,1, ,1,4,14,17,1,0,0,170150038801,1701500388010510403,17015003880105104103,1701500388010510410203,202503,3
1,170150,170150,62,6,1,2,1,32,2,1,10,5,2, ,5,6,4, , , ,6,1, ,1,1, , , ,40, ,1,4, , , , , , , , , , , , ,3100,7522,2, ,3,1,2,2,1,2,1,2,2,2,1,1,8,1,1,3,2,2,1,40, , , , , , , , , , , ,1, , , , ,470,43,1,25, , , ,2, ,2, ,2, ,2, ,2, ,2, , , , , , , , , , , , , , ,1,2512,"57,7784287065506",4,538.0,"128,6",1,1, ,2,7,3,17,1,0,0,170150378105,1701503781050620604,17015037810506206104,1701503781050620610204,202504,4
1,170150,170150,66,10,1,1,1,35,1,10,10,1,2, ,5,4,6,1, , ,6,1, ,1,1, , , ,50, ,1,4, , , , , , , , , , , , ,4540,7231,5,2, , , , , , , , , , , , ,15,6,1,2,2,1,1,50, , , , , , , , , , , ,5,900,2, ,500, , , , , , , ,2, ,2, ,1,200,2, ,2, ,2, , , , , , , , , , , , , , ,1,2513,"68,5501146391172",3,400.0,"152,5",4,1, ,1,7,7,17,1,0,0,170150364601,1701503646010661005,17015036460106610105,1701503646010661010105,202505,5
1,170150,170150,75,7,1,1,1,33,1,10,10,1,2, ,5,6,6, , , ,6,1, ,2,1, , , ,40, ,1,4, , , , , , , , , , , , ,4922,8322,6,2, , , , , , , , , , , , ,3,3,1,1,3,2,1,40, , , , , , , , , , , ,5,400,2, ,150, , , , , , , ,2, ,2, ,2, ,2, ,2, ,2, , , , , , , , , , , , , , ,1,2513,"80,3399569402152",4,250.0,"51,2",4,1, ,2,8,8,17,1,1,1,170150248304,1701502483040750711,17015024830407507111,1701502483040750710111,202511,11
1,170150,170150,58,6,1,3,1,30,3,10,10,6,1,1, ,9,3, ,2, ,6,1, ,2,2,12,2, , , , , , , , , ,11, ,9, ,3, , , , , , , , , , , , , , , , , , , , , , , , , , , , , , , , , , , , , , ,5, , , , , , , , , , , ,2, ,2, ,2, ,2, ,2, ,2, , , , , , , , , , , , , , ,1,2512,"28,7099990400014",5,0.0,"133,333333333333",9, , , , , ,17,1,0,0,170150286602,1701502866020580603,17015028660205806103,1701502866020580610303,202503,3
2,170184,170184,66,1,1,2,2,34,2,10,10,5,2, ,3,9,3, ,2, ,6,1, ,2,1, , , ,10,3, ,1,1,20,7, , , , , , , , , ,5621,5120,6,2, , , , , , , , , , , , ,1,9,1,1,3,2,1,10, , , , , , , , , , , ,5,150,1,5,50, , , , , , , ,2, ,2, ,2, ,2, ,2, ,2, , , , , , , , , , , , , , ,1,1723,"189,478670057707",5,105.0,177,2,1, ,2,5,9,17,6,0,0,170184908504,1701849085040660108,17018490850406601108,1701849085040660110208,202508,8
1,170150,170150,56,3,1,2,1,31,2,10,10,5,2, ,5,6,6, , , ,3,2,131250,1,1, , , ,40, ,1,4, , , , , , , , , , , , ,5224,9333,6,2, , , , , , , , , , , , ,13,4,1,1,3,2,1,40, , , , , , , , , , , ,5,470,2, ,0, , , , , , , ,2, ,2, ,2, ,2, ,2, ,2, , , , , , , , , , , , , , ,1,2512,"68,1398376261336",4,470.0,166,1,1, ,2,9,8,17,1,0,0,170150268101,1701502681010560302,17015026810105603102,1701502681010560310202,202502,2
1,170150,170150,56,2,1,5,1,33,3,10,10,6,2, ,3,6,6, , , ,6,1, ,1,2,12,2, , , , , , , , , ,8,25, , , ,1,2,25,5610,5120,2, , , , , , , , , , , , , , , , , , , , , , , , , , , , , , , , ,5, , , , , , , , , , , ,2, ,2, ,2, ,2, ,2, ,2, ,2,2,2,1,1,2,2,2,2,2,2,2,1,1,2511,"18,089218128659",4,0.0,"408,833333333333",7, ,1, , , ,17,1,0,0,170150022101,1701500221010560202,17015002210105602102,1701500221010560210502,202502,2
1,170150,170150,53,2,1,1,1,34,1,10,10,1,2, ,3,9,2, ,2, ,6,1, ,1,1, , , ,40, ,1,4, , , , , , , , , , , , ,4922,8322,6,2, , , , , , , , , , , , ,9,3,1,1,3,2,1,40, , , , , , , , , , , ,5,1200,2, ,600, , , , , , , ,2, ,2, ,2, ,2, ,2, ,2, , , , , , , , , , , , , , ,1,2513,"44,8150299666054",5,600.0,140,1,1, ,2,8,8,17,1,0,0,170150336602,1701503366020530201,17015033660205302101,1701503366020530210101,202501,1
2,170155,170155,47,5,1,1,1,32,1,10,10,5,2, ,3,4,6,1, , ,6,2,50450,1,1, , , ,40, ,1,4, , , , , , , , , , , , ,4520,7132,2, ,3,2,2,2,2,2,2,2,2,2,2,2,12,1,1,4,1,1,1,40, , , , , , , , , , , ,5, , , , ,0,0,2, , , , ,2, ,2, ,1,80,2, ,2, ,2, , , , , , , , , , , , , , ,1,1722,"231,180857820169",3,0.0,"121,333333333333",4,1, ,1,7,7,17,6,0,0,170155900104,1701559001040470502,17015590010404705102,1701559001040470510102,202502,2
1,170150,170150,66,3,1,1,2,34,1,1,10,2,2, ,5,9,1, ,2, ,6,1, ,1,1, , , ,40, ,1,4, , , , , , , , , , , , ,8291,4211,2, ,2,2,2,2,1,1,1,2,2,2,1,1,2,1,2, , , ,1,40, , , , , , , , , , , ,1, , , , ,700,70,1,8, , , ,2, ,2, ,1,200,2, ,2, ,2, , , , , , , , , , , , , , ,1,2511,"105,951792439375",5,778.0,326,1,1, ,1,4,14,17,1,0,0,170150233005,1701502330050660308,17015023300506603108,1701502330050660310108,202508,8
1,170150,170150,71,8,1,1,2,33,1,1,10,5,2, ,5,6,3, , , ,6,1, ,1,1, , , ,40, ,1,4, , , , , , , , , , , , ,8292,8183,2, ,2,2,2,2,1,2,1,2,2,2,1,1,3,1,1,65,1,1,1,40, , , , , , , , , , , ,1, , , , ,490,80,2, , , , ,2, ,2, ,1,240,2, ,2, ,2, , , , , , , , , , , , , , ,1,2513,"116,442028897334",3,570.0,"255,666666666667",1,1, ,1,8,14,17,1,0,0,170150252703,1701502527030710807,17015025270307108107,1701502527030710810107,202507,7
1,170155,170155,63,7,1,1,1,35,1,1,10,1,2, ,3,6,6, , , ,6,2,170150,1,1, , , ,40, ,1,4, , , , , , , , , , , , ,5320,4132,2, ,2,2,2,2,1,1,1,2,2,1,1,1,8,1,2, , , ,1,40, , , , , , , , , , , ,1, , , , ,426,44,1,16, , , ,2, ,2, ,2, ,2, ,2, ,2, , , , , , , , , , , , , , ,1,1712,"271,609906650423",4,486.0,"204,8",1,1, ,1,4,8,17,6,0,0,170155036502,1701550365020630702,17015503650206307102,1701550365020630710102,202502,2
1,170179,170179,68,2,1,3,2,30,3,1,10,1,2, ,2,9,5, ,1,30310101,6,2,170150,1,1, , , ,40, ,1,4, , , , , , , , , , , , ,8412,4313,1, ,3,2,2,2,1,2,1,2,2,2,1,1,6,1,2, , , ,1,40, , , , , , , , , , , ,1, , , , ,1200,100,2, , , , ,2, ,2, ,2, ,2, ,2, ,2, , , , , , , , , , , , , , ,1,1713,"63,4498721188113",5,1300.0,"997,5",1,1, ,1,4,15,17,6,0,0,170179102303,1701791023030680207,17017910230306802107,1701791023030680210307,202507,7
1,170150,170150,60,2,1,2,2,32,2,10,10,5,2, ,11,6,3, , , ,6,2,90850,2,2,12,2, , , , , , , , , ,8,48, , , ,1,5,48,9700,9111,10, , , , , , , , , , , , , , , , , , , , , , , , , , , , , , , , ,5, , , , , , , , , , , ,2, ,2, ,2, ,2, ,2, ,2, ,2,2,2,1,1,2,2,2,2,2,2,2,2,1,2512,"76,1960964112482",3,0.0,"152,75",7, ,1, , , ,17,1,0,0,170150048901,1701500489010600206,17015004890106002106,1701500489010600210206,202506,6
1,170150,170150,64,7,1,2,2,30,3,10,10,6,2, ,17,7,3, , , ,6,1, ,1,1, , , ,12,1, ,3,1,20,1,3, , , , , , , , ,4791,5243,6,2, , , , , , , , , , , , ,8,9,1,1,3,2,1,12, , , , , , , , , , , ,5,500,1,5,350, , , , , , , ,2, ,2, ,2, ,2, ,2, ,2, , , , , , , , , , , , , , ,1,2512,"16,7505988966915",4,155.0,"237,666666666667",2,1, ,2,5,7,17,1,0,0,170150243402,1701502434020640703,17015024340206407103,1701502434020640710203,202503,3
1,170150,170150,58,2,1,1,1,32,1,1,10,5,1,6, ,7,2, , , ,6,1, ,2,1, , , ,40, ,1,4, , , , , , , , , , , , ,1811,9622,2, ,3,1,2,2,1,1,1,2,2,2,1,1,0,1,2, , , ,1,40, , , , , , , , , , , ,1, , , , ,0,0,2, , , , ,2, ,2, ,1,150,2, ,2, ,2, , , , , , , , , , , , , , ,1,2513,"20,8726799201298",4,0.0,212,4,1, ,1,9,3,17,1,0,0,170150107302,1701501073020580212,17015010730205802112,1701501073020580210112,202512,12
1,170150,170150,62,1,1,1,2,34,1,1,10,1,2, ,5,9,5, ,1,30310101,6,1, ,1,1, , , ,30,1, ,4, , , , , , , , , , , , ,6492,4312,2, ,2,2,2,2,1,2,1,2,2,2,1,1,9,1,2, , , ,1,30, , , , , , , , , , , ,1, , , , ,1124,76,2, , , , ,2, ,2, ,1,200,2, ,2, ,2, , , , , , , , , , , , , , ,1,2512,"22,1413235311423",5,1200.0,1500,1,1, ,1,4,11,17,1,0,0,170150086401,1701500864010620101,17015008640106201101,1701500864010620110101,202501,1
2,170180,170180,59,2,1,1,1,30,1,10,10,1,2, ,5,7,1, , , ,6,1, ,2,1, , , ,40, ,1,4, , , , , , , , , , , , ,3100,7522,6,2, , , , , , , , , , , , ,20,9,1,1,3,1,1,40, , , , , , , , , , , ,5,350,2, ,80, , , , , , , ,2, ,2, ,1,60,2, ,2, ,2, , , , , , , , , , , , , , ,1,1722,"92,2862892184486",4,270.0,87,4,1, ,1,7,3,17,6,1,0,170180900201,1701809002010590203,17018090020105902103,1701809002010590210103,202503,3
1,170150,170150,58,9,1,2,2,30,2,10,10,5,2, ,3,7,3, , , ,6,1, ,1,2,12,2, , , , , , , , , ,11, ,9, ,4, , , , , , , , , , , , , , , , , , , , , , , , , , , , , , , , , , , , , , ,5, , , , , , , , , , , ,2, ,2, ,2, ,2, ,2, ,2, , , , , , , , , , , , , , ,1,2512,"30,2480664686564",4,0.0,"117,5",9, , , , , ,17,1,0,0,170150337903,1701503379030580912,17015033790305809112,1701503379030580910212,202512,12
1,170157,170157,52,1,1,3,2,32,3,1,10,6,2, ,2,8,2, ,1,10110201,6,1, ,3,1, , , ,40, ,1,4, , , , , , , , , , , , ,8521,2342,2, ,2,2,2,2,1,2,1,2,2,2,1,1,14,1,2, , , ,1,40, , , , , , , , , , , ,1, , , , ,700,70,2, , , , ,2, ,2, ,2, ,2, ,2, ,2, , , , , , , , , , , , , , ,1,1712,"66,7710959504356",5,770.0,"523,333333333333",1,1, ,1,2,16,17,6,0,0,170157068601,1701570686010520110,17015706860105201110,1701570686010520110310,202510,10
1,170156,170156,62,4,1,4,1,30,3,10,10,6,2, ,3,7,3, , , ,6,1, ,1,1, , , ,20,3, ,1,1,20,4,1, , , , , , , , ,2511,7222,2, ,3,2,2,2,2,2,2,2,2,2,2,2,8,1,1,2,3,2,1,40, , , , , , , , , , , ,5, , , , ,300,0,2, , , , ,2, ,2, ,2, ,2, ,2, ,2, , , , , , , , , , , , , , ,1,1712,"72,2635133589943",4,300.0,"310,571428571429",2,1, ,2,7,3,17,6,0,0,170156063702,1701560637020620401,17015606370206204101,1701560637020620410401,202501,1
1,170177,170177,67,6,1,3,1,33,3,1,10,6,2, ,5,9,2, ,2, ,6,1, ,1,1, , , ,40, ,1,4, , , , , , , , , , , , ,4659,3331,2, ,3,2,2,2,1,1,1,2,2,2,1,1,3,1,1,20,1,1,1,40, , , , , , , , , , , ,1, , , , ,895,45,1,8, , , ,2, ,2, ,2, ,2, ,2, ,2, , , , , , , , , , , , , , ,1,1712,"165,379566582907",5,948.0,1766,1,1, ,1,3,7,17,6,0,0,170177099203,1701770992030670609,17017709920306706109,1701770992030670610309,202509,9
1,170150,170150,65,4,1,1,1,34,1,10,10,5,2, ,5,6,6, , , ,6,2,60151,2,1, , , ,40, ,1,4, , , , , , , , , , , , ,1071,7512,2, ,2,2,2,2,2,2,2,2,2,2,2,2,1,1,1,3,1,1,1,40, , , , , , , , , , , ,5, , , , ,470,0,2, , , , ,2, ,2, ,2, ,2, ,2, ,2, , , , , , , , , , , , , , ,1,2512,"263,112213804454",4,470.0,"96,2",1,1, ,1,7,3,17,1,0,0,170150259305,1701502593050650407,17015025930506504107,1701502593050650410107,202507,7
1,170150,170150,68,1,1,1,1,34,1,10,10,1,2, ,2,8,3, ,1,20610402,6,2,130450,1,1, , , ,48, ,1,4, , , , , , , , , , , , ,4799,9520,6,2, , , , , , , , , , , , ,6,3,1,1,3,2,1,48, , , , , , , , , , , ,5,600,2, ,200, , , , , , , ,2, ,2, ,2, ,2, ,2, ,2, , , , , , , , , , , , , , ,1,2513,"33,8122829250177",5,400.0,100,4,1, ,2,9,7,17,1,0,0,170150335201,1701503352010680110,17015033520106801110,1701503352010680110110,202510,10
1,170150,170150,65,9,1,1,1,30,1,10,10,5,2, ,3,7,3, , , ,6,2,80150,1,1, , , ,32,8, ,4, , , , , , , , , , , , ,2310,7125,2, ,3,2,2,2,2,2,2,2,2,2,2,2,8,1,1,2,3,1,1,40, , , , , , , , , , , ,5, , , , ,400,0,2, , , , ,2, ,2, ,2, ,2, ,2, ,2, , , , , , , , , , , , , , ,1,2512,"70,7953762603786",4,400.0,"114,75",4,1, ,1,7,3,17,1,0,0,170150016601,1701500166010650904,17015001660106509104,1701500166010650910104,202504,4
1,170170,170170,63,3,1,5,1,30,3,10,10,6,2, ,2,9,4, ,1,31010201,6,1, ,5,2,12,2, , , , , , , , , ,9,4, , , ,1,5,4,7310,9621,2, , , , , , , , , , , , , , , , , , , , , , , , , , , , , , , , ,5, , , , , , , , , , , ,2, ,2, ,2, ,2, ,2, ,2, ,2,2,1,1,1,2,2,2,2,2,2,2,2,1,1713,"34,654516569043",5,0.0,"221,666666666667",7, ,1, , , ,17,6,0,0,170170101702,1701701017020630302,17017010170206303102,1701701017020630310502,202502,2
1,170150,170150,66,1,1,2,1,30,3,10,10,6,2, ,2,9,5, ,1,30710503,6,1, ,1,2,12,2, , , , , , , , , ,8,52, , , ,2, , , , , , , , , , , , , , , , , , , , , , , , , , , , , , , , , , , , , ,5, , , , , , , , , , , ,2, ,2, ,2, ,2, ,2, ,2, ,2,2,1,1,1,2,2,2,2,2,2,2,8,1,2513,"164,262282551261",5,0.0,200,7, ,1, , , ,17,1,0,0,170150242701,1701502427010660105,17015024270106601105,1701502427010660110205,202505,5
1,170150,170150,63,1,1,1,2,34,1,10,10,1,2, ,3,6,6, , , ,6,3,214,1,1, , , ,20,1, ,4, , , , , , , , , , , , ,9700,9111,10, ,3,1,2,2,2,2,2,2,2,2,2,2,8,8,1,1, , ,1,20, , , , , , , , , , , ,5, , , , ,400,0,1,60, , , ,2, ,1,120,2, ,2, ,2, ,2, , , , , , , , , , , , , , ,1,2512,"51,0288973374977",4,460.0,"287,5",4,1, ,3,9,20,17,1,0,0,170150072202,1701500722020630105,17015007220206301105,1701500722020630110105,202505,5
1,170150,170150,74,8,1,1,1,30,1,1,10,5,2, ,5,7,3, , , ,6,1, ,2,1, , , ,40, ,1,4, , , , , , , , , , , , ,8690,3344,2, ,3,1,2,2,1,1,1,2,2,2,1,1,6,1,1,30,1,1,1,40, , , , , , , , , , , ,1, , , , ,470,47,1,100, , , ,2, ,2, ,1,150,2, ,2, ,2, , , , , , , , , , , , , , ,1,2511,"59,3259504548398",4,617.0,"153,4",1,1, ,1,3,17,17,1,0,0,170150094002,1701500940020740810,17015009400207408110,1701500940020740810110,202510,10
1,170150,170150,63,7,1,3,1,32,3,10,10,6,2, ,3,6,6, , , ,6,2,170250,1,1, , , ,40, ,1,4, , , , , , , , , , , , ,9522,7412,2, ,3,2,2,1,2,2,2,2,2,2,2,2,6,1,1,2,4,3,1,40, , , , , , , , , , , ,5, , , , ,400,0,1,15, , , ,2, ,2, ,2, ,2, ,2, ,2, , , , , , , , , , , , , , ,1,2512,"43,6199079023747",4,415.0,"353,75",4,1, ,4,7,19,17,1,0,0,170150161303,1701501613030630702,17015016130306307102,1701501613030630710302,202502,2
1,170150,170150,71,3,1,1,2,34,1,10,10,6,2, ,11,6,3, , , ,6,1, ,1,1, , , ,24,8, ,2,1,16,7, , , , , , , , , ,9529,7531,2, ,2,2,2,2,2,2,2,2,2,2,2,2,19,1,1,2,3,1,1,40, , , , , , , , , , , ,5, , , , ,350,0,2, , , , ,2, ,1,80,1,100,2, ,2, ,2, , , , , , , , , , , , , , ,1,2513,"94,1747802249688",3,350.0,"176,666666666667",2,1, ,1,7,19,17,1,0,0,170150146304,1701501463040710310,17015014630407103110,1701501463040710310110,202510,10
1,170150,170150,72,7,1,3,2,35,3,10,10,6,2, ,3,6,6, , , ,6,1, ,3,1, , , ,45, ,1,4, , , , , , , , , , , , ,4922,4222,2, ,3,2,2,2,2,2,2,2,2,2,2,2,5,9,1,5,1,1,2,30,15,0,5610,5131,7, ,6,1,2,3,2,5, , , , ,380,0,2, , , , ,2, ,2, ,2, ,2, ,2, ,2, , , , , , , , , , , , , , ,1,2513,"49,6251482108872",4,380.0,"297,5",4,1, ,1,4,8,17,1,0,0,170150025202,1701500252020720708,17015002520207207108,1701500252020720710308,202508,8
1,170150,170150,59,7,1,1,1,33,1,10,10,6,2, ,3,6,6, , , ,6,2,90150,1,1, , , ,40, ,1,3,1,20,1,4, , , , , , , , ,4100,7112,6,2, , , , , , , , , , , , ,7,2,1,1,3,2,1,40, , , , , , , , , , , ,5,200,2, ,0, , , , , , , ,2, ,2, ,1,120,2, ,2, ,2, , , , , , , , , , , , , , ,1,2513,"20,2544785162942",4,200.0,320,3,1, ,2,7,6,17,1,0,0,170150091703,1701500917030590706,17015009170305907106,1701500917030590710106,202506,6
1,170150,170150,71,1,1,1,1,30,1,1,10,6,2, ,11,7,3, , , ,6,2,230150,1,1, , , ,90, ,1,4, , , , , , , , , , , , ,5610,9412,2, ,2,1,2,2,1,1,1,2,2,1,1,1,11,1,1,8,4,1,1,90, , , , , , , , , , , ,1, , , , ,900,300,1,68, , , ,2, ,2, ,2, ,2, ,2, ,2, , , , , , , , , , , , , , ,1,2512,"29,2820571673659",4,1268.0,1268,1,1, ,1,9,9,17,1,0,0,170150069402,1701500694020710110,17015006940207101110,1701500694020710110110,202510,10
1,170157,170157,52,3,1,1,1,35,1,1,10,6,1,3, ,7,2, , , ,6,1, ,1,1, , , ,40, ,1,4, , , , , , , , , , , , ,5610,5131,2, ,2,1,2,2,1,1,1,2,2,2,1,1,11,1,1,20,1,1,1,40, , , , , , , , , , , ,1, , , , ,940,45,1,68, , , ,2, ,2, ,2, ,2, ,2, ,2, , , , , , , , , , , , , , ,1,1712,"65,8057213414947",4,1053.0,1053,1,1, ,1,5,9,17,6,0,0,170157068601,1701570686010520301,17015706860105203101,1701570686010520310101,202501,1
1,170150,170150,72,1,1,2,1,33,3,1,10,6,2, ,2,8,3, ,1,20711002,6,2,180150,1,1, , , ,40, ,1,4, , , , , , , , , , , , ,3822,3512,2, ,3,2,2,2,1,2,1,2,2,2,1,1,1,1,1,25,1,1,1,40, , , , , , , , , , , ,1, , , , ,700,70,2, , , , ,2, ,2, ,2, ,2, ,2, ,2, , , , , , , , , , , , , , ,1,2511,"15,8741501339826",5,770.0,"323,333333333333",1,1, ,1,3,5,17,1,0,0,170150251101,1701502511010720108,17015025110107201108,1701502511010720110208,202508,8
1,170150,170150,58,1,1,2,2,35,3,1,10,3,1,6, ,10,3, ,1,50110301,6,1, ,1,1, , , ,40, ,1,4, , , , , , , , , , , , ,8521,2351,1, ,1,2,2,2,1,2,1,2,2,2,1,1,12,1,2, , , ,1,40, , , , , , , , , , , ,1, , , , ,600,300,2, , , , ,2, ,2, ,2, ,2, ,2, ,2, , , , , , , , , , , , , , ,1,2511,"10,2296248039705",5,900.0,"287,5",1,1, ,1,2,16,17,1,0,0,170150118601,1701501186010580103,17015011860105801103,1701501186010580110203,202503,3
1,170150,170150,60,9,1,2,2,30,2,1,5,1,2, ,2,9,5, ,1,30730201,6,1, ,1,1, , , ,50, ,1,4, , , , , , , , , , , , ,4210,2142,2, ,2,2,2,2,1,2,1,2,2,2,1,1,3,1,1,6,1,1,1,50, , , , , , , , , , , ,1, , , , ,500,50,2, , , , ,2, ,2, ,2, ,2, ,2, ,2, , , , , , , , , , , , , , ,1,2511,"44,8774116949917",5,550.0,700,1,1, ,1,2,6,17,1,0,0,170150187802,1701501878020600906,17015018780206009106,1701501878020600910206,202506,6
1,170150,170150,55,5,1,3,2,31,3,1,10,6,2, ,5,8,3, ,1,20910411,6,1, ,1,1, , , ,40, ,1,4, , , , , , , , , , , , ,8690,3254,2, ,2,1,2,2,1,2,1,2,2,1,1,1,6,1,1,10,1,1,1,40, , , , , , , , , , , ,1, , , , ,500,45,1,150, , , ,2, ,2, ,2, ,2, ,2, ,2, , , , , , , , , , , , , , ,1,2512,"105,327817714582",5,695.0,"731,666666666667",1,1, ,1,3,17,17,1,0,0,170150158103,1701501581030550511,17015015810305505111,1701501581030550510311,202511,11
1,170152,170152,54,2,1,3,2,30,3,10,10,6,2, ,2,8,3, ,1,20710401,6,1, ,1,1, , , ,18,1, ,3,1,25,1,3, , , , , , , , ,113,6111,4, ,6,1,2,2,2,2,2,2,2,2,2,2,3,11,1,4,2,1,1,18, , , , , , , , , , , ,5, , , , ,150,0,1,40, , , ,2, ,2, ,2, ,2, ,2, ,2, , , , , , , , , , , , , , ,1,1713,"79,251551231941",5,190.0,"161,25",2,1, ,1,6,1,17,6,0,0,170152008701,1701520087010540207,17015200870105402107,1701520087010540210307,202507,7
1,170150,170150,60,1,1,3,2,30,3,1,10,6,2, ,2,9,4, ,1,30110301,6,1, ,2,1, , , ,40, ,1,4, , , , , , , , , , , , ,8521,2342,6,2, , , , , , , , , , , , ,3,8,1,1,2,1,1,40, , , , , , , , , , , ,1,570,2, ,0, , , , , , , ,2, ,2, ,2, ,2, ,2, ,2, , , , , , , , , , , , , , ,1,2513,"66,3760553439878",5,570.0,"233,6",1,1, ,1,2,16,17,1,0,0,170150006004,1701500060040600106,17015000600406001106,1701500060040600110306,202506,6
1,170150,170150,62,1,1,4,2,32,3,1,10,6,2, ,2,9,5, ,1,30410801,6,1, ,2,1, , , ,40, ,1,4, , , , , , , , , , , , ,5120,4323,2, ,2,2,2,2,1,1,1,2,2,1,1,1,10,1,2, , , ,1,40, , , , , , , , , , , ,1, , , , ,800,200,1,60, , , ,2, ,2, ,2, ,2, ,2, ,2, , , , , , , , , , , , , , ,1,2511,"46,3947332870035",5,1060.0,"628,75",1,1, ,1,4,8,17,1,0,0,170150192902,1701501929020620104,17015019290206201104,1701501929020620110404,202504,4
2,170450,170450,58,7,1,3,1,34,3,1,10,6,2, ,7,2,4,2, , ,6,1, ,1,1, , , ,40, ,1,4, , , , , , , , , , , , ,119,6113,2, ,3,1,2,1,1,1,1,2,2,2,1,1,4,11,2, , , ,1,40, , , , , , , , , , , ,1, , , , ,425,45,1,90, , , ,2, ,2, ,2, ,2, ,2, ,2, , , , , , , , , , , , , , ,1,1722,"63,7407838399361",2,560.0,"246,444444444444",1,1, ,1,6,1,17,6,0,0,170450901401,1704509014010580703,17045090140105807103,1704509014010580710303,202503,3
1,170150,170150,68,5,1,2,2,34,3,1,10,6,2, ,2,10,2, ,1,50410301,6,1, ,1,1, , , ,40, ,1,4, , , , , , , , , , , , ,6622,1211,2, ,2,2,2,2,1,2,1,2,2,2,1,1,15,1,1,50,1,1,1,40, , , , , , , , , , , ,1, , , , ,2250,250,2, , , , ,2, ,2, ,2, ,2, ,2, ,2, , , , , , , , , , , , , , ,1,2511,"26,3266539256513",5,2500.0,1550,1,1, ,1,1,11,17,1,0,0,170150196504,1701501965040680507,17015019650406805107,1701501965040680510207,202507,7
1,170150,170150,69,7,1,1,1,33,1,10,10,5,2, ,3,6,6, , , ,6,1, ,2,1, , , ,40, ,1,2,1,15,7, , , , , , , , , ,4100,7112,4, ,6,2,2,2,2,2,2,2,2,2,2,2,10,2,1,3,4,3,1,40, , , , , , , , , , , ,5, , , , ,320,0,2, , , , ,2, ,2, ,2, ,2, ,2, ,2, , , , , , , , , , , , , , ,1,2513,"96,1717902310841",4,320.0,"66,4",3,1, ,4,7,6,17,1,1,0,170150025102,1701500251020690708,17015002510206907108,1701500251020690710108,202508,8
1,170150,170150,56,1,1,1,1,34,1,10,10,1,2, ,5,4,2,2, , ,1,2,50458,2,1, , , ,48, ,1,4, , , , , , , , , , , , ,4100,7112,6,2, , , , , , , , , , , , ,12,2,1,1,3,2,1,48, , , , , , , , , , , ,5,480,2, ,0, , , , , , , ,2, ,2, ,2, ,2, ,2, ,2, , , , , , , , , , , , , , ,1,2513,"112,461151438928",3,480.0,"133,75",1,1, ,2,7,6,17,1,0,0,170150076402,1701500764020560105,17015007640205601105,1701500764020560110105,202505,5
1,170150,170150,52,4,1,2,1,31,3,10,10,6,2, ,11,6,6, , , ,6,1, ,1,2,12,2, , , , , , , , , ,8,50, , , ,2, , , , , , , , , , , , , , , , , , , , , , , , , , , , , , , , , , , , , ,5, , , , , , , , , , , ,2, ,2, ,2, ,2, ,2, ,2, ,2,1,1,1,1,2,2,2,2,2,2,2,8,1,2512,"35,6437123429019",4,0.0,125,7, ,1, , , ,17,1,0,0,170150221601,1701502216010520410,17015022160105204110,1701502216010520410210,202510,10
1,170150,170150,76,9,1,1,2,35,1,10,10,1,2, ,5,6,6, , , ,6,1, ,1,1, , , ,40, ,1,4, , , , , , , , , , , , ,7912,4225,2, ,2,2,2,2,2,2,2,2,2,2,2,2,0,1,1,28,1,1,1,40, , , , , , , , , , , ,5, , , , ,470,0,2, , , , ,2, ,2, ,2, ,2, ,2, ,2, , , , , , , , , , , , , , ,1,2512,"17,3244538594391",4,470.0,235,1,1, ,1,4,14,17,1,0,0,170150132003,1701501320030760912,17015013200307609112,1701501320030760910112,202512,12
1,170150,170150,69,5,1,1,2,35,1,1,10,1,2, ,5,6,5, , , ,6,2,90150,1,1, , , ,40, ,1,4, , , , , , , , , , , , ,2100,8183,2, ,2,1,2,2,1,1,1,2,2,1,1,1,8,1,1,25,1,1,1,40, , , , , , , , , , , ,1, , , , ,400,120,1,10, , , ,2, ,2, ,2, ,2, ,2, ,2, , , , , , , , , , , , , , ,1,2513,"117,013404826018",4,530.0,"207,6",1,1, ,1,8,3,17,1,0,0,170150335501,1701503355010690508,17015033550106905108,1701503355010690510108,202508,8
1,170150,170150,66,2,1,3,1,30,3,10,10,6,2, ,2,8,3, ,1,20410304,6,1, ,2,1, , , ,70, ,1,4, , , , , , , , , , , , ,4721,7511,6,2, , , , , , , , , , , , ,1,6,1,1,2,1,1,70, , , , , , , , , , , ,5,1300,2, ,800, , , , , , , ,2, ,2, ,2, ,2, ,2, ,2, , , , , , , , , , , , , , ,1,2512,"64,5673345338581",5,500.0,"393,25",1,1, ,1,7,7,17,1,0,0,170150329201,1701503292010660208,17015032920106602108,1701503292010660210308,202508,8
1,170150,170150,55,2,1,4,1,30,7,1,10,6,1,6, ,10,5, ,1,30610401,6,1, ,2,1, , , ,40, ,1,4, , , , , , , , , , , , ,2220,3118,2, ,2,2,2,2,1,1,1,2,2,2,1,1,4,1,1,60,1,1,1,40, , , , , , , , , , , ,1, , , , ,600,60,1,10, , , ,2, ,2, ,2, ,2, ,2, ,2, , , , , , , , , , , , , , ,1,2511,"14,0406685750708",5,670.0,"516,25",1,1, ,1,3,3,17,1,0,0,170150143903,1701501439030550202,17015014390305502102,1701501439030550210402,202502,2
1,170150,170150,69,2,1,1,1,34,1,10,10,5,2, ,5,6,6, , , ,6,1, ,2,1, , , ,50, ,1,4, , , , , , , , , , , , ,2511,7214,2, ,2,2,2,2,2,2,2,2,2,2,2,2,15,1,1,2,2,1,1,50, , , , , , , , , , , ,5, , , , ,600,0,2, , , , ,2, ,2, ,2, ,2, ,2, ,2, , , , , , , , , , , , , , ,1,2513,"27,8032158406557",4,600.0,260,1,1, ,1,7,3,17,1,0,0,170150239703,1701502397030690211,17015023970306902111,1701502397030690210111,202511,11
1,170179,170179,67,6,1,2,2,31,3,10,10,6,2, ,2,9,5, ,1,30410306,6,2,170150,1,2,12,2, , , , , , , , , ,11, ,11, ,5, , , , , , , , , , , , , , , , , , , , , , , , , , , , , , , , , , , , , , ,5, , , , , , , , , , , ,2, ,2, ,2, ,2, ,2, ,2, , , , , , , , , , , , , , ,1,1713,"47,642962575777",5,0.0,"501,666666666667",9, , , , , ,17,6,0,0,170179101604,1701791016040670609,17017910160406706109,1701791016040670610209,202509,9
1,170150,170150,64,6,1,1,1,34,1,10,10,5,2, ,2,8,3, ,1,20210210,5,1, ,2,1, , , ,20,1, ,3,1,20,1,4, , , , , , , , ,6820,5153,2, ,3,2,2,2,2,2,2,2,2,2,2,2,2,1,1,2,1,1,1,20, , , , , , , , , , , ,5, , , , ,200,0,2, , , , ,2, ,2, ,1,140,2, ,2, ,2, , , , , , , , , , , , , , ,1,2513,"50,032315654628",5,200.0,116,2,1, ,1,5,12,17,1,0,0,170150031401,1701500314010640606,17015003140106406106,1701500314010640610106,202506,6
1,170150,170150,63,5,1,1,1,32,1,1,10,5,2, ,2,9,5, ,1,30310506,6,1, ,2,1, , , ,40, ,1,4, , , , , , , , , , , , ,5811,2641,2, ,2,2,2,2,1,2,1,2,2,2,1,1,1,1,1,80,1,1,1,40, , , , , , , , , , , ,1, , , , ,600,60,2, , , , ,2, ,2, ,2, ,2, ,2, ,2, , , , , , , , , , , , , , ,1,2511,"47,58037187938",5,660.0,165,1,1, ,1,2,10,17,1,0,0,170150123502,1701501235020630505,17015012350206305105,1701501235020630510105,202505,5
1,170150,170150,60,2,1,2,1,30,3,10,10,6,2, ,3,7,3, , , ,6,1, ,1,1, , , ,20,1, ,1,1,20,1,4, , , , , , , , ,4321,7412,2, ,3,2,2,2,2,2,2,2,2,2,2,2,0,1,1,20,1,1,1,20, , , , , , , , , , , ,5, , , , ,200,0,2, , , , ,2, ,2, ,2, ,2, ,2, ,2, , , , , , , , , , , , , , ,1,2511,"26,7456832130155",4,200.0,222,2,1, ,1,7,6,17,1,0,0,170150128811,1701501288110600206,17015012881106002106,1701501288110600210206,202506,6
1,170150,170150,63,3,1,1,2,34,1,1,10,6,2, ,2,10,1, ,1,50210208,6,1, ,1,1, , , ,40, ,1,4, , , , , , , , , , , , ,7410,2161,2, ,2,2,2,2,1,2,1,2,2,2,1,1,7,1,1,7,2,1,1,40, , , , , , , , , , , ,1, , , , ,1200,200,2, , , , ,2, ,2, ,2, ,2, ,2, ,2, , , , , , , , , , , , , , ,1,2511,"14,1182582282864",5,1400.0,1400,1,1, ,1,2,13,17,1,0,0,170150076903,1701500769030630302,17015007690306303102,1701500769030630310102,202502,2
1,170150,170150,71,7,1,1,2,33,1,10,10,6,2, ,15,6,6, , , ,6,2,170750,1,2,12,2, , , , , , , , , ,11, ,8, ,4, , , , , , , , , , , , , , , , , , , , , , , , , , , , , , , , , , , , , , ,5, , , , , , , , , , , ,2, ,2, ,1,250,2, ,1,55,2, , , , , , , , , , , , , , ,1,2513,"121,832325989729",4,0.0,"101,666666666667",9, , , , , ,17,1,0,0,170150219803,1701502198030710707,17015021980307107107,1701502198030710710107,202507,7
1,170155,170155,52,1,1,3,1,33,3,10,10,6,2, ,5,8,3, ,1,20410402,6,1, ,1,1, , , ,40, ,1,4, , , , , , , , , , , , ,8291,4214,2, ,3,2,2,2,2,2,2,2,2,2,2,2,5,1,1,20,1,1,1,40, , , , , , , , , , , ,5, , , , ,950,0,2, , , , ,2, ,2, ,2, ,2, ,2, ,2, , , , , , , , , , , , , , ,1,1713,"42,279865777612",5,950.0,"556,666666666667",1,1, ,1,4,14,17,6,0,0,170155016801,1701550168010520101,17015501680105201101,1701550168010520110301,202501,1
2,170153,170153,68,5,1,2,2,34,3,1,10,6,2, ,5,6,2, , , ,6,1, ,1,1, , , ,40, ,1,4, , , , , , , , , , , , ,119,6113,2, ,2,1,2,1,1,1,1,2,2,2,1,1,10,11,2, , , ,1,40, , , , , , , , , , , ,1, , , , ,425,45,1,95, , , ,2, ,2, ,2, ,2, ,2, ,2, , , , , , , , , , , , , , ,1,1721,"18,0426243182731",3,565.0,"212,75",1,1, ,1,6,1,17,6,0,0,170153900101,1701539001010680510,17015390010106805110,1701539001010680510210,202510,10
2,170172,170172,74,4,1,2,2,30,3,3,10,1,2, ,2,8,3, ,1,20410304,6,1, ,2,1, , , ,40, ,1,4, , , , , , , , , , , , ,122,6112,6,2, , , , , , , , , , , , ,10,10,1,2,3,2,1,40, , , , , , , , , , , ,3,500,1,20,200, , , , , , , ,2, ,2, ,2, ,2, ,2, ,2, , , , , , , , , , , , , , ,1,1721,"24,0925448425965",5,320.0,"151,8",4,1, ,2,6,1,17,6,0,0,170172900502,1701729005020740410,17017290050207404110,1701729005020740410210,202510,10
1,170150,170150,68,4,1,2,2,35,3,10,10,6,2, ,2,9,5, ,1,30410302,6,1, ,1,1, , , ,20,3, ,1,1,20,1,3, , , , , , , , ,1811,7322,6,2, , , , , , , , , , , , ,3,8,1,2,3,2,1,20, , , , , , , , , , , ,5,400,2, ,0, , , , , , , ,2, ,2, ,2, ,2, ,2, ,2, , , , , , , , , , , , , , ,1,2512,"18,3228122307212",5,400.0,300,2,1, ,2,7,3,17,1,0,0,170150144706,1701501447060680410,17015014470606804110,1701501447060680410210,202510,10
1,170150,170150,56,4,1,1,1,35,1,1,10,1,2, ,11,9,2, ,2, ,6,1, ,1,1, , , ,50, ,1,4, , , , , , , , , , , , ,4651,4214,2, ,2,2,2,2,1,2,1,2,2,2,1,1,14,1,1,50,1,1,1,50, , , , , , , , , , , ,1, , , , ,1500,100,2, , , , ,2, ,2, ,2, ,2, ,2, ,2, , , , , , , , , , , , , , ,1,2511,"20,5993510814019",5,1600.0,"528,75",1,1, ,1,4,7,17,1,0,0,170150194404,1701501944040560405,17015019440405604105,1701501944040560410105,202505,5
1,170150,170150,40,2,1,1,1,32,1,1,10,6,2, ,3,8,2, ,2, ,6,3,862,1,1, , , ,40, ,1,4, , , , , , , , , , , , ,4771,5223,2, ,2,2,2,2,1,1,1,2,2,2,1,1,3,1,1,7,1,1,1,40, , , , , , , , , , , ,1, , , , ,2000,66,1,10, , , ,2, ,2, ,2, ,2, ,2, ,2, , , , , , , , , , , , , , ,1,2511,"28,0338551358484",5,2076.0,2076,1,1, ,1,5,7,17,1,0,0,170150129705,1701501297050400201,17015012970504002101,1701501297050400210101,202501,1
1,170150,170150,64,2,1,2,2,34,2,1,5,5,2, ,2,9,5, ,1,30310401,6,1, ,1,1, , , ,24,8, ,1,1,16,7, , , , , , , , , ,8530,2310,2, ,3,2,2,2,1,2,1,2,2,2,1,1,4,1,2, , , ,1,40, , , , , , , , , , , ,1, , , , ,700,65,2, , , , ,2, ,2, ,2, ,2, ,2, ,2, , , , , , , , , , , , , , ,1,2512,"38,8702206861046",5,765.0,"421,666666666667",2,1, ,1,2,16,17,1,0,0,170150137002,1701501370020640203,17015013700206402103,1701501370020640210203,202503,3
1,170150,170150,69,4,1,2,2,35,2,10,10,5,2, ,11,4,6,1, , ,6,1, ,2,1, , , ,40, ,1,4, , , , , , , , , , , , ,1410,7531,6,2, , , , , , , , , , , , ,5,9,1,1,3,2,1,40, , , , , , , , , , , ,5,470,2, ,0, , , , , , , ,2, ,2, ,2, ,2, ,2, ,2, , , , , , , , , , , , , , ,1,2513,"46,7047436035661",3,470.0,"272,5",1,1, ,2,7,3,17,1,0,0,170150090702,1701500907020690408,17015009070206904108,1701500907020690410208,202508,8
1,170150,170150,55,3,1,1,1,33,1,1,10,6,2, ,2,9,4, ,1,30910407,6,1, ,2,1, , , ,40, ,1,4, , , , , , , , , , , , ,8890,3212,1, ,3,2,2,2,1,2,1,2,2,2,1,1,2,1,2, , , ,1,40, , , , , , , , , , , ,1, , , , ,1000,100,2, , , , ,2, ,2, ,2, ,2, ,2, ,2, , , , , , , , , , , , , , ,1,2512,"54,1737083012138",5,1100.0,"213,666666666667",1,1, ,1,3,17,17,1,0,0,170150262101,1701502621010550302,17015026210105503102,1701502621010550310102,202502,2
1,170150,170150,57,7,1,3,2,31,3,1,10,6,2, ,2,9,5, ,1,30310101,6,1, ,3,1, , , ,40, ,1,4, , , , , , , , , , , , ,9499,2631,2, ,2,2,2,2,1,2,1,2,2,2,1,1,4,1,1,30,1,1,1,40, , , , , , , , , , , ,1, , , , ,800,70,2, , , , ,2, ,2, ,2, ,2, ,2, ,2, , , , , , , , , , , , , , ,1,2512,"44,7967444860803",5,870.0,"292,5",1,1, ,1,2,19,17,1,0,0,170150344903,1701503449030570708,17015034490305707108,1701503449030570710308,202508,8
1,170150,170150,70,5,1,1,1,30,1,4,10,5,2, ,2,8,3, ,1,21030203,6,1, ,2,1, , , ,40, ,1,4, , , , , , , , , , , , ,8423,5412,1, ,1,2,2,2,1,1,1,2,2,2,1,1,8,1,2, , , ,1,40, , , , , , , , , , , ,4, , , , ,900,80,1,20, , , ,2, ,2, ,2, ,2, ,2, ,2, , , , , , , , , , , , , , ,1,2513,"216,291161139732",5,1000.0,"416,666666666667",1,1, ,1,5,15,17,1,0,0,170150378302,1701503783020700512,17015037830207005112,1701503783020700510112,202512,12
1,170150,170150,60,1,1,4,2,32,3,2,10,6,1,1, ,9,1, ,2, ,6,1, ,5,2,12,2, , , , , , , , , ,11, ,9, ,3, , , , , , , , , , , , , , , , , , , , , , , , , , , , , , , , , , , , , , ,2, , , , , , , , , , , ,2, ,2, ,2, ,2, ,2, ,2, , , , , , , , , , , , , , ,1,2512,"14,0399791928718",5,0.0,202,9, , , , , ,17,1,0,0,170150020405,1701500204050600106,17015002040506001106,1701500204050600110406,202506,6
1,170150,170150,60,1,1,2,2,33,2,10,10,1,2, ,2,8,2, ,1,10910301,6,1, ,2,1, , , ,45, ,1,3,1,10,4,4, , , , , , , , ,1410,7532,2, ,3,2,2,2,2,2,2,2,2,2,2,2,5,1,1,10,2,2,2,35,10,0,4722,5221,6,2,6,1,1,3,1,5, , , , ,100,0,2, ,30,2, ,2, ,2, ,2, ,2, ,2, ,2, , , , , , , , , , , , , , ,1,2513,"63,2919856233538",5,130.0,"334,5",3,1, ,2,7,3,17,1,0,0,170150279701,1701502797010600109,17015027970106001109,1701502797010600110209,202509,9
1,170150,170150,66,5,1,8,2,30,7,1,10,4,2, ,11,5,7,1, , ,1,2,100450,8,1, , , ,40, ,1,4, , , , , , , , , , , , ,1702,8143,2, ,3,2,2,2,2,2,2,2,2,2,2,2,0,1,1,40,1,1,1,40, , , , , , , , , , , ,5, , , , ,0,0,2, , , , ,2, ,1,294,2, ,2, ,2, ,2, , , , , , , , , , , , , , ,1,2513,"79,9038014697726",3,0.0,"198,454545454545",4,1, ,1,8,3,17,1,0,0,170150027802,1701500278020660505,17015002780206605105,1701500278020660510805,202505,5
1,170150,170150,53,3,1,3,2,34,3,1,10,3,2, ,5,9,3, ,2, ,6,1, ,1,1, , , ,30,8, ,4, , , , , , , , , , , , ,8521,2341,2, ,3,2,2,2,1,2,1,2,2,2,1,1,0,1,1,35,1,1,1,40, , , , , , , , , , , ,1, , , , ,2400,145,2, , , , ,2, ,1,120,2, ,2, ,2, ,2, , , , , , , , , , , , , , ,3,2511,"49,8310841235632",5,2545.0,"1206,25",1,1, ,1,2,16,17,1,0,0,170150205102,1701502051020530301,17015020510205303101,1701502051020530310301,202501,1
1,170150,170150,59,5,1,2,1,30,2,10,10,5,2, ,3,7,3, , , ,6,2,130350,1,2,12,1,6,24,1, ,4, , , , , , , , , , , , ,5224,9333,6,2, , , , , , , , , , , , ,3,4,1,1,3,2,1,24, , , , , , , , , , , ,5,200,2, ,0, , , , , , , ,2, ,2, ,2, ,2, ,2, ,2, , , , , , , , , , , , , , ,1,2513,"38,8653193246919",4,200.0,"153,333333333333",4,1, ,2,9,8,17,1,0,0,170150168601,1701501686010590506,17015016860105905106,1701501686010590510206,202506,6
1,170150,170150,70,2,1,2,2,35,2,1,10,1,2, ,2,9,5, ,1,30410603,6,1, ,2,1, , , ,40, ,1,4, , , , , , , , , , , , ,8413,2421,1, ,3,2,2,2,1,2,1,2,2,1,1,1,7,1,2, , , ,1,40, , , , , , , , , , , ,1, , , , ,1200,164,1,30, , , ,2, ,2, ,2, ,2, ,2, ,2, , , , , , , , , , , , , , ,1,2512,"16,4428752143266",5,1394.0,1422,1,1, ,1,2,15,17,1,0,0,170150270203,1701502702030700212,17015027020307002112,1701502702030700210212,202512,12
1,170150,170150,59,7,1,2,1,34,3,1,10,6,2, ,2,9,5, ,1,30610401,6,1, ,1,1, , , ,40, ,1,1,1,10,7, , , , , , , , , ,6201,2514,2, ,3,2,2,2,1,2,1,2,2,1,1,1,8,1,1,10,1,1,1,40, , , , , , , , , , , ,1, , , , ,600,60,1,17, , , ,2, ,2, ,2, ,2, ,2, ,2, , , , , , , , , , , , , , ,1,2512,"53,1132795636254",5,677.0,"285,666666666667",1,1, ,1,2,10,17,1,0,0,170150370901,1701503709010590703,17015037090105907103,1701503709010590710203,202503,3
2,170176,170176,56,7,1,1,1,34,1,4,10,1,2, ,5,6,6, , , ,6,1, ,2,1, , , ,48, ,1,4, , , , , , , , , , , , ,8422,210,1, ,1,1,1,2,1,1,1,2,2,2,1,1,14,1,2, , , ,1,48, , , , , , , , , , , ,4, , , , ,800,110,1,120, , , ,2, ,2, ,2, ,2, ,2, ,2, , , , , , , , , , , , , , ,1,1722,"82,536446376126",4,1030.0,"257,5",1,1, ,1,10,15,17,6,0,0,170176903902,1701769039020560702,17017690390205607102,1701769039020560710102,202502,2
1,170150,170150,52,4,1,1,1,34,1,1,10,1,2, ,5,6,6, , , ,6,1, ,2,1, , , ,40, ,1,4, , , , , , , , , , , , ,8010,5414,2, ,3,2,2,2,1,1,1,2,2,1,1,1,0,1,2, , , ,1,40, , , , , , , , , , , ,1, , , , ,425,45,1,18, , , ,2, ,2, ,2, ,2, ,2, ,2, , , , , , , , , , , , , , ,1,2513,"206,384016006606",4,488.0,"97,6",1,1, ,1,5,14,17,1,0,0,170150139603,1701501396030520410,17015013960305204110,1701501396030520410110,202510,10
1,170150,170150,63,3,1,1,2,34,1,1,10,3,1,3, ,9,2, ,2, ,6,1, ,1,1, , , ,40, ,1,4, , , , , , , , , , , , ,9101,4120,1, ,3,2,2,2,1,2,1,2,2,1,1,1,15,1,2, , , ,1,40, , , , , , , , , , , ,1, , , , ,700,200,1,10, , , ,2, ,2, ,2, ,2, ,2, ,2, , , , , , , , , , , , , , ,1,2512,"34,8501045510756",5,910.0,460,1,1, ,1,4,18,17,1,0,0,170150245203,1701502452030630305,17015024520306303105,1701502452030630310105,202505,5
1,170150,170150,57,6,1,3,2,33,3,10,10,6,2, ,2,9,5, ,1,30410102,6,1, ,2,2,12,2, , , , , , , , , ,9,48, , , ,1,3,48,4772,2411,2, , , , , , , , , , , , , , , , , , , , , , , , , , , , , , , , ,5, , , , , , , , , , , ,2, ,2, ,1,100,2, ,2, ,2, ,2,2,2,1,1,2,2,2,2,2,2,2,3,1,2512,"71,6321226427113",5,0.0,165,7, ,1, , , ,17,1,0,0,170150076507,1701500765070570608,17015007650705706108,1701500765070570610308,202508,8
1,170150,170150,65,3,1,2,2,33,2,10,10,1,2, ,2,9,5, ,1,30410302,6,2,40352,2,2,12,2, , , , , , , , , ,11, ,8, ,4, , , , , , , , , , , , , , , , , , , , , , , , , , , , , , , , , , , , , , ,5, , , , , , , , , , , ,2, ,2, ,2, ,2, ,2, ,2, , , , , , , , , , , , , , ,1,2511,"36,9816095765497",5,0.0,"533,333333333333",9, , , , , ,17,1,0,0,170150152002,1701501520020650304,17015015200206503104,1701501520020650310204,202504,4
2,170159,170159,64,7,1,4,2,30,3,1,10,6,2, ,5,7,3, , , ,4,1, ,5,1, , , ,60, ,1,4, , , , , , , , , , , , ,1030,6112,2, ,2,1,2,1,1,1,1,2,2,2,1,1,5,11,2, , , ,1,60, , , , , , , , , , , ,1, , , , ,600,60,1,125, , , ,2, ,2, ,2, ,2, ,2, ,2, , , , , , , , , , , , , , ,1,1722,"36,4593881084386",4,785.0,"592,6",1,1, ,1,6,3,17,6,0,0,170159900702,1701599007020640703,17015990070206407103,1701599007020640710403,202503,3
1,170150,170150,59,7,1,1,2,34,1,1,10,5,1,6, ,9,1, ,2, ,6,1, ,1,1, , , ,40, ,1,4, , , , , , , , , , , , ,6512,4132,2, ,2,2,2,2,1,2,1,2,2,2,1,1,6,1,2, , , ,1,40, , , , , , , , , , , ,1, , , , ,425,45,2, , , , ,2, ,2, ,2, ,2, ,2, ,2, , , , , , , , , , , , , , ,1,2513,"25,6015089806098",5,470.0,180,1,1, ,1,4,11,17,1,0,0,170150197803,1701501978030590706,17015019780305907106,1701501978030590710106,202506,6
1,170150,170150,70,8,1,1,2,34,1,1,10,5,2, ,2,9,5, ,1,30710201,6,1, ,2,1, , , ,24,1, ,2,1,20,2,3, , , , , , , , ,9609,5142,6,2, , , , , , , , , , , , ,5,8,1,1,3,1,1,24, , , , , , , , , , , ,1,700,2, ,200, , , , , , , ,2, ,2, ,2, ,2, ,2, ,2, , , , , , , , , , , , , , ,1,2512,"17,5406543239152",5,500.0,750,2,1, ,1,5,19,17,1,0,0,170150077301,1701500773010700812,17015007730107008112,1701500773010700810112,202512,12
2,170352,170352,75,1,1,1,1,33,1,1,10,1,2, ,5,6,5, , , ,6,2,20150,1,1, , , ,40, ,1,4, , , , , , , , , , , , ,141,6121,2, ,2,2,2,2,1,2,1,2,2,2,1,1,12,1,1,2,3,2,1,40, , , , , , , , , , , ,1, , , , ,423,47,2, , , , ,2, ,2, ,1,100,2, ,2, ,2, , , , , , , , , , , , , , ,1,1721,"24,1591008743914",4,470.0,"192,5",1,1, ,2,6,1,17,6,0,0,170352900501,1703529005010750111,17035290050107501111,1703529005010750110111,202511,11
1,170150,170150,56,5,1,2,1,34,3,1,10,6,2, ,2,10,2, ,1,50610402,6,1, ,2,1, , , ,40, ,1,4, , , , , , , , , , , , ,8412,2529,1, ,3,2,2,2,1,2,1,2,2,2,1,1,0,1,2, , , ,1,40, , , , , , , , , , , ,1, , , , ,700,65,2, , , , ,2, ,2, ,2, ,2, ,2, ,2, , , , , , , , , , , , , , ,1,2512,"50,9803027928119",5,765.0,"532,5",1,1, ,1,2,15,17,1,0,0,170150390301,1701503903010560502,17015039030105605102,1701503903010560510202,202502,2
1,170150,170150,51,4,1,3,1,32,3,1,10,6,2, ,5,6,6, , , ,3,1, ,2,1, , , ,40, ,1,4, , , , , , , , , , , , ,8423,5412,1, ,1,2,2,2,1,2,1,2,2,1,1,1,10,1,2, , , ,1,40, , , , , , , , , , , ,1, , , , ,600,60,1,30, , , ,2, ,2, ,2, ,2, ,2, ,2, , , , , , , , , , , , , , ,1,2512,"56,3928140022929",4,690.0,"396,666666666667",1,1, ,1,5,15,17,1,0,0,170150380201,1701503802010510403,17015038020105104103,1701503802010510410303,202503,3
2,170184,170184,70,10,1,2,2,33,2,1,5,5,2, ,2,8,3, ,1,20410304,6,3,170,1,1, , , ,40, ,1,4, , , , , , , , , , , , ,4773,1420,2, ,2,2,2,2,1,1,1,2,2,2,1,1,10,1,1,6,1,1,1,40, , , , , , , , , , , ,1, , , , ,470,45,1,3, , , ,2, ,2, ,2, ,2, ,2, ,2, , , , , , , , , , , , , , ,1,1723,"101,490822937699",5,518.0,"172,666666666667",1,1, ,1,1,7,17,6,0,0,170184900505,1701849005050701012,17018490050507010112,1701849005050701010212,202512,12
1,170150,170150,76,7,1,4,1,31,4,10,10,5,2, ,5,6,6, , , ,6,1, ,1,1, , , ,20,1, ,3,1,20,3,4, , , , , , , , ,5610,5120,2, ,3,2,2,2,2,2,2,2,2,2,2,2,0,1,1,3,1,1,1,20, , , , , , , , , , , ,5, , , , ,200,0,2, , , , ,2, ,2, ,2, ,2, ,2, ,2, , , , , , , , , , , , , , ,1,2512,"34,4155947961221",4,200.0,"84,1666666666667",2,1, ,1,5,9,17,1,1,0,170150357202,1701503572020760712,17015035720207607112,1701503572020760710412,202512,12
1,170150,170150,53,4,1,3,1,30,3,10,10,6,2, ,3,8,3, ,1,20710506,6,1, ,1,2,12,2, , , , , , , , , ,9,32, , , ,1,3,32,4520,3115,2, , , , , , , , , , , , , , , , , , , , , , , , , , , , , , , , ,5, , , , , , , , , , , ,2, ,2, ,2, ,2, ,2, ,2, ,2,2,2,1,1,2,2,2,2,2,2,2,3,1,2512,"62,1748443235362",5,0.0, ,7, ,1, , , ,17,1, , ,170150285202,1701502852020530401,17015028520205304101,1701502852020530410301,202501,1
1,170150,170150,67,5,1,2,2,35,2,10,10,5,2, ,3,6,6, , , ,6,1, ,2,1, , , ,40, ,1,4, , , , , , , , , , , , ,8121,9111,6,2, , , , , , , , , , , , ,12,8,1,1,3,2,1,40, , , , , , , , , , , ,5,200,2, ,0, , , , , , , ,2, ,2, ,2, ,2, ,2, ,2, , , , , , , , , , , , , , ,1,2512,"153,977005429434",4,200.0,"53,75",4,1, ,2,9,14,17,1,1,0,170150264602,1701502646020670509,17015026460206705109,1701502646020670510209,202509,9
1,170150,170150,67,7,1,2,1,34,3,10,10,6,2, ,2,8,3, ,1,20710506,6,1, ,2,1, , , ,50, ,1,4, , , , , , , , , , , , ,3100,7213,2, ,2,2,2,2,2,2,2,2,2,2,2,2,6,1,1,3,3,1,1,50, , , , , , , , , , , ,5, , , , ,600,0,2, , , , ,2, ,2, ,2, ,2, ,2, ,2, , , , , , , , , , , , , , ,1,2511,"26,1301230147537",5,600.0,565,1,1, ,1,7,3,17,1,0,0,170150089704,1701500897040670709,17015008970406707109,1701500897040670710209,202509,9
1,170150,170150,60,6,1,1,2,31,1,1,10,2,2, ,5,6,6, , , ,6,1, ,1,1, , , ,48, ,1,4, , , , , , , , , , , , ,6419,4211,2, ,3,2,2,2,1,1,1,2,2,2,1,1,9,1,2, , , ,1,48, , , , , , , , , , , ,1, , , , ,1500,80,1,20, , , ,2, ,1,310,2, ,2, ,2, ,2, , , , , , , , , , , , , , ,1,2512,"29,9797338352781",4,1600.0,"636,666666666667",1,1, ,1,4,11,17,1,0,0,170150260804,1701502608040600609,17015026080406006109,1701502608040600610109,202509,9
1,170150,170150,51,7,1,1,1,30,1,4,10,1,1,6, ,9,2, ,2, ,6,3,380,2,1, , , ,56, ,2,4, , , , , , , , , , , , ,8423,5412,1, ,1,2,2,2,1,2,1,2,2,2,1,1,7,1,2, , , ,1,40, , , , , , , , , , , ,4, , , , ,1400,200,2, , , , ,2, ,2, ,1,150,2, ,2, ,2, , , , , , , , , , , , , , ,1,2512,"33,1352469738673",5,1600.0,950,1,1, ,1,5,15,17,1,0,0,170150307101,1701503071010510703,17015030710105107103,1701503071010510710103,202503,3
1,170353,170353,55,3,1,1,1,34,1,10,10,1,2, ,5,6,6, , , ,6,2,50451,1,1, , , ,30,1, ,1,1,10,7, , , , , , , , , ,4322,7126,6,2, , , , , , , , , , , , ,5,8,1,1,3,2,1,30, , , , , , , , , , , ,5,440,2, ,40, , , , , , , ,2, ,2, ,1,70,2, ,2, ,2, , , , , , , , , , , , , , ,1,1711,"34,915128379367",4,400.0,"117,5",2,1, ,2,7,6,17,6,0,0,170353023602,1703530236020550311,17035302360205503111,1703530236020550310111,202511,11
1,170150,170150,52,8,1,1,2,33,1,1,10,1,2, ,2,10,2, ,1,50410308,6,2,130150,1,1, , , ,40, ,1,4, , , , , , , , , , , , ,8610,2221,2, ,2,1,2,1,1,1,1,2,2,1,1,1,7,1,2, , , ,1,40, , , , , , , , , , , ,1, , , , ,1300,160,1,160, , , ,2, ,2, ,2, ,2, ,2, ,2, , , , , , , , , , , , , , ,1,2512,"56,687038344594",5,1620.0,1638,1,1, ,1,2,17,17,1,0,0,170150201603,1701502016030520801,17015020160305208101,1701502016030520810101,202501,1
1,170150,170150,64,2,1,1,2,31,1,1,10,2,2, ,17,6,6, , , ,5,2,130350,1,2,12,2, , , , , , , , , ,11, ,8, ,4, , , , , , , , , , , , , , , , , , , , , , , , , , , , , , , , , , , , , , ,5, , , , , , , , , , , ,2, ,2, ,1,150,2, ,2, ,2, , , , , , , , , , , , , , ,1,2512,"15,8221468120552",4,0.0,150,9, , , , , ,17,1,0,0,170150269303,1701502693030640203,17015026930306402103,1701502693030640210103,202503,3
1,170150,170150,71,2,1,3,2,30,3,1,10,6,2, ,2,9,5, ,1,30410603,6,1, ,2,1, , , ,40, ,1,4, , , , , , , , , , , , ,2100,3322,2, ,3,2,2,2,1,2,1,2,2,2,1,1,5,1,2, , , ,1,40, , , , , , , , , , , ,1, , , , ,600,60,2, , , , ,2, ,2, ,2, ,2, ,2, ,2, , , , , , , , , , , , , , ,1,2511,"24,1594574005755",5,660.0,365,1,1, ,1,3,3,17,1,0,0,170150114803,1701501148030710210,17015011480307102110,1701501148030710210310,202510,10
1,170150,170150,72,10,1,1,1,34,1,10,10,1,2, ,5,4,5,1, , ,6,1, ,2,1, , , ,40, ,1,2,1,10,3,4, , , , , , , , ,4100,7112,4, ,6,2,2,2,2,2,2,2,2,2,2,2,20,2,1,10,4,3,1,40, , , , , , , , , , , ,5, , , , ,400,0,2, , , , ,2, ,2, ,2, ,2, ,2, ,2, , , , , , , , , , , , , , ,1,2513,"29,180041000738",3,400.0,"167,333333333333",3,1, ,4,7,6,17,1,0,0,170150090803,1701500908030721008,17015009080307210108,1701500908030721010108,202508,8
1,170150,170150,65,6,1,1,1,34,1,10,10,6,2, ,5,6,6, , , ,6,1, ,1,1, , , ,40, ,1,4, , , , , , , , , , , , ,2511,7214,2, ,2,1,2,2,2,1,2,2,2,2,2,2,0,1,1,3,2,1,1,40, , , , , , , , , , , ,5, , , , ,600,0,1,66, , , ,2, ,2, ,1,120,2, ,2, ,2, , , , , , , , , , , , , , ,1,2513,"40,1970956192218",4,666.0,786,1,1, ,1,7,3,17,1,0,0,170150036903,1701500369030650607,17015003690306506107,1701500369030650610107,202507,7
1,170150,170150,73,2,1,2,1,34,3,1,10,6,2, ,2,9,5, ,1,30410401,6,1, ,1,1, , , ,40, ,1,4, , , , , , , , , , , , ,5610,2431,2, ,2,1,2,2,1,2,1,2,2,2,1,1,0,1,1,35,1,1,1,40, , , , , , , , , , , ,1, , , , ,700,70,1,100, , , ,2, ,2, ,2, ,2, ,2, ,2, , , , , , , , , , , , , , ,1,2511,"14,1865808643568",5,870.0,700,1,1, ,1,2,9,17,1,0,0,170150202101,1701502021010730212,17015020210107302112,1701502021010730210212,202512,12
1,170150,170150,52,3,1,2,1,32,5,10,10,6,2, ,2,9,4, ,1,30410401,4,1, ,2,2,12,2, , , , , , , , , ,8,12, , , ,1,5,12,4921,1222,2, , , , , , , , , , , , , , , , , , , , , , , , , , , , , , , , ,5, , , , , , , , , , , ,2, ,2, ,2, ,2, ,2, ,2, ,2,2,1,1,1,2,2,2,2,2,2,2,2,1,2512,"40,2966767687322",5,0.0,"166,666666666667",7, ,1, , , ,17,1,0,0,170150080404,1701500804040520310,17015008040405203110,1701500804040520310210,202510,10
1,170150,170150,74,8,1,2,2,35,2,10,10,1,2, ,5,6,6, , , ,6,1, ,2,1, , , ,40, ,1,4, , , , , , , , , , , , ,4759,5230,2, ,2,2,2,2,2,2,2,2,2,2,2,2,4,1,1,4,1,1,1,40, , , , , , , , , , , ,5, , , , ,600,0,2, , , , ,2, ,2, ,2, ,2, ,2, ,2, , , , , , , , , , , , , , ,1,2513,"37,1480120980815",4,600.0,360,1,1, ,1,5,7,17,1,0,0,170150318901,1701503189010740810,17015031890107408110,1701503189010740810210,202510,10
